"Year","StockName","SeriesLabel","Values"
2003,"Nanaimo","Esc (AUC & MR)",1602
2004,"Nanaimo","Esc (Swim/Visual)",NA
2004,"Nanaimo","Esc (AUC & MR)",425
2005,"Nanaimo","Esc (Swim/Visual)",NA
2005,"Nanaimo","Esc (AUC & MR)",850
2006,"Nanaimo","Esc (Swim/Visual)",NA
2006,"Nanaimo","Esc (AUC & MR)",1938
2007,"Nanaimo","Esc (Swim/Visual)",NA
2007,"Nanaimo","Esc (AUC & MR)",2089
2008,"Nanaimo","Esc (Swim/Visual)",NA
2008,"Nanaimo","Esc (AUC & MR)",2535
2009,"Nanaimo","Esc (Swim/Visual)",NA
2009,"Nanaimo","Esc (AUC & MR)",1319
2010,"Nanaimo","Esc (Swim/Visual)",NA
2010,"Nanaimo","Esc (AUC & MR)",2045
2011,"Nanaimo","Esc (Swim/Visual)",NA
2011,"Nanaimo","Esc (AUC & MR)",3771
2012,"Nanaimo","Esc (Swim/Visual)",NA
2012,"Nanaimo","Esc (AUC & MR)",855
2013,"Nanaimo","Esc (Swim/Visual)",NA
2013,"Nanaimo","Esc (AUC & MR)",551
2014,"Nanaimo","Esc (Swim/Visual)",NA
2014,"Nanaimo","Esc (AUC & MR)",1564
2015,"Nanaimo","Esc (Swim/Visual)",NA
2015,"Nanaimo","Esc (AUC & MR)",2965
2016,"Nanaimo","Esc (Swim/Visual)",NA
2016,"Nanaimo","Esc (AUC & MR)",1798
2017,"Nanaimo","Esc (Swim/Visual)",NA
1975,"Situk","Esc",NA
1976,"Situk","Esc",1421
1977,"Situk","Esc",1732
1978,"Situk","Esc",808
1979,"Situk","Esc",1284
1980,"Situk","Esc",905
1981,"Situk","Esc",702
1982,"Situk","Esc",434
1983,"Situk","Esc",592
1984,"Situk","Esc",1726
1985,"Situk","Esc",1521
1986,"Situk","Esc",2067
1987,"Situk","Esc",1379
1988,"Situk","Esc",868
1989,"Situk","Esc",637
1990,"Situk","Esc",628
1991,"Situk","Esc",889
1992,"Situk","Esc",1595
1993,"Situk","Esc",952
1994,"Situk","Esc",1271
1995,"Situk","Esc",4330
1996,"Situk","Esc",1800
1997,"Situk","Esc",1878
1998,"Situk","Esc",924
1999,"Situk","Esc",1461
2000,"Situk","Esc",1785
2001,"Situk","Esc",656
2002,"Situk","Esc",1000
2003,"Situk","Esc",2117
2004,"Situk","Esc",757
2005,"Situk","Esc",610
2006,"Situk","Esc",747
2007,"Situk","Esc",677
2008,"Situk","Esc",413
2009,"Situk","Esc",902
2010,"Situk","Esc",197
2011,"Situk","Esc",240
2012,"Situk","Esc",322
2013,"Situk","Esc",912
2014,"Situk","Esc",475
2015,"Situk","Esc",174
2016,"Situk","Esc",329
2017,"Situk","Esc",1187
2018,"Situk","Esc",420
2019,"Situk","Esc",623
2020,"Situk","Esc",1197
2021,"Situk","Esc",1064
2022,"Situk","Esc",890
1975,"Alsek","Esc",NA
1976,"Alsek","Esc",5282
1977,"Alsek","Esc",12706
1978,"Alsek","Esc",12034
1979,"Alsek","Esc",17354
1980,"Alsek","Esc",10718
1981,"Alsek","Esc",8587
1982,"Alsek","Esc",9584
1983,"Alsek","Esc",10344
1984,"Alsek","Esc",7213
1985,"Alsek","Esc",6087
1986,"Alsek","Esc",11069
1987,"Alsek","Esc",11276
1988,"Alsek","Esc",8852
1989,"Alsek","Esc",10178
1990,"Alsek","Esc",8775
1991,"Alsek","Esc",11667
1992,"Alsek","Esc",5773
1993,"Alsek","Esc",13917
1994,"Alsek","Esc",15970
1995,"Alsek","Esc",24772
1996,"Alsek","Esc",15922
1997,"Alsek","Esc",12494
1998,"Alsek","Esc",6833
1999,"Alsek","Esc",14615
2000,"Alsek","Esc",7905
2001,"Alsek","Esc",6705
2002,"Alsek","Esc",5569
2003,"Alsek","Esc",5904
2004,"Alsek","Esc",7083
2005,"Alsek","Esc",4390
2006,"Alsek","Esc",2321
2007,"Alsek","Esc",2827
2008,"Alsek","Esc",1885
2009,"Alsek","Esc",6239
2010,"Alsek","Esc",9526
2011,"Alsek","Esc",6850
2012,"Alsek","Esc",3027
2013,"Alsek","Esc",4992
2014,"Alsek","Esc",3357
2015,"Alsek","Esc",5697
2016,"Alsek","Esc",2514
2017,"Alsek","Esc",1741
2018,"Alsek","Esc",4348
2019,"Alsek","Esc",6319
2020,"Alsek","Esc",5330
2021,"Alsek","Esc",5562
2022,"Alsek","Esc",3351
1975,"Taku","Esc",12920
1976,"Taku","Esc",24582
1977,"Taku","Esc",29497
1978,"Taku","Esc",17124
1979,"Taku","Esc",21617
1980,"Taku","Esc",39239
1981,"Taku","Esc",49559
1982,"Taku","Esc",23848
1983,"Taku","Esc",9794
1984,"Taku","Esc",20778
1985,"Taku","Esc",35916
1986,"Taku","Esc",38111
1987,"Taku","Esc",28935
1988,"Taku","Esc",44524
1989,"Taku","Esc",40329
1990,"Taku","Esc",52142
1991,"Taku","Esc",51645
1992,"Taku","Esc",55889
1993,"Taku","Esc",66125
1994,"Taku","Esc",48368
1995,"Taku","Esc",33805
1996,"Taku","Esc",79019
1997,"Taku","Esc",114938
1998,"Taku","Esc",31039
1999,"Taku","Esc",16786
2000,"Taku","Esc",34997
2001,"Taku","Esc",46544
2002,"Taku","Esc",55044
2003,"Taku","Esc",36435
2004,"Taku","Esc",75032
2005,"Taku","Esc",38725
2006,"Taku","Esc",42191
2007,"Taku","Esc",14749
2008,"Taku","Esc",26645
2009,"Taku","Esc",22761
2010,"Taku","Esc",28769
2011,"Taku","Esc",19672
2012,"Taku","Esc",16713
2013,"Taku","Esc",18002
2014,"Taku","Esc",23532
2015,"Taku","Esc",23567
2016,"Taku","Esc",9177
2017,"Taku","Esc",8214
2018,"Taku","Esc",7271
2019,"Taku","Esc",11558
2020,"Taku","Esc",15593
2021,"Taku","Esc",11341
2022,"Taku","Esc",12722
1975,"Stikine","Esc",7571
1976,"Stikine","Esc",5723
1977,"Stikine","Esc",11445
1978,"Stikine","Esc",6835
1979,"Stikine","Esc",12610
1980,"Stikine","Esc",30573
1981,"Stikine","Esc",36057
1982,"Stikine","Esc",40488
1983,"Stikine","Esc",6424
1984,"Stikine","Esc",13995
1985,"Stikine","Esc",16037
1986,"Stikine","Esc",14889
1987,"Stikine","Esc",24632
1988,"Stikine","Esc",37554
1989,"Stikine","Esc",24282
1990,"Stikine","Esc",22619
1991,"Stikine","Esc",23206
1992,"Stikine","Esc",34129
1993,"Stikine","Esc",58962
1994,"Stikine","Esc",33094
1995,"Stikine","Esc",16784
1996,"Stikine","Esc",28949
1997,"Stikine","Esc",26996
1998,"Stikine","Esc",25968
1999,"Stikine","Esc",19947
2000,"Stikine","Esc",27531
2001,"Stikine","Esc",63523
2002,"Stikine","Esc",50875
2003,"Stikine","Esc",46824
2004,"Stikine","Esc",48900
2005,"Stikine","Esc",39833
2006,"Stikine","Esc",24405
2007,"Stikine","Esc",14560
2008,"Stikine","Esc",18352
2009,"Stikine","Esc",12972
2010,"Stikine","Esc",15148
2011,"Stikine","Esc",14511
2012,"Stikine","Esc",22332
2013,"Stikine","Esc",16784
2014,"Stikine","Esc",24374
2015,"Stikine","Esc",21597
2016,"Stikine","Esc",10554
2017,"Stikine","Esc",7335
2018,"Stikine","Esc",8603
2019,"Stikine","Esc",13817
2020,"Stikine","Esc",9753
2021,"Stikine","Esc",8376
2022,"Stikine","Esc",9090
1975,"Chilkat","Esc",NA
1976,"Chilkat","Esc",NA
1977,"Chilkat","Esc",NA
1978,"Chilkat","Esc",NA
1979,"Chilkat","Esc",NA
1980,"Chilkat","Esc",NA
1981,"Chilkat","Esc",NA
1982,"Chilkat","Esc",NA
1983,"Chilkat","Esc",NA
1984,"Chilkat","Esc",NA
1985,"Chilkat","Esc",NA
1986,"Chilkat","Esc",NA
1987,"Chilkat","Esc",NA
1988,"Chilkat","Esc",NA
1989,"Chilkat","Esc",NA
1990,"Chilkat","Esc",NA
1991,"Chilkat","Esc",5882
1992,"Chilkat","Esc",5277
1993,"Chilkat","Esc",4463
1994,"Chilkat","Esc",6792
1995,"Chilkat","Esc",3768
1996,"Chilkat","Esc",4902
1997,"Chilkat","Esc",8089
1998,"Chilkat","Esc",3656
1999,"Chilkat","Esc",2258
2000,"Chilkat","Esc",2029
2001,"Chilkat","Esc",4514
2002,"Chilkat","Esc",4034
2003,"Chilkat","Esc",5631
2004,"Chilkat","Esc",3406
2005,"Chilkat","Esc",3361
2006,"Chilkat","Esc",3003
2007,"Chilkat","Esc",1435
2008,"Chilkat","Esc",2881
2009,"Chilkat","Esc",4406
2010,"Chilkat","Esc",1797
2011,"Chilkat","Esc",2674
2012,"Chilkat","Esc",1723
2013,"Chilkat","Esc",1719
2014,"Chilkat","Esc",1529
2015,"Chilkat","Esc",2452
2016,"Chilkat","Esc",1380
2017,"Chilkat","Esc",1173
2018,"Chilkat","Esc",873
2019,"Chilkat","Esc",2028
2020,"Chilkat","Esc",3180
2021,"Chilkat","Esc",2038
2022,"Chilkat","Esc",1582
1975,"Unuk","Esc",NA
1976,"Unuk","Esc",NA
1977,"Unuk","Esc",4706
1978,"Unuk","Esc",5344
1979,"Unuk","Esc",2783
1980,"Unuk","Esc",4909
1981,"Unuk","Esc",3532
1982,"Unuk","Esc",6528
1983,"Unuk","Esc",5436
1984,"Unuk","Esc",8876
1985,"Unuk","Esc",5721
1986,"Unuk","Esc",10273
1987,"Unuk","Esc",9533
1988,"Unuk","Esc",8437
1989,"Unuk","Esc",5552
1990,"Unuk","Esc",2856
1991,"Unuk","Esc",3165
1992,"Unuk","Esc",4223
1993,"Unuk","Esc",5160
1994,"Unuk","Esc",3435
1995,"Unuk","Esc",3730
1996,"Unuk","Esc",5639
1997,"Unuk","Esc",2970
1998,"Unuk","Esc",4132
1999,"Unuk","Esc",3914
2000,"Unuk","Esc",5872
2001,"Unuk","Esc",10541
2002,"Unuk","Esc",6988
2003,"Unuk","Esc",5546
2004,"Unuk","Esc",3963
2005,"Unuk","Esc",4742
2006,"Unuk","Esc",5645
2007,"Unuk","Esc",5668
2008,"Unuk","Esc",3104
2009,"Unuk","Esc",3157
2010,"Unuk","Esc",3835
2011,"Unuk","Esc",3195
2012,"Unuk","Esc",956
2013,"Unuk","Esc",1135
2014,"Unuk","Esc",1691
2015,"Unuk","Esc",2623
2016,"Unuk","Esc",1463
2017,"Unuk","Esc",1203
2018,"Unuk","Esc",1971
2019,"Unuk","Esc",3115
2020,"Unuk","Esc",1135
2021,"Unuk","Esc",2666
2022,"Unuk","Esc",1304
1975,"Nass","Esc",14895
1976,"Nass","Esc",13819
1977,"Nass","Esc",14288
1978,"Nass","Esc",16885
1979,"Nass","Esc",12783
1980,"Nass","Esc",14855
1981,"Nass","Esc",13925
1982,"Nass","Esc",10359
1983,"Nass","Esc",16301
1984,"Nass","Esc",24967
1985,"Nass","Esc",19694
1986,"Nass","Esc",38661
1987,"Nass","Esc",21470
1988,"Nass","Esc",16848
1989,"Nass","Esc",29201
1990,"Nass","Esc",26511
1991,"Nass","Esc",7926
1992,"Nass","Esc",17716
1993,"Nass","Esc",25853
1994,"Nass","Esc",24872
1995,"Nass","Esc",8817
1996,"Nass","Esc",22950
1997,"Nass","Esc",20337
1998,"Nass","Esc",24675
1999,"Nass","Esc",12526
2000,"Nass","Esc",19348
2001,"Nass","Esc",32340
2002,"Nass","Esc",14804
2003,"Nass","Esc",28274
2004,"Nass","Esc",16875
2005,"Nass","Esc",15571
2006,"Nass","Esc",28061
2007,"Nass","Esc",24964
2008,"Nass","Esc",22138
2009,"Nass","Esc",29576
2010,"Nass","Esc",20729
2011,"Nass","Esc",10826
2012,"Nass","Esc",9797
2013,"Nass","Esc",9034
2014,"Nass","Esc",12979
2015,"Nass","Esc",20595
2016,"Nass","Esc",10192
2017,"Nass","Esc",4984
2018,"Nass","Esc",16319
2019,"Nass","Esc",11833
2020,"Nass","Esc",14315
2021,"Nass","Esc",12742
2022,"Nass","Esc",17990
1975,"Skeena","Esc Index",20319
1975,"Skeena","GSI Esc",NA
1976,"Skeena","Esc Index",13078
1976,"Skeena","GSI Esc",NA
1977,"Skeena","Esc Index",29018
1977,"Skeena","GSI Esc",NA
1978,"Skeena","Esc Index",22661
1978,"Skeena","GSI Esc",NA
1979,"Skeena","Esc Index",17507
1979,"Skeena","GSI Esc",NA
1980,"Skeena","Esc Index",20770
1980,"Skeena","GSI Esc",NA
1981,"Skeena","Esc Index",24928
1981,"Skeena","GSI Esc",NA
1982,"Skeena","Esc Index",17458
1982,"Skeena","GSI Esc",NA
1983,"Skeena","Esc Index",24238
1983,"Skeena","GSI Esc",NA
1984,"Skeena","Esc Index",37598
1984,"Skeena","GSI Esc",37792
1985,"Skeena","Esc Index",53599
1985,"Skeena","GSI Esc",34728
1986,"Skeena","Esc Index",59968
1986,"Skeena","GSI Esc",23987
1987,"Skeena","Esc Index",59120
1987,"Skeena","GSI Esc",96457
1988,"Skeena","Esc Index",68705
1988,"Skeena","GSI Esc",61199
1989,"Skeena","Esc Index",57202
1989,"Skeena","GSI Esc",71957
1990,"Skeena","Esc Index",55976
1990,"Skeena","GSI Esc",34554
1991,"Skeena","Esc Index",52753
1991,"Skeena","GSI Esc",41818
1992,"Skeena","Esc Index",63392
1992,"Skeena","GSI Esc",89002
1993,"Skeena","Esc Index",66977
1993,"Skeena","GSI Esc",111702
1994,"Skeena","Esc Index",48782
1994,"Skeena","GSI Esc",87631
1995,"Skeena","Esc Index",34390
1995,"Skeena","GSI Esc",55615
1996,"Skeena","Esc Index",73684
1996,"Skeena","GSI Esc",103124
1997,"Skeena","Esc Index",42539
1997,"Skeena","GSI Esc",49420
1998,"Skeena","Esc Index",46744
1998,"Skeena","GSI Esc",39343
1999,"Skeena","Esc Index",43775
1999,"Skeena","GSI Esc",48290
2000,"Skeena","Esc Index",51720
2000,"Skeena","GSI Esc",62279
2001,"Skeena","Esc Index",81504
2001,"Skeena","GSI Esc",106165
2002,"Skeena","Esc Index",44771
2002,"Skeena","GSI Esc",38695
2003,"Skeena","Esc Index",56758
2003,"Skeena","GSI Esc",82184
2004,"Skeena","Esc Index",44243
2004,"Skeena","GSI Esc",105887
2005,"Skeena","Esc Index",29496
2005,"Skeena","GSI Esc",56961
2006,"Skeena","Esc Index",33094
2006,"Skeena","GSI Esc",55156
2007,"Skeena","Esc Index",33352
2007,"Skeena","GSI Esc",62320
2008,"Skeena","Esc Index",32963
2008,"Skeena","GSI Esc",44901
2009,"Skeena","Esc Index",38297
2009,"Skeena","GSI Esc",61888
2010,"Skeena","Esc Index",43331
2010,"Skeena","GSI Esc",63977
2011,"Skeena","Esc Index",37073
2011,"Skeena","GSI Esc",28420
2012,"Skeena","Esc Index",34024
2012,"Skeena","GSI Esc",21660
2013,"Skeena","Esc Index",26699
2013,"Skeena","GSI Esc",40772
2014,"Skeena","Esc Index",28496
2014,"Skeena","GSI Esc",43164
2015,"Skeena","Esc Index",41658
2015,"Skeena","GSI Esc",55284
2016,"Skeena","Esc Index",34153
2016,"Skeena","GSI Esc",28238
2017,"Skeena","Esc Index",18480
2017,"Skeena","GSI Esc",14715
2018,"Skeena","Esc Index",35005
2018,"Skeena","GSI Esc",35059
2019,"Skeena","Esc Index",24536
2019,"Skeena","GSI Esc",20193
2020,"Skeena","Esc Index",13386
2020,"Skeena","GSI Esc",16243
2021,"Skeena","Esc Index",9724
2021,"Skeena","GSI Esc",20097
2022,"Skeena","Esc Index",NA
2022,"Skeena","GSI Esc",24724
1975,"Kitsumkalum","Esc",NA
1976,"Kitsumkalum","Esc",NA
1977,"Kitsumkalum","Esc",NA
1978,"Kitsumkalum","Esc",NA
1979,"Kitsumkalum","Esc",NA
1980,"Kitsumkalum","Esc",NA
1981,"Kitsumkalum","Esc",NA
1982,"Kitsumkalum","Esc",NA
1983,"Kitsumkalum","Esc",NA
1984,"Kitsumkalum","Esc",9569
1985,"Kitsumkalum","Esc",9081.0087890625
1986,"Kitsumkalum","Esc",8080.55322265625
1987,"Kitsumkalum","Esc",15549.013671875
1988,"Kitsumkalum","Esc",15853
1989,"Kitsumkalum","Esc",17822.767578125
1990,"Kitsumkalum","Esc",11118.9462890625
1991,"Kitsumkalum","Esc",9267.21484375
1992,"Kitsumkalum","Esc",10879.5078125
1993,"Kitsumkalum","Esc",13181.0537109375
1994,"Kitsumkalum","Esc",14003.2958984375
1995,"Kitsumkalum","Esc",6514.6318359375
1996,"Kitsumkalum","Esc",8594.546875
1997,"Kitsumkalum","Esc",4675.111328125
1998,"Kitsumkalum","Esc",6008.95556640625
1999,"Kitsumkalum","Esc",9034.9462890625
2000,"Kitsumkalum","Esc",10178.240234375
2001,"Kitsumkalum","Esc",17865.765625
2002,"Kitsumkalum","Esc",11219.654296875
2003,"Kitsumkalum","Esc",17524.69140625
2004,"Kitsumkalum","Esc",19664.087890625
2005,"Kitsumkalum","Esc",11381.6435546875
2006,"Kitsumkalum","Esc",8396.0751953125
2007,"Kitsumkalum","Esc",11739.1328125
2008,"Kitsumkalum","Esc",6903.1826171875
2009,"Kitsumkalum","Esc",8349.7841796875
2010,"Kitsumkalum","Esc",8932.287109375
2011,"Kitsumkalum","Esc",6755.4599609375
2012,"Kitsumkalum","Esc",6290.65234375
2013,"Kitsumkalum","Esc",11355.9365234375
2014,"Kitsumkalum","Esc",10042.36328125
2015,"Kitsumkalum","Esc",14904.5048828125
2016,"Kitsumkalum","Esc",9537.8564453125
2017,"Kitsumkalum","Esc",4131.8486328125
2018,"Kitsumkalum","Esc",9549.578125
2019,"Kitsumkalum","Esc",6673.3349609375
2020,"Kitsumkalum","Esc",4777
2021,"Kitsumkalum","Esc",4032
2022,"Kitsumkalum","Esc",5649
1975,"Wannock","Esc",3000
1976,"Wannock","Esc",1500
1977,"Wannock","Esc",1400
1978,"Wannock","Esc",2000
1979,"Wannock","Esc",2000
1980,"Wannock","Esc",2000
1981,"Wannock","Esc",3000
1982,"Wannock","Esc",750
1983,"Wannock","Esc",1750
1984,"Wannock","Esc",750
1985,"Wannock","Esc",1300
1986,"Wannock","Esc",7000
1987,"Wannock","Esc",4500
1988,"Wannock","Esc",4000
1989,"Wannock","Esc",3000
1990,"Wannock","Esc",3500
1991,"Wannock","Esc",2000
1992,"Wannock","Esc",7500
1993,"Wannock","Esc",8000
1994,"Wannock","Esc",3500
1995,"Wannock","Esc",3000
1996,"Wannock","Esc",2500
1997,"Wannock","Esc",4000
1998,"Wannock","Esc",3500
1999,"Wannock","Esc",500
2000,"Wannock","Esc",4500
2001,"Wannock","Esc",3000
2002,"Wannock","Esc",2800
2003,"Wannock","Esc",1000
2004,"Wannock","Esc",3000
2005,"Wannock","Esc",4500
2006,"Wannock","Esc",3000
2007,"Wannock","Esc",4500
2008,"Wannock","Esc",5000
2009,"Wannock","Esc",3800
2010,"Wannock","Esc",4000
2011,"Wannock","Esc",4200
2012,"Wannock","Esc",3800
2013,"Wannock","Esc",4000
2014,"Wannock","Esc",3743
2015,"Wannock","Esc",5054
2016,"Wannock","Esc",3603
2017,"Wannock","Esc",3171
2018,"Wannock","Esc",3160
2019,"Wannock","Esc",3061
2020,"Wannock","Esc",3596
2021,"Wannock","Esc",3087
2022,"Wannock","Esc",3136
1975,"Chuckwalla + Killbella","Esc",150
1976,"Chuckwalla + Killbella","Esc",100
1977,"Chuckwalla + Killbella","Esc",550
1978,"Chuckwalla + Killbella","Esc",500
1979,"Chuckwalla + Killbella","Esc",50
1980,"Chuckwalla + Killbella","Esc",NA
1981,"Chuckwalla + Killbella","Esc",100
1982,"Chuckwalla + Killbella","Esc",950
1983,"Chuckwalla + Killbella","Esc",1400
1984,"Chuckwalla + Killbella","Esc",575
1985,"Chuckwalla + Killbella","Esc",340
1986,"Chuckwalla + Killbella","Esc",175
1987,"Chuckwalla + Killbella","Esc",700
1988,"Chuckwalla + Killbella","Esc",375
1989,"Chuckwalla + Killbella","Esc",48
1990,"Chuckwalla + Killbella","Esc",120
1991,"Chuckwalla + Killbella","Esc",125
1992,"Chuckwalla + Killbella","Esc",550
1993,"Chuckwalla + Killbella","Esc",375
1994,"Chuckwalla + Killbella","Esc",300
1995,"Chuckwalla + Killbella","Esc",100
1996,"Chuckwalla + Killbella","Esc",500
1997,"Chuckwalla + Killbella","Esc",920
1998,"Chuckwalla + Killbella","Esc",1780
1999,"Chuckwalla + Killbella","Esc",2163
2000,"Chuckwalla + Killbella","Esc",2130
2001,"Chuckwalla + Killbella","Esc",1998
2002,"Chuckwalla + Killbella","Esc",2200
2003,"Chuckwalla + Killbella","Esc",900
2004,"Chuckwalla + Killbella","Esc",950
2005,"Chuckwalla + Killbella","Esc",1085
2006,"Chuckwalla + Killbella","Esc",930
2007,"Chuckwalla + Killbella","Esc",500
2008,"Chuckwalla + Killbella","Esc",530
2009,"Chuckwalla + Killbella","Esc",550
2010,"Chuckwalla + Killbella","Esc",225
2011,"Chuckwalla + Killbella","Esc",200
2012,"Chuckwalla + Killbella","Esc",342
2013,"Chuckwalla + Killbella","Esc",672
2014,"Chuckwalla + Killbella","Esc",450
2015,"Chuckwalla + Killbella","Esc",274
2016,"Chuckwalla + Killbella","Esc",622
2017,"Chuckwalla + Killbella","Esc",267
2018,"Chuckwalla + Killbella","Esc",802
2019,"Chuckwalla + Killbella","Esc",795
2020,"Chuckwalla + Killbella","Esc",831
2021,"Chuckwalla + Killbella","Esc",797
2022,"Chuckwalla + Killbella","Esc",800
1975,"Atnarko Wild","Calib. Wild Adult Esc",NA
1975,"Atnarko Wild","MR Wild Adult Esc",NA
1976,"Atnarko Wild","Calib. Wild Adult Esc",NA
1976,"Atnarko Wild","MR Wild Adult Esc",NA
1977,"Atnarko Wild","Calib. Wild Adult Esc",NA
1977,"Atnarko Wild","MR Wild Adult Esc",NA
1978,"Atnarko Wild","Calib. Wild Adult Esc",NA
1978,"Atnarko Wild","MR Wild Adult Esc",NA
1979,"Atnarko Wild","Calib. Wild Adult Esc",NA
1979,"Atnarko Wild","MR Wild Adult Esc",NA
1980,"Atnarko Wild","Calib. Wild Adult Esc",NA
1980,"Atnarko Wild","MR Wild Adult Esc",NA
1981,"Atnarko Wild","Calib. Wild Adult Esc",NA
1981,"Atnarko Wild","MR Wild Adult Esc",NA
1982,"Atnarko Wild","Calib. Wild Adult Esc",NA
1982,"Atnarko Wild","MR Wild Adult Esc",NA
1983,"Atnarko Wild","Calib. Wild Adult Esc",NA
1983,"Atnarko Wild","MR Wild Adult Esc",NA
1984,"Atnarko Wild","Calib. Wild Adult Esc",NA
1984,"Atnarko Wild","MR Wild Adult Esc",NA
1985,"Atnarko Wild","Calib. Wild Adult Esc",NA
1985,"Atnarko Wild","MR Wild Adult Esc",NA
1986,"Atnarko Wild","Calib. Wild Adult Esc",NA
1986,"Atnarko Wild","MR Wild Adult Esc",NA
1987,"Atnarko Wild","Calib. Wild Adult Esc",NA
1987,"Atnarko Wild","MR Wild Adult Esc",NA
1988,"Atnarko Wild","Calib. Wild Adult Esc",NA
1988,"Atnarko Wild","MR Wild Adult Esc",NA
1989,"Atnarko Wild","Calib. Wild Adult Esc",NA
1989,"Atnarko Wild","MR Wild Adult Esc",NA
1990,"Atnarko Wild","Calib. Wild Adult Esc",11630
1990,"Atnarko Wild","MR Wild Adult Esc",NA
1991,"Atnarko Wild","Calib. Wild Adult Esc",8952
1991,"Atnarko Wild","MR Wild Adult Esc",NA
1992,"Atnarko Wild","Calib. Wild Adult Esc",22015
1992,"Atnarko Wild","MR Wild Adult Esc",NA
1993,"Atnarko Wild","Calib. Wild Adult Esc",20961
1993,"Atnarko Wild","MR Wild Adult Esc",NA
1994,"Atnarko Wild","Calib. Wild Adult Esc",12257
1994,"Atnarko Wild","MR Wild Adult Esc",NA
1995,"Atnarko Wild","Calib. Wild Adult Esc",8150
1995,"Atnarko Wild","MR Wild Adult Esc",NA
1996,"Atnarko Wild","Calib. Wild Adult Esc",5962
1996,"Atnarko Wild","MR Wild Adult Esc",NA
1997,"Atnarko Wild","Calib. Wild Adult Esc",4013
1997,"Atnarko Wild","MR Wild Adult Esc",NA
1998,"Atnarko Wild","Calib. Wild Adult Esc",6094
1998,"Atnarko Wild","MR Wild Adult Esc",NA
1999,"Atnarko Wild","Calib. Wild Adult Esc",7199
1999,"Atnarko Wild","MR Wild Adult Esc",NA
2000,"Atnarko Wild","Calib. Wild Adult Esc",9964
2000,"Atnarko Wild","MR Wild Adult Esc",NA
2001,"Atnarko Wild","Calib. Wild Adult Esc",NA
2001,"Atnarko Wild","MR Wild Adult Esc",16743
2002,"Atnarko Wild","Calib. Wild Adult Esc",NA
2002,"Atnarko Wild","MR Wild Adult Esc",8550
2003,"Atnarko Wild","Calib. Wild Adult Esc",NA
2003,"Atnarko Wild","MR Wild Adult Esc",10136
2004,"Atnarko Wild","Calib. Wild Adult Esc",8230
2004,"Atnarko Wild","MR Wild Adult Esc",NA
2005,"Atnarko Wild","Calib. Wild Adult Esc",7619
2005,"Atnarko Wild","MR Wild Adult Esc",NA
2006,"Atnarko Wild","Calib. Wild Adult Esc",9565
2006,"Atnarko Wild","MR Wild Adult Esc",NA
2007,"Atnarko Wild","Calib. Wild Adult Esc",5799
2007,"Atnarko Wild","MR Wild Adult Esc",NA
2008,"Atnarko Wild","Calib. Wild Adult Esc",5517
2008,"Atnarko Wild","MR Wild Adult Esc",NA
2009,"Atnarko Wild","Calib. Wild Adult Esc",NA
2009,"Atnarko Wild","MR Wild Adult Esc",6331
2010,"Atnarko Wild","Calib. Wild Adult Esc",NA
2010,"Atnarko Wild","MR Wild Adult Esc",5683
2011,"Atnarko Wild","Calib. Wild Adult Esc",NA
2011,"Atnarko Wild","MR Wild Adult Esc",6061
2012,"Atnarko Wild","Calib. Wild Adult Esc",NA
2012,"Atnarko Wild","MR Wild Adult Esc",2542
2013,"Atnarko Wild","Calib. Wild Adult Esc",NA
2013,"Atnarko Wild","MR Wild Adult Esc",9860
2014,"Atnarko Wild","Calib. Wild Adult Esc",NA
2014,"Atnarko Wild","MR Wild Adult Esc",11935
2015,"Atnarko Wild","Calib. Wild Adult Esc",NA
2015,"Atnarko Wild","MR Wild Adult Esc",13640
2016,"Atnarko Wild","Calib. Wild Adult Esc",NA
2016,"Atnarko Wild","MR Wild Adult Esc",9936
2017,"Atnarko Wild","Calib. Wild Adult Esc",NA
2017,"Atnarko Wild","MR Wild Adult Esc",5418
2018,"Atnarko Wild","Calib. Wild Adult Esc",NA
2018,"Atnarko Wild","MR Wild Adult Esc",5328
2019,"Atnarko Wild","Calib. Wild Adult Esc",NA
2019,"Atnarko Wild","MR Wild Adult Esc",4587
2020,"Atnarko Wild","Calib. Wild Adult Esc",NA
2020,"Atnarko Wild","MR Wild Adult Esc",9835
2021,"Atnarko Wild","Calib. Wild Adult Esc",NA
2021,"Atnarko Wild","MR Wild Adult Esc",4779
2022,"Atnarko Wild","Calib. Wild Adult Esc",NA
2022,"Atnarko Wild","MR Wild Adult Esc",5139
1975,"WCVI 14 Stream Index","Esc",NA
1976,"WCVI 14 Stream Index","Esc",NA
1977,"WCVI 14 Stream Index","Esc",NA
1978,"WCVI 14 Stream Index","Esc",NA
1979,"WCVI 14 Stream Index","Esc",3334
1980,"WCVI 14 Stream Index","Esc",7678
1981,"WCVI 14 Stream Index","Esc",6516
1982,"WCVI 14 Stream Index","Esc",7827
1983,"WCVI 14 Stream Index","Esc",3770
1984,"WCVI 14 Stream Index","Esc",5450
1985,"WCVI 14 Stream Index","Esc",4548
1986,"WCVI 14 Stream Index","Esc",4176
1987,"WCVI 14 Stream Index","Esc",3774
1988,"WCVI 14 Stream Index","Esc",6784
1989,"WCVI 14 Stream Index","Esc",7908
1990,"WCVI 14 Stream Index","Esc",6737
1991,"WCVI 14 Stream Index","Esc",8164
1992,"WCVI 14 Stream Index","Esc",8929
1993,"WCVI 14 Stream Index","Esc",9980
1994,"WCVI 14 Stream Index","Esc",8097
1995,"WCVI 14 Stream Index","Esc",5964
1996,"WCVI 14 Stream Index","Esc",9449
1997,"WCVI 14 Stream Index","Esc",11563
1998,"WCVI 14 Stream Index","Esc",21021
1999,"WCVI 14 Stream Index","Esc",15779
2000,"WCVI 14 Stream Index","Esc",6373
2001,"WCVI 14 Stream Index","Esc",6811
2002,"WCVI 14 Stream Index","Esc",11112
2003,"WCVI 14 Stream Index","Esc",12071
2004,"WCVI 14 Stream Index","Esc",19790
2005,"WCVI 14 Stream Index","Esc",7410
2006,"WCVI 14 Stream Index","Esc",13676
2007,"WCVI 14 Stream Index","Esc",8039
2008,"WCVI 14 Stream Index","Esc",7851
2009,"WCVI 14 Stream Index","Esc",12040
2010,"WCVI 14 Stream Index","Esc",11482
2011,"WCVI 14 Stream Index","Esc",10511
2012,"WCVI 14 Stream Index","Esc",8999
2013,"WCVI 14 Stream Index","Esc",16670
2014,"WCVI 14 Stream Index","Esc",11037
2015,"WCVI 14 Stream Index","Esc",23366
2016,"WCVI 14 Stream Index","Esc",22006
2017,"WCVI 14 Stream Index","Esc",17727
2018,"WCVI 14 Stream Index","Esc",12173
2019,"WCVI 14 Stream Index","Esc",15891
2020,"WCVI 14 Stream Index","Esc",12077
2021,"WCVI 14 Stream Index","Esc",16168
2022,"WCVI 14 Stream Index","Esc",13377
1975,"North West Vancouver Island","Colonial-Cayeagle",NA
1975,"North West Vancouver Island","Artlish",25
1975,"North West Vancouver Island","Kaouk",75
1975,"North West Vancouver Island","Tahsish",25
1975,"North West Vancouver Island","NWVI Total",125
1976,"North West Vancouver Island","Colonial-Cayeagle",1
1976,"North West Vancouver Island","Artlish",25
1976,"North West Vancouver Island","Kaouk",25
1976,"North West Vancouver Island","Tahsish",25
1976,"North West Vancouver Island","NWVI Total",76
1977,"North West Vancouver Island","Colonial-Cayeagle",NA
1977,"North West Vancouver Island","Artlish",60
1977,"North West Vancouver Island","Kaouk",75
1977,"North West Vancouver Island","Tahsish",100
1977,"North West Vancouver Island","NWVI Total",235
1978,"North West Vancouver Island","Colonial-Cayeagle",NA
1978,"North West Vancouver Island","Artlish",50
1978,"North West Vancouver Island","Kaouk",50
1978,"North West Vancouver Island","Tahsish",50
1978,"North West Vancouver Island","NWVI Total",150
1979,"North West Vancouver Island","Colonial-Cayeagle",30
1979,"North West Vancouver Island","Artlish",40
1979,"North West Vancouver Island","Kaouk",60
1979,"North West Vancouver Island","Tahsish",200
1979,"North West Vancouver Island","NWVI Total",330
1980,"North West Vancouver Island","Colonial-Cayeagle",NA
1980,"North West Vancouver Island","Artlish",100
1980,"North West Vancouver Island","Kaouk",100
1980,"North West Vancouver Island","Tahsish",200
1980,"North West Vancouver Island","NWVI Total",400
1981,"North West Vancouver Island","Colonial-Cayeagle",6
1981,"North West Vancouver Island","Artlish",500
1981,"North West Vancouver Island","Kaouk",100
1981,"North West Vancouver Island","Tahsish",1000
1981,"North West Vancouver Island","NWVI Total",1606
1982,"North West Vancouver Island","Colonial-Cayeagle",12
1982,"North West Vancouver Island","Artlish",100
1982,"North West Vancouver Island","Kaouk",100
1982,"North West Vancouver Island","Tahsish",1000
1982,"North West Vancouver Island","NWVI Total",1212
1983,"North West Vancouver Island","Colonial-Cayeagle",1
1983,"North West Vancouver Island","Artlish",400
1983,"North West Vancouver Island","Kaouk",300
1983,"North West Vancouver Island","Tahsish",500
1983,"North West Vancouver Island","NWVI Total",1201
1984,"North West Vancouver Island","Colonial-Cayeagle",NA
1984,"North West Vancouver Island","Artlish",650
1984,"North West Vancouver Island","Kaouk",400
1984,"North West Vancouver Island","Tahsish",1500
1984,"North West Vancouver Island","NWVI Total",2550
1985,"North West Vancouver Island","Colonial-Cayeagle",NA
1985,"North West Vancouver Island","Artlish",400
1985,"North West Vancouver Island","Kaouk",300
1985,"North West Vancouver Island","Tahsish",1200
1985,"North West Vancouver Island","NWVI Total",1900
1986,"North West Vancouver Island","Colonial-Cayeagle",2
1986,"North West Vancouver Island","Artlish",100
1986,"North West Vancouver Island","Kaouk",100
1986,"North West Vancouver Island","Tahsish",1000
1986,"North West Vancouver Island","NWVI Total",1202
1987,"North West Vancouver Island","Colonial-Cayeagle",2
1987,"North West Vancouver Island","Artlish",100
1987,"North West Vancouver Island","Kaouk",100
1987,"North West Vancouver Island","Tahsish",500
1987,"North West Vancouver Island","NWVI Total",702
1988,"North West Vancouver Island","Colonial-Cayeagle",NA
1988,"North West Vancouver Island","Artlish",86
1988,"North West Vancouver Island","Kaouk",112
1988,"North West Vancouver Island","Tahsish",400
1988,"North West Vancouver Island","NWVI Total",598
1989,"North West Vancouver Island","Colonial-Cayeagle",NA
1989,"North West Vancouver Island","Artlish",40
1989,"North West Vancouver Island","Kaouk",30
1989,"North West Vancouver Island","Tahsish",450
1989,"North West Vancouver Island","NWVI Total",520
1990,"North West Vancouver Island","Colonial-Cayeagle",NA
1990,"North West Vancouver Island","Artlish",50
1990,"North West Vancouver Island","Kaouk",10
1990,"North West Vancouver Island","Tahsish",200
1990,"North West Vancouver Island","NWVI Total",260
1991,"North West Vancouver Island","Colonial-Cayeagle",9
1991,"North West Vancouver Island","Artlish",20
1991,"North West Vancouver Island","Kaouk",20
1991,"North West Vancouver Island","Tahsish",120
1991,"North West Vancouver Island","NWVI Total",169
1992,"North West Vancouver Island","Colonial-Cayeagle",NA
1992,"North West Vancouver Island","Artlish",10
1992,"North West Vancouver Island","Kaouk",80
1992,"North West Vancouver Island","Tahsish",600
1992,"North West Vancouver Island","NWVI Total",690
1993,"North West Vancouver Island","Colonial-Cayeagle",100
1993,"North West Vancouver Island","Artlish",10
1993,"North West Vancouver Island","Kaouk",20
1993,"North West Vancouver Island","Tahsish",250
1993,"North West Vancouver Island","NWVI Total",380
1994,"North West Vancouver Island","Colonial-Cayeagle",24
1994,"North West Vancouver Island","Artlish",100
1994,"North West Vancouver Island","Kaouk",150
1994,"North West Vancouver Island","Tahsish",250
1994,"North West Vancouver Island","NWVI Total",524
1995,"North West Vancouver Island","Colonial-Cayeagle",75
1995,"North West Vancouver Island","Artlish",99
1995,"North West Vancouver Island","Kaouk",266
1995,"North West Vancouver Island","Tahsish",600
1995,"North West Vancouver Island","NWVI Total",1040
1996,"North West Vancouver Island","Colonial-Cayeagle",70
1996,"North West Vancouver Island","Artlish",53
1996,"North West Vancouver Island","Kaouk",219
1996,"North West Vancouver Island","Tahsish",288
1996,"North West Vancouver Island","NWVI Total",630
1997,"North West Vancouver Island","Colonial-Cayeagle",36
1997,"North West Vancouver Island","Artlish",402
1997,"North West Vancouver Island","Kaouk",558
1997,"North West Vancouver Island","Tahsish",523
1997,"North West Vancouver Island","NWVI Total",1519
1998,"North West Vancouver Island","Colonial-Cayeagle",171
1998,"North West Vancouver Island","Artlish",300
1998,"North West Vancouver Island","Kaouk",824
1998,"North West Vancouver Island","Tahsish",1430
1998,"North West Vancouver Island","NWVI Total",2725
1999,"North West Vancouver Island","Colonial-Cayeagle",883
1999,"North West Vancouver Island","Artlish",539
1999,"North West Vancouver Island","Kaouk",453
1999,"North West Vancouver Island","Tahsish",879
1999,"North West Vancouver Island","NWVI Total",2754
2000,"North West Vancouver Island","Colonial-Cayeagle",530
2000,"North West Vancouver Island","Artlish",75
2000,"North West Vancouver Island","Kaouk",105
2000,"North West Vancouver Island","Tahsish",391
2000,"North West Vancouver Island","NWVI Total",1101
2001,"North West Vancouver Island","Colonial-Cayeagle",571
2001,"North West Vancouver Island","Artlish",139
2001,"North West Vancouver Island","Kaouk",409
2001,"North West Vancouver Island","Tahsish",237
2001,"North West Vancouver Island","NWVI Total",1356
2002,"North West Vancouver Island","Colonial-Cayeagle",383
2002,"North West Vancouver Island","Artlish",41
2002,"North West Vancouver Island","Kaouk",251
2002,"North West Vancouver Island","Tahsish",308
2002,"North West Vancouver Island","NWVI Total",983
2003,"North West Vancouver Island","Colonial-Cayeagle",600
2003,"North West Vancouver Island","Artlish",379
2003,"North West Vancouver Island","Kaouk",358
2003,"North West Vancouver Island","Tahsish",440
2003,"North West Vancouver Island","NWVI Total",1777
2004,"North West Vancouver Island","Colonial-Cayeagle",1369
2004,"North West Vancouver Island","Artlish",454
2004,"North West Vancouver Island","Kaouk",301
2004,"North West Vancouver Island","Tahsish",495
2004,"North West Vancouver Island","NWVI Total",2619
2005,"North West Vancouver Island","Colonial-Cayeagle",306
2005,"North West Vancouver Island","Artlish",199
2005,"North West Vancouver Island","Kaouk",488
2005,"North West Vancouver Island","Tahsish",121
2005,"North West Vancouver Island","NWVI Total",1114
2006,"North West Vancouver Island","Colonial-Cayeagle",321
2006,"North West Vancouver Island","Artlish",228
2006,"North West Vancouver Island","Kaouk",536
2006,"North West Vancouver Island","Tahsish",76
2006,"North West Vancouver Island","NWVI Total",1161
2007,"North West Vancouver Island","Colonial-Cayeagle",168
2007,"North West Vancouver Island","Artlish",162
2007,"North West Vancouver Island","Kaouk",193
2007,"North West Vancouver Island","Tahsish",234
2007,"North West Vancouver Island","NWVI Total",757
2008,"North West Vancouver Island","Colonial-Cayeagle",155
2008,"North West Vancouver Island","Artlish",200
2008,"North West Vancouver Island","Kaouk",264
2008,"North West Vancouver Island","Tahsish",380
2008,"North West Vancouver Island","NWVI Total",999
2009,"North West Vancouver Island","Colonial-Cayeagle",630
2009,"North West Vancouver Island","Artlish",214
2009,"North West Vancouver Island","Kaouk",550
2009,"North West Vancouver Island","Tahsish",80
2009,"North West Vancouver Island","NWVI Total",1474
2010,"North West Vancouver Island","Colonial-Cayeagle",520
2010,"North West Vancouver Island","Artlish",110
2010,"North West Vancouver Island","Kaouk",185
2010,"North West Vancouver Island","Tahsish",355
2010,"North West Vancouver Island","NWVI Total",1170
2011,"North West Vancouver Island","Colonial-Cayeagle",409
2011,"North West Vancouver Island","Artlish",95
2011,"North West Vancouver Island","Kaouk",302
2011,"North West Vancouver Island","Tahsish",263
2011,"North West Vancouver Island","NWVI Total",1069
2012,"North West Vancouver Island","Colonial-Cayeagle",93
2012,"North West Vancouver Island","Artlish",141
2012,"North West Vancouver Island","Kaouk",223
2012,"North West Vancouver Island","Tahsish",138
2012,"North West Vancouver Island","NWVI Total",595
2013,"North West Vancouver Island","Colonial-Cayeagle",98
2013,"North West Vancouver Island","Artlish",399
2013,"North West Vancouver Island","Kaouk",240
2013,"North West Vancouver Island","Tahsish",350
2013,"North West Vancouver Island","NWVI Total",1087
2014,"North West Vancouver Island","Colonial-Cayeagle",348
2014,"North West Vancouver Island","Artlish",91
2014,"North West Vancouver Island","Kaouk",192
2014,"North West Vancouver Island","Tahsish",653
2014,"North West Vancouver Island","NWVI Total",1284
2015,"North West Vancouver Island","Colonial-Cayeagle",586
2015,"North West Vancouver Island","Artlish",1113
2015,"North West Vancouver Island","Kaouk",331
2015,"North West Vancouver Island","Tahsish",768
2015,"North West Vancouver Island","NWVI Total",2798
2016,"North West Vancouver Island","Colonial-Cayeagle",398
2016,"North West Vancouver Island","Artlish",160
2016,"North West Vancouver Island","Kaouk",370
2016,"North West Vancouver Island","Tahsish",615
2016,"North West Vancouver Island","NWVI Total",1543
2017,"North West Vancouver Island","Colonial-Cayeagle",793
2017,"North West Vancouver Island","Artlish",274
2017,"North West Vancouver Island","Kaouk",605
2017,"North West Vancouver Island","Tahsish",1561
2017,"North West Vancouver Island","NWVI Total",3233
2018,"North West Vancouver Island","Colonial-Cayeagle",270
2018,"North West Vancouver Island","Artlish",555
2018,"North West Vancouver Island","Kaouk",420
2018,"North West Vancouver Island","Tahsish",918
2018,"North West Vancouver Island","NWVI Total",2163
2019,"North West Vancouver Island","Colonial-Cayeagle",708
2019,"North West Vancouver Island","Artlish",441
2019,"North West Vancouver Island","Kaouk",266
2019,"North West Vancouver Island","Tahsish",986
2019,"North West Vancouver Island","NWVI Total",2401
2020,"North West Vancouver Island","Colonial-Cayeagle",188
2020,"North West Vancouver Island","Artlish",117
2020,"North West Vancouver Island","Kaouk",350
2020,"North West Vancouver Island","Tahsish",761
2020,"North West Vancouver Island","NWVI Total",1416
2021,"North West Vancouver Island","Colonial-Cayeagle",319
2021,"North West Vancouver Island","Artlish",242
2021,"North West Vancouver Island","Kaouk",325
2021,"North West Vancouver Island","Tahsish",1285
2021,"North West Vancouver Island","NWVI Total",2171
2022,"North West Vancouver Island","Colonial-Cayeagle",158
2022,"North West Vancouver Island","Artlish",231
2022,"North West Vancouver Island","Kaouk",739
2022,"North West Vancouver Island","Tahsish",1460
2022,"North West Vancouver Island","NWVI Total",2588
1975,"South West Vancouver Island","Bedwell/Ursus",NA
1975,"South West Vancouver Island","Megin",25
1975,"South West Vancouver Island","Moyeha",25
1975,"South West Vancouver Island","SWVI Total",50
1976,"South West Vancouver Island","Bedwell/Ursus",NA
1976,"South West Vancouver Island","Megin",50
1976,"South West Vancouver Island","Moyeha",25
1976,"South West Vancouver Island","SWVI Total",75
1977,"South West Vancouver Island","Bedwell/Ursus",NA
1977,"South West Vancouver Island","Megin",50
1977,"South West Vancouver Island","Moyeha",50
1977,"South West Vancouver Island","SWVI Total",100
1978,"South West Vancouver Island","Bedwell/Ursus",35
1978,"South West Vancouver Island","Megin",6
1978,"South West Vancouver Island","Moyeha",10
1978,"South West Vancouver Island","SWVI Total",51
1979,"South West Vancouver Island","Bedwell/Ursus",NA
1979,"South West Vancouver Island","Megin",50
1979,"South West Vancouver Island","Moyeha",6
1979,"South West Vancouver Island","SWVI Total",56
1980,"South West Vancouver Island","Bedwell/Ursus",NA
1980,"South West Vancouver Island","Megin",160
1980,"South West Vancouver Island","Moyeha",25
1980,"South West Vancouver Island","SWVI Total",185
1981,"South West Vancouver Island","Bedwell/Ursus",NA
1981,"South West Vancouver Island","Megin",150
1981,"South West Vancouver Island","Moyeha",25
1981,"South West Vancouver Island","SWVI Total",175
1982,"South West Vancouver Island","Bedwell/Ursus",25
1982,"South West Vancouver Island","Megin",100
1982,"South West Vancouver Island","Moyeha",NA
1982,"South West Vancouver Island","SWVI Total",125
1983,"South West Vancouver Island","Bedwell/Ursus",NA
1983,"South West Vancouver Island","Megin",NA
1983,"South West Vancouver Island","Moyeha",NA
1983,"South West Vancouver Island","SWVI Total",NA
1984,"South West Vancouver Island","Bedwell/Ursus",NA
1984,"South West Vancouver Island","Megin",NA
1984,"South West Vancouver Island","Moyeha",NA
1984,"South West Vancouver Island","SWVI Total",NA
1985,"South West Vancouver Island","Bedwell/Ursus",NA
1985,"South West Vancouver Island","Megin",NA
1985,"South West Vancouver Island","Moyeha",NA
1985,"South West Vancouver Island","SWVI Total",NA
1986,"South West Vancouver Island","Bedwell/Ursus",10
1986,"South West Vancouver Island","Megin",30
1986,"South West Vancouver Island","Moyeha",NA
1986,"South West Vancouver Island","SWVI Total",40
1987,"South West Vancouver Island","Bedwell/Ursus",8
1987,"South West Vancouver Island","Megin",25
1987,"South West Vancouver Island","Moyeha",NA
1987,"South West Vancouver Island","SWVI Total",33
1988,"South West Vancouver Island","Bedwell/Ursus",10
1988,"South West Vancouver Island","Megin",30
1988,"South West Vancouver Island","Moyeha",NA
1988,"South West Vancouver Island","SWVI Total",40
1989,"South West Vancouver Island","Bedwell/Ursus",70
1989,"South West Vancouver Island","Megin",26
1989,"South West Vancouver Island","Moyeha",80
1989,"South West Vancouver Island","SWVI Total",176
1990,"South West Vancouver Island","Bedwell/Ursus",NA
1990,"South West Vancouver Island","Megin",NA
1990,"South West Vancouver Island","Moyeha",NA
1990,"South West Vancouver Island","SWVI Total",NA
1991,"South West Vancouver Island","Bedwell/Ursus",NA
1991,"South West Vancouver Island","Megin",10
1991,"South West Vancouver Island","Moyeha",NA
1991,"South West Vancouver Island","SWVI Total",10
1992,"South West Vancouver Island","Bedwell/Ursus",NA
1992,"South West Vancouver Island","Megin",150
1992,"South West Vancouver Island","Moyeha",NA
1992,"South West Vancouver Island","SWVI Total",150
1993,"South West Vancouver Island","Bedwell/Ursus",377
1993,"South West Vancouver Island","Megin",436
1993,"South West Vancouver Island","Moyeha",250
1993,"South West Vancouver Island","SWVI Total",1063
1994,"South West Vancouver Island","Bedwell/Ursus",691
1994,"South West Vancouver Island","Megin",841
1994,"South West Vancouver Island","Moyeha",420
1994,"South West Vancouver Island","SWVI Total",1952
1995,"South West Vancouver Island","Bedwell/Ursus",291
1995,"South West Vancouver Island","Megin",323
1995,"South West Vancouver Island","Moyeha",89
1995,"South West Vancouver Island","SWVI Total",703
1996,"South West Vancouver Island","Bedwell/Ursus",528
1996,"South West Vancouver Island","Megin",164
1996,"South West Vancouver Island","Moyeha",243
1996,"South West Vancouver Island","SWVI Total",935
1997,"South West Vancouver Island","Bedwell/Ursus",275
1997,"South West Vancouver Island","Megin",266
1997,"South West Vancouver Island","Moyeha",84
1997,"South West Vancouver Island","SWVI Total",625
1998,"South West Vancouver Island","Bedwell/Ursus",306
1998,"South West Vancouver Island","Megin",370
1998,"South West Vancouver Island","Moyeha",155
1998,"South West Vancouver Island","SWVI Total",831
1999,"South West Vancouver Island","Bedwell/Ursus",160
1999,"South West Vancouver Island","Megin",234
1999,"South West Vancouver Island","Moyeha",239
1999,"South West Vancouver Island","SWVI Total",633
2000,"South West Vancouver Island","Bedwell/Ursus",143
2000,"South West Vancouver Island","Megin",160
2000,"South West Vancouver Island","Moyeha",94
2000,"South West Vancouver Island","SWVI Total",397
2001,"South West Vancouver Island","Bedwell/Ursus",263
2001,"South West Vancouver Island","Megin",170
2001,"South West Vancouver Island","Moyeha",115
2001,"South West Vancouver Island","SWVI Total",548
2002,"South West Vancouver Island","Bedwell/Ursus",128
2002,"South West Vancouver Island","Megin",23
2002,"South West Vancouver Island","Moyeha",54
2002,"South West Vancouver Island","SWVI Total",205
2003,"South West Vancouver Island","Bedwell/Ursus",137
2003,"South West Vancouver Island","Megin",28
2003,"South West Vancouver Island","Moyeha",155
2003,"South West Vancouver Island","SWVI Total",320
2004,"South West Vancouver Island","Bedwell/Ursus",141
2004,"South West Vancouver Island","Megin",72
2004,"South West Vancouver Island","Moyeha",362
2004,"South West Vancouver Island","SWVI Total",575
2005,"South West Vancouver Island","Bedwell/Ursus",65
2005,"South West Vancouver Island","Megin",36
2005,"South West Vancouver Island","Moyeha",115
2005,"South West Vancouver Island","SWVI Total",216
2006,"South West Vancouver Island","Bedwell/Ursus",104
2006,"South West Vancouver Island","Megin",117
2006,"South West Vancouver Island","Moyeha",85
2006,"South West Vancouver Island","SWVI Total",306
2007,"South West Vancouver Island","Bedwell/Ursus",41
2007,"South West Vancouver Island","Megin",13
2007,"South West Vancouver Island","Moyeha",112
2007,"South West Vancouver Island","SWVI Total",166
2008,"South West Vancouver Island","Bedwell/Ursus",74
2008,"South West Vancouver Island","Megin",24
2008,"South West Vancouver Island","Moyeha",149
2008,"South West Vancouver Island","SWVI Total",247
2009,"South West Vancouver Island","Bedwell/Ursus",44
2009,"South West Vancouver Island","Megin",15
2009,"South West Vancouver Island","Moyeha",60
2009,"South West Vancouver Island","SWVI Total",119
2010,"South West Vancouver Island","Bedwell/Ursus",50
2010,"South West Vancouver Island","Megin",9
2010,"South West Vancouver Island","Moyeha",185
2010,"South West Vancouver Island","SWVI Total",244
2011,"South West Vancouver Island","Bedwell/Ursus",85
2011,"South West Vancouver Island","Megin",48
2011,"South West Vancouver Island","Moyeha",67
2011,"South West Vancouver Island","SWVI Total",200
2012,"South West Vancouver Island","Bedwell/Ursus",205
2012,"South West Vancouver Island","Megin",80
2012,"South West Vancouver Island","Moyeha",108
2012,"South West Vancouver Island","SWVI Total",393
2013,"South West Vancouver Island","Bedwell/Ursus",596
2013,"South West Vancouver Island","Megin",73
2013,"South West Vancouver Island","Moyeha",208
2013,"South West Vancouver Island","SWVI Total",877
2014,"South West Vancouver Island","Bedwell/Ursus",289
2014,"South West Vancouver Island","Megin",37
2014,"South West Vancouver Island","Moyeha",167
2014,"South West Vancouver Island","SWVI Total",493
2015,"South West Vancouver Island","Bedwell/Ursus",746
2015,"South West Vancouver Island","Megin",49
2015,"South West Vancouver Island","Moyeha",252
2015,"South West Vancouver Island","SWVI Total",1047
2016,"South West Vancouver Island","Bedwell/Ursus",658
2016,"South West Vancouver Island","Megin",17
2016,"South West Vancouver Island","Moyeha",139
2016,"South West Vancouver Island","SWVI Total",814
2017,"South West Vancouver Island","Bedwell/Ursus",796
2017,"South West Vancouver Island","Megin",61
2017,"South West Vancouver Island","Moyeha",136
2017,"South West Vancouver Island","SWVI Total",993
2018,"South West Vancouver Island","Bedwell/Ursus",723
2018,"South West Vancouver Island","Megin",7
2018,"South West Vancouver Island","Moyeha",20
2018,"South West Vancouver Island","SWVI Total",750
2019,"South West Vancouver Island","Bedwell/Ursus",379
2019,"South West Vancouver Island","Megin",10
2019,"South West Vancouver Island","Moyeha",22
2019,"South West Vancouver Island","SWVI Total",411
2020,"South West Vancouver Island","Bedwell/Ursus",385
2020,"South West Vancouver Island","Megin",14
2020,"South West Vancouver Island","Moyeha",43
2020,"South West Vancouver Island","SWVI Total",442
2021,"South West Vancouver Island","Bedwell/Ursus",414
2021,"South West Vancouver Island","Megin",23
2021,"South West Vancouver Island","Moyeha",99
2021,"South West Vancouver Island","SWVI Total",536
2022,"South West Vancouver Island","Bedwell/Ursus",113
2022,"South West Vancouver Island","Megin",87
2022,"South West Vancouver Island","Moyeha",131
2022,"South West Vancouver Island","SWVI Total",331
1975,"Cowichan","Esc",NA
1976,"Cowichan","Esc",NA
1977,"Cowichan","Esc",NA
1978,"Cowichan","Esc",NA
1979,"Cowichan","Esc",7750
1980,"Cowichan","Esc",5500
1981,"Cowichan","Esc",5500
1982,"Cowichan","Esc",4500
1983,"Cowichan","Esc",4500
1984,"Cowichan","Esc",5000
1985,"Cowichan","Esc",3500
1986,"Cowichan","Esc",1832
1987,"Cowichan","Esc",1937
1988,"Cowichan","Esc",6200
1989,"Cowichan","Esc",5000
1990,"Cowichan","Esc",5300
1991,"Cowichan","Esc",6000
1992,"Cowichan","Esc",8500
1993,"Cowichan","Esc",5058
1994,"Cowichan","Esc",5050
1995,"Cowichan","Esc",14300
1996,"Cowichan","Esc",12980
1997,"Cowichan","Esc",9845
1998,"Cowichan","Esc",4371
1999,"Cowichan","Esc",4500
2000,"Cowichan","Esc",5109
2001,"Cowichan","Esc",3283
2002,"Cowichan","Esc",2505
2003,"Cowichan","Esc",2494
2004,"Cowichan","Esc",2226
2005,"Cowichan","Esc",1527
2006,"Cowichan","Esc",1069
2007,"Cowichan","Esc",1860
2008,"Cowichan","Esc",1109
2009,"Cowichan","Esc",540
2010,"Cowichan","Esc",2419
2011,"Cowichan","Esc",2786
2012,"Cowichan","Esc",2668
2013,"Cowichan","Esc",4362
2014,"Cowichan","Esc",4185
2015,"Cowichan","Esc",5984
2016,"Cowichan","Esc",7787
2017,"Cowichan","Esc",10590
2018,"Cowichan","Esc",14353
2019,"Cowichan","Esc",15348
2020,"Cowichan","Esc",8737
2021,"Cowichan","Esc",12902
2022,"Cowichan","Esc",17574
1975,"Phillips","Esc",400
1976,"Phillips","Esc",400
1977,"Phillips","Esc",200
1978,"Phillips","Esc",400
1979,"Phillips","Esc",250
1980,"Phillips","Esc",250
1981,"Phillips","Esc",1000
1982,"Phillips","Esc",200
1983,"Phillips","Esc",1000
1984,"Phillips","Esc",200
1985,"Phillips","Esc",445
1986,"Phillips","Esc",3000
1987,"Phillips","Esc",3000
1988,"Phillips","Esc",350
1989,"Phillips","Esc",600
1990,"Phillips","Esc",750
1991,"Phillips","Esc",1000
1992,"Phillips","Esc",200
1993,"Phillips","Esc",500
1994,"Phillips","Esc",100
1995,"Phillips","Esc",400
1996,"Phillips","Esc",300
1997,"Phillips","Esc",20
1998,"Phillips","Esc",350
1999,"Phillips","Esc",350
2000,"Phillips","Esc",150
2001,"Phillips","Esc",119
2002,"Phillips","Esc",359
2003,"Phillips","Esc",125
2004,"Phillips","Esc",95
2005,"Phillips","Esc",85
2006,"Phillips","Esc",628
2007,"Phillips","Esc",463
2008,"Phillips","Esc",155
2009,"Phillips","Esc",177
2010,"Phillips","Esc",778
2011,"Phillips","Esc",833
2012,"Phillips","Esc",2219
2013,"Phillips","Esc",3442
2014,"Phillips","Esc",2274
2015,"Phillips","Esc",2309
2016,"Phillips","Esc",2086
2017,"Phillips","Esc",2372
2018,"Phillips","Esc",1219
2019,"Phillips","Esc",2483
2020,"Phillips","Esc",3330
2021,"Phillips","Esc",2202
2022,"Phillips","Esc",2070
1975,"Nanaimo","Esc (Swim/Visual)",1125
1975,"Nanaimo","Esc (AUC & MR)",NA
1976,"Nanaimo","Esc (Swim/Visual)",892
1976,"Nanaimo","Esc (AUC & MR)",NA
1977,"Nanaimo","Esc (Swim/Visual)",1342
1977,"Nanaimo","Esc (AUC & MR)",NA
1978,"Nanaimo","Esc (Swim/Visual)",1334
1978,"Nanaimo","Esc (AUC & MR)",NA
1979,"Nanaimo","Esc (Swim/Visual)",2700
1979,"Nanaimo","Esc (AUC & MR)",NA
1980,"Nanaimo","Esc (Swim/Visual)",2900
1980,"Nanaimo","Esc (AUC & MR)",NA
1981,"Nanaimo","Esc (Swim/Visual)",210
1981,"Nanaimo","Esc (AUC & MR)",NA
1982,"Nanaimo","Esc (Swim/Visual)",1090
1982,"Nanaimo","Esc (AUC & MR)",NA
1983,"Nanaimo","Esc (Swim/Visual)",1600
1983,"Nanaimo","Esc (AUC & MR)",NA
1984,"Nanaimo","Esc (Swim/Visual)",3000
1984,"Nanaimo","Esc (AUC & MR)",NA
1985,"Nanaimo","Esc (Swim/Visual)",650
1985,"Nanaimo","Esc (AUC & MR)",NA
1986,"Nanaimo","Esc (Swim/Visual)",700
1986,"Nanaimo","Esc (AUC & MR)",NA
1987,"Nanaimo","Esc (Swim/Visual)",400
1987,"Nanaimo","Esc (AUC & MR)",NA
1988,"Nanaimo","Esc (Swim/Visual)",650
1988,"Nanaimo","Esc (AUC & MR)",NA
1989,"Nanaimo","Esc (Swim/Visual)",1150
1989,"Nanaimo","Esc (AUC & MR)",NA
1990,"Nanaimo","Esc (Swim/Visual)",1275
1990,"Nanaimo","Esc (AUC & MR)",NA
1991,"Nanaimo","Esc (Swim/Visual)",800
1991,"Nanaimo","Esc (AUC & MR)",NA
1992,"Nanaimo","Esc (Swim/Visual)",793
1992,"Nanaimo","Esc (AUC & MR)",NA
1993,"Nanaimo","Esc (Swim/Visual)",950
1993,"Nanaimo","Esc (AUC & MR)",NA
1994,"Nanaimo","Esc (Swim/Visual)",786
1994,"Nanaimo","Esc (AUC & MR)",NA
1995,"Nanaimo","Esc (Swim/Visual)",NA
1995,"Nanaimo","Esc (AUC & MR)",2000
1996,"Nanaimo","Esc (Swim/Visual)",NA
1996,"Nanaimo","Esc (AUC & MR)",1550
1997,"Nanaimo","Esc (Swim/Visual)",NA
1997,"Nanaimo","Esc (AUC & MR)",1600
1998,"Nanaimo","Esc (Swim/Visual)",NA
1998,"Nanaimo","Esc (AUC & MR)",1600
1999,"Nanaimo","Esc (Swim/Visual)",NA
1999,"Nanaimo","Esc (AUC & MR)",1950
2000,"Nanaimo","Esc (Swim/Visual)",NA
2000,"Nanaimo","Esc (AUC & MR)",1100
2001,"Nanaimo","Esc (Swim/Visual)",NA
2001,"Nanaimo","Esc (AUC & MR)",2068
2002,"Nanaimo","Esc (Swim/Visual)",NA
2002,"Nanaimo","Esc (AUC & MR)",1333
2003,"Nanaimo","Esc (Swim/Visual)",NA
1978,"Chilko","Calib. Total Adult Esc",8398
1978,"Chilko","Esc (MR)",NA
1979,"Chilko","Calib. Total Adult Esc",3823
1979,"Chilko","Esc (MR)",NA
1980,"Chilko","Calib. Total Adult Esc",5691
1980,"Chilko","Esc (MR)",NA
1981,"Chilko","Calib. Total Adult Esc",4155
1981,"Chilko","Esc (MR)",NA
1982,"Chilko","Calib. Total Adult Esc",6018
1982,"Chilko","Esc (MR)",NA
1983,"Chilko","Calib. Total Adult Esc",6779
1983,"Chilko","Esc (MR)",NA
1984,"Chilko","Calib. Total Adult Esc",4816
1984,"Chilko","Esc (MR)",NA
1985,"Chilko","Calib. Total Adult Esc",5145
1985,"Chilko","Esc (MR)",NA
1986,"Chilko","Calib. Total Adult Esc",8398
1986,"Chilko","Esc (MR)",NA
1987,"Chilko","Calib. Total Adult Esc",10007
1987,"Chilko","Esc (MR)",NA
1988,"Chilko","Calib. Total Adult Esc",8976
1988,"Chilko","Esc (MR)",NA
1989,"Chilko","Calib. Total Adult Esc",3490
1989,"Chilko","Esc (MR)",NA
1990,"Chilko","Calib. Total Adult Esc",7109
1990,"Chilko","Esc (MR)",NA
1991,"Chilko","Calib. Total Adult Esc",8291
1991,"Chilko","Esc (MR)",NA
1992,"Chilko","Calib. Total Adult Esc",12318
1992,"Chilko","Esc (MR)",NA
1993,"Chilko","Calib. Total Adult Esc",7150
1993,"Chilko","Esc (MR)",NA
1994,"Chilko","Calib. Total Adult Esc",6415
1994,"Chilko","Esc (MR)",NA
1995,"Chilko","Calib. Total Adult Esc",11566
1995,"Chilko","Esc (MR)",NA
1996,"Chilko","Calib. Total Adult Esc",18472
1996,"Chilko","Esc (MR)",NA
1997,"Chilko","Calib. Total Adult Esc",17708
1997,"Chilko","Esc (MR)",NA
1998,"Chilko","Calib. Total Adult Esc",15895
1998,"Chilko","Esc (MR)",NA
1999,"Chilko","Calib. Total Adult Esc",9922
1999,"Chilko","Esc (MR)",NA
2000,"Chilko","Calib. Total Adult Esc",10190
2000,"Chilko","Esc (MR)",NA
2001,"Chilko","Calib. Total Adult Esc",12024
2001,"Chilko","Esc (MR)",NA
2002,"Chilko","Calib. Total Adult Esc",12168
2002,"Chilko","Esc (MR)",NA
2003,"Chilko","Calib. Total Adult Esc",23308
2003,"Chilko","Esc (MR)",NA
2004,"Chilko","Calib. Total Adult Esc",17724
2004,"Chilko","Esc (MR)",NA
2005,"Chilko","Calib. Total Adult Esc",8579
2005,"Chilko","Esc (MR)",NA
2006,"Chilko","Calib. Total Adult Esc",5910
2006,"Chilko","Esc (MR)",NA
2007,"Chilko","Calib. Total Adult Esc",4998
2007,"Chilko","Esc (MR)",NA
2008,"Chilko","Calib. Total Adult Esc",5894
2008,"Chilko","Esc (MR)",NA
2009,"Chilko","Calib. Total Adult Esc",9680
2009,"Chilko","Esc (MR)",NA
2010,"Chilko","Calib. Total Adult Esc",NA
2010,"Chilko","Esc (MR)",7490
2011,"Chilko","Calib. Total Adult Esc",NA
2011,"Chilko","Esc (MR)",8396
2012,"Chilko","Calib. Total Adult Esc",NA
2012,"Chilko","Esc (MR)",4255
2013,"Chilko","Calib. Total Adult Esc",NA
2013,"Chilko","Esc (MR)",4200
2014,"Chilko","Calib. Total Adult Esc",NA
2014,"Chilko","Esc (MR)",13246
2015,"Chilko","Calib. Total Adult Esc",NA
2015,"Chilko","Esc (MR)",10921
2016,"Chilko","Calib. Total Adult Esc",NA
2016,"Chilko","Esc (MR)",4123
2017,"Chilko","Calib. Total Adult Esc",NA
2017,"Chilko","Esc (MR)",3591
2018,"Chilko","Calib. Total Adult Esc",NA
2018,"Chilko","Esc (MR)",2191
2019,"Chilko","Calib. Total Adult Esc",2525
2019,"Chilko","Esc (MR)",NA
2020,"Chilko","Calib. Total Adult Esc",NA
2020,"Chilko","Esc (MR)",6195
2021,"Chilko","Calib. Total Adult Esc",NA
2021,"Chilko","Esc (MR)",5271
2022,"Chilko","Calib. Total Adult Esc",NA
2022,"Chilko","Esc (MR)",13532
1975,"Fraser Sum 0.3","Esc",41164
2017,"Nanaimo","Esc (AUC & MR)",1950
2018,"Nanaimo","Esc (Swim/Visual)",NA
2018,"Nanaimo","Esc (AUC & MR)",2679
2019,"Nanaimo","Esc (Swim/Visual)",NA
2019,"Nanaimo","Esc (AUC & MR)",2572
2020,"Nanaimo","Esc (Swim/Visual)",NA
2020,"Nanaimo","Esc (AUC & MR)",2832
2021,"Nanaimo","Esc (Swim/Visual)",NA
2021,"Nanaimo","Esc (AUC & MR)",4398
2022,"Nanaimo","Esc (Swim/Visual)",NA
2022,"Nanaimo","Esc (AUC & MR)",7452
1975,"Fraser Sp 1.2","Esc",8360
1976,"Fraser Sp 1.2","Esc",5575
1977,"Fraser Sp 1.2","Esc",4458
1978,"Fraser Sp 1.2","Esc",5209
1979,"Fraser Sp 1.2","Esc",3437
1980,"Fraser Sp 1.2","Esc",7460
1981,"Fraser Sp 1.2","Esc",3718
1982,"Fraser Sp 1.2","Esc",6637
1983,"Fraser Sp 1.2","Esc",3264
1984,"Fraser Sp 1.2","Esc",8068
1985,"Fraser Sp 1.2","Esc",11800
1986,"Fraser Sp 1.2","Esc",13453
1987,"Fraser Sp 1.2","Esc",7093
1988,"Fraser Sp 1.2","Esc",6432
1989,"Fraser Sp 1.2","Esc",8864
1990,"Fraser Sp 1.2","Esc",5103
1991,"Fraser Sp 1.2","Esc",7148
1992,"Fraser Sp 1.2","Esc",9810
1993,"Fraser Sp 1.2","Esc",14755
1994,"Fraser Sp 1.2","Esc",16973
1995,"Fraser Sp 1.2","Esc",18627
1996,"Fraser Sp 1.2","Esc",27341
1997,"Fraser Sp 1.2","Esc",22498
1998,"Fraser Sp 1.2","Esc",5452
1999,"Fraser Sp 1.2","Esc",11698
2000,"Fraser Sp 1.2","Esc",16309
2001,"Fraser Sp 1.2","Esc",18510
2002,"Fraser Sp 1.2","Esc",24750
2003,"Fraser Sp 1.2","Esc",29013
2004,"Fraser Sp 1.2","Esc",20681
2005,"Fraser Sp 1.2","Esc",9188
2006,"Fraser Sp 1.2","Esc",9923
2007,"Fraser Sp 1.2","Esc",2652
2008,"Fraser Sp 1.2","Esc",12113
2009,"Fraser Sp 1.2","Esc",2488
2010,"Fraser Sp 1.2","Esc",9686
2011,"Fraser Sp 1.2","Esc",5420
2012,"Fraser Sp 1.2","Esc",11633
2013,"Fraser Sp 1.2","Esc",7148
2014,"Fraser Sp 1.2","Esc",24859
2015,"Fraser Sp 1.2","Esc",11368
2016,"Fraser Sp 1.2","Esc",9172
2017,"Fraser Sp 1.2","Esc",5377
2018,"Fraser Sp 1.2","Esc",2337
2019,"Fraser Sp 1.2","Esc",6147
2020,"Fraser Sp 1.2","Esc",8764
2021,"Fraser Sp 1.2","Esc",6613
2022,"Fraser Sp 1.2","Esc",10454
1975,"Nicola Sp 1.2","MR Total Adult Esc",NA
1975,"Nicola Sp 1.2","Calib. Total Adult Esc",5606
1976,"Nicola Sp 1.2","MR Total Adult Esc",NA
1976,"Nicola Sp 1.2","Calib. Total Adult Esc",4445
1977,"Nicola Sp 1.2","MR Total Adult Esc",NA
1977,"Nicola Sp 1.2","Calib. Total Adult Esc",3498
1978,"Nicola Sp 1.2","MR Total Adult Esc",NA
1978,"Nicola Sp 1.2","Calib. Total Adult Esc",3974
1979,"Nicola Sp 1.2","MR Total Adult Esc",NA
1979,"Nicola Sp 1.2","Calib. Total Adult Esc",3017
1980,"Nicola Sp 1.2","MR Total Adult Esc",NA
1980,"Nicola Sp 1.2","Calib. Total Adult Esc",6180
1981,"Nicola Sp 1.2","MR Total Adult Esc",NA
1981,"Nicola Sp 1.2","Calib. Total Adult Esc",3258
1982,"Nicola Sp 1.2","MR Total Adult Esc",NA
1982,"Nicola Sp 1.2","Calib. Total Adult Esc",4737
1983,"Nicola Sp 1.2","MR Total Adult Esc",NA
1983,"Nicola Sp 1.2","Calib. Total Adult Esc",2407
1984,"Nicola Sp 1.2","MR Total Adult Esc",NA
1984,"Nicola Sp 1.2","Calib. Total Adult Esc",4679
1985,"Nicola Sp 1.2","MR Total Adult Esc",NA
1985,"Nicola Sp 1.2","Calib. Total Adult Esc",7088
1986,"Nicola Sp 1.2","MR Total Adult Esc",NA
1986,"Nicola Sp 1.2","Calib. Total Adult Esc",7876
1987,"Nicola Sp 1.2","MR Total Adult Esc",NA
1987,"Nicola Sp 1.2","Calib. Total Adult Esc",4445
1988,"Nicola Sp 1.2","MR Total Adult Esc",NA
1988,"Nicola Sp 1.2","Calib. Total Adult Esc",3246
1989,"Nicola Sp 1.2","MR Total Adult Esc",NA
1989,"Nicola Sp 1.2","Calib. Total Adult Esc",4445
1990,"Nicola Sp 1.2","MR Total Adult Esc",NA
1990,"Nicola Sp 1.2","Calib. Total Adult Esc",3017
1991,"Nicola Sp 1.2","MR Total Adult Esc",NA
1991,"Nicola Sp 1.2","Calib. Total Adult Esc",3258
1992,"Nicola Sp 1.2","MR Total Adult Esc",NA
1992,"Nicola Sp 1.2","Calib. Total Adult Esc",5061
1993,"Nicola Sp 1.2","MR Total Adult Esc",NA
1993,"Nicola Sp 1.2","Calib. Total Adult Esc",5028
1994,"Nicola Sp 1.2","MR Total Adult Esc",NA
1994,"Nicola Sp 1.2","Calib. Total Adult Esc",9510
1995,"Nicola Sp 1.2","MR Total Adult Esc",10624
1995,"Nicola Sp 1.2","Calib. Total Adult Esc",NA
1996,"Nicola Sp 1.2","MR Total Adult Esc",17777
1996,"Nicola Sp 1.2","Calib. Total Adult Esc",NA
1997,"Nicola Sp 1.2","MR Total Adult Esc",9612
1997,"Nicola Sp 1.2","Calib. Total Adult Esc",NA
1998,"Nicola Sp 1.2","MR Total Adult Esc",1547
1998,"Nicola Sp 1.2","Calib. Total Adult Esc",NA
1999,"Nicola Sp 1.2","MR Total Adult Esc",8130
1999,"Nicola Sp 1.2","Calib. Total Adult Esc",NA
2000,"Nicola Sp 1.2","MR Total Adult Esc",8183
2000,"Nicola Sp 1.2","Calib. Total Adult Esc",NA
2001,"Nicola Sp 1.2","MR Total Adult Esc",8984
2001,"Nicola Sp 1.2","Calib. Total Adult Esc",NA
2002,"Nicola Sp 1.2","MR Total Adult Esc",12885
2002,"Nicola Sp 1.2","Calib. Total Adult Esc",NA
2003,"Nicola Sp 1.2","MR Total Adult Esc",14490
2003,"Nicola Sp 1.2","Calib. Total Adult Esc",NA
2004,"Nicola Sp 1.2","MR Total Adult Esc",10153
2004,"Nicola Sp 1.2","Calib. Total Adult Esc",NA
2005,"Nicola Sp 1.2","MR Total Adult Esc",3248
2005,"Nicola Sp 1.2","Calib. Total Adult Esc",NA
2006,"Nicola Sp 1.2","MR Total Adult Esc",5087
2006,"Nicola Sp 1.2","Calib. Total Adult Esc",NA
2007,"Nicola Sp 1.2","MR Total Adult Esc",1010
2007,"Nicola Sp 1.2","Calib. Total Adult Esc",NA
2008,"Nicola Sp 1.2","MR Total Adult Esc",4411
2008,"Nicola Sp 1.2","Calib. Total Adult Esc",NA
2009,"Nicola Sp 1.2","MR Total Adult Esc",538
2009,"Nicola Sp 1.2","Calib. Total Adult Esc",NA
2010,"Nicola Sp 1.2","MR Total Adult Esc",5258
2010,"Nicola Sp 1.2","Calib. Total Adult Esc",NA
2011,"Nicola Sp 1.2","MR Total Adult Esc",2731
2011,"Nicola Sp 1.2","Calib. Total Adult Esc",NA
2012,"Nicola Sp 1.2","MR Total Adult Esc",5702
2012,"Nicola Sp 1.2","Calib. Total Adult Esc",NA
2013,"Nicola Sp 1.2","MR Total Adult Esc",3445
2013,"Nicola Sp 1.2","Calib. Total Adult Esc",NA
2014,"Nicola Sp 1.2","MR Total Adult Esc",7122
2014,"Nicola Sp 1.2","Calib. Total Adult Esc",NA
2015,"Nicola Sp 1.2","MR Total Adult Esc",4836
2015,"Nicola Sp 1.2","Calib. Total Adult Esc",NA
2016,"Nicola Sp 1.2","MR Total Adult Esc",2180
2016,"Nicola Sp 1.2","Calib. Total Adult Esc",NA
2017,"Nicola Sp 1.2","MR Total Adult Esc",1702
2017,"Nicola Sp 1.2","Calib. Total Adult Esc",NA
2018,"Nicola Sp 1.2","MR Total Adult Esc",1627
2018,"Nicola Sp 1.2","Calib. Total Adult Esc",NA
2019,"Nicola Sp 1.2","MR Total Adult Esc",3859
2019,"Nicola Sp 1.2","Calib. Total Adult Esc",NA
2020,"Nicola Sp 1.2","MR Total Adult Esc",3955
2020,"Nicola Sp 1.2","Calib. Total Adult Esc",NA
2021,"Nicola Sp 1.2","MR Total Adult Esc",4010
2021,"Nicola Sp 1.2","Calib. Total Adult Esc",NA
2022,"Nicola Sp 1.2","MR Total Adult Esc",7438
2022,"Nicola Sp 1.2","Calib. Total Adult Esc",NA
1975,"Fraser Sp 1.3","Esc",9492
1976,"Fraser Sp 1.3","Esc",9369
1977,"Fraser Sp 1.3","Esc",11519
1978,"Fraser Sp 1.3","Esc",15457
1979,"Fraser Sp 1.3","Esc",14686
1980,"Fraser Sp 1.3","Esc",16379
1981,"Fraser Sp 1.3","Esc",11185
1982,"Fraser Sp 1.3","Esc",13017
1983,"Fraser Sp 1.3","Esc",24557
1984,"Fraser Sp 1.3","Esc",29851
1985,"Fraser Sp 1.3","Esc",43173
1986,"Fraser Sp 1.3","Esc",52300
1987,"Fraser Sp 1.3","Esc",50667
1988,"Fraser Sp 1.3","Esc",42130
1989,"Fraser Sp 1.3","Esc",30794
1990,"Fraser Sp 1.3","Esc",41787
1991,"Fraser Sp 1.3","Esc",28477
1992,"Fraser Sp 1.3","Esc",31299
1993,"Fraser Sp 1.3","Esc",34511
1994,"Fraser Sp 1.3","Esc",54962
1995,"Fraser Sp 1.3","Esc",44480
1996,"Fraser Sp 1.3","Esc",32318
1997,"Fraser Sp 1.3","Esc",35487
1998,"Fraser Sp 1.3","Esc",26762
1999,"Fraser Sp 1.3","Esc",19332
2000,"Fraser Sp 1.3","Esc",22692
2001,"Fraser Sp 1.3","Esc",26092
2002,"Fraser Sp 1.3","Esc",37378
2003,"Fraser Sp 1.3","Esc",46617
2004,"Fraser Sp 1.3","Esc",29106
2005,"Fraser Sp 1.3","Esc",20615
2006,"Fraser Sp 1.3","Esc",20464
2007,"Fraser Sp 1.3","Esc",10935
2008,"Fraser Sp 1.3","Esc",15373
2009,"Fraser Sp 1.3","Esc",24321
2010,"Fraser Sp 1.3","Esc",16221
2011,"Fraser Sp 1.3","Esc",11282
2012,"Fraser Sp 1.3","Esc",11186
2013,"Fraser Sp 1.3","Esc",16314
2014,"Fraser Sp 1.3","Esc",35076
2015,"Fraser Sp 1.3","Esc",24011
2016,"Fraser Sp 1.3","Esc",14069
2017,"Fraser Sp 1.3","Esc",8533
2018,"Fraser Sp 1.3","Esc",8973
2019,"Fraser Sp 1.3","Esc",3197
2020,"Fraser Sp 1.3","Esc",17185
2021,"Fraser Sp 1.3","Esc",17667
2022,"Fraser Sp 1.3","Esc",23184
1975,"Lower Chilcotin","EC Total Adult Esc",NA
1975,"Lower Chilcotin","Calib. Total Adult Esc",1359
1976,"Lower Chilcotin","EC Total Adult Esc",NA
1976,"Lower Chilcotin","Calib. Total Adult Esc",1279
1977,"Lower Chilcotin","EC Total Adult Esc",NA
1977,"Lower Chilcotin","Calib. Total Adult Esc",1119
1978,"Lower Chilcotin","EC Total Adult Esc",NA
1978,"Lower Chilcotin","Calib. Total Adult Esc",1359
1979,"Lower Chilcotin","EC Total Adult Esc",NA
1979,"Lower Chilcotin","Calib. Total Adult Esc",2398
1980,"Lower Chilcotin","EC Total Adult Esc",NA
1980,"Lower Chilcotin","Calib. Total Adult Esc",2239
1981,"Lower Chilcotin","EC Total Adult Esc",NA
1981,"Lower Chilcotin","Calib. Total Adult Esc",959
1982,"Lower Chilcotin","EC Total Adult Esc",NA
1982,"Lower Chilcotin","Calib. Total Adult Esc",879
1983,"Lower Chilcotin","EC Total Adult Esc",NA
1983,"Lower Chilcotin","Calib. Total Adult Esc",1599
1984,"Lower Chilcotin","EC Total Adult Esc",NA
1984,"Lower Chilcotin","Calib. Total Adult Esc",1519
1985,"Lower Chilcotin","EC Total Adult Esc",NA
1985,"Lower Chilcotin","Calib. Total Adult Esc",2398
1986,"Lower Chilcotin","EC Total Adult Esc",NA
1986,"Lower Chilcotin","Calib. Total Adult Esc",5277
1987,"Lower Chilcotin","EC Total Adult Esc",NA
1987,"Lower Chilcotin","Calib. Total Adult Esc",6076
1988,"Lower Chilcotin","EC Total Adult Esc",NA
1988,"Lower Chilcotin","Calib. Total Adult Esc",5453
1989,"Lower Chilcotin","EC Total Adult Esc",NA
1989,"Lower Chilcotin","Calib. Total Adult Esc",4157
1990,"Lower Chilcotin","EC Total Adult Esc",NA
1990,"Lower Chilcotin","Calib. Total Adult Esc",4317
1991,"Lower Chilcotin","EC Total Adult Esc",NA
1991,"Lower Chilcotin","Calib. Total Adult Esc",5021
1992,"Lower Chilcotin","EC Total Adult Esc",NA
1992,"Lower Chilcotin","Calib. Total Adult Esc",3975
1993,"Lower Chilcotin","EC Total Adult Esc",NA
1993,"Lower Chilcotin","Calib. Total Adult Esc",5277
1994,"Lower Chilcotin","EC Total Adult Esc",NA
1994,"Lower Chilcotin","Calib. Total Adult Esc",10879
1995,"Lower Chilcotin","EC Total Adult Esc",NA
1995,"Lower Chilcotin","Calib. Total Adult Esc",5983
1996,"Lower Chilcotin","EC Total Adult Esc",NA
1996,"Lower Chilcotin","Calib. Total Adult Esc",3654
1997,"Lower Chilcotin","EC Total Adult Esc",NA
1997,"Lower Chilcotin","Calib. Total Adult Esc",6396
1998,"Lower Chilcotin","EC Total Adult Esc",NA
1998,"Lower Chilcotin","Calib. Total Adult Esc",2335
1999,"Lower Chilcotin","EC Total Adult Esc",NA
1999,"Lower Chilcotin","Calib. Total Adult Esc",4631
2000,"Lower Chilcotin","EC Total Adult Esc",NA
2000,"Lower Chilcotin","Calib. Total Adult Esc",4751
2001,"Lower Chilcotin","EC Total Adult Esc",NA
2001,"Lower Chilcotin","Calib. Total Adult Esc",2517
2002,"Lower Chilcotin","EC Total Adult Esc",NA
2002,"Lower Chilcotin","Calib. Total Adult Esc",3345
2003,"Lower Chilcotin","EC Total Adult Esc",NA
2003,"Lower Chilcotin","Calib. Total Adult Esc",5430
2004,"Lower Chilcotin","EC Total Adult Esc",NA
2004,"Lower Chilcotin","Calib. Total Adult Esc",1701
2005,"Lower Chilcotin","EC Total Adult Esc",NA
2005,"Lower Chilcotin","Calib. Total Adult Esc",2413
2006,"Lower Chilcotin","EC Total Adult Esc",NA
2006,"Lower Chilcotin","Calib. Total Adult Esc",1642
2007,"Lower Chilcotin","EC Total Adult Esc",NA
2007,"Lower Chilcotin","Calib. Total Adult Esc",576
2008,"Lower Chilcotin","EC Total Adult Esc",2363
2008,"Lower Chilcotin","Calib. Total Adult Esc",NA
2009,"Lower Chilcotin","EC Total Adult Esc",1097
2009,"Lower Chilcotin","Calib. Total Adult Esc",NA
2010,"Lower Chilcotin","EC Total Adult Esc",NA
2010,"Lower Chilcotin","Calib. Total Adult Esc",2710
2011,"Lower Chilcotin","EC Total Adult Esc",NA
2011,"Lower Chilcotin","Calib. Total Adult Esc",1206
2012,"Lower Chilcotin","EC Total Adult Esc",1111
2012,"Lower Chilcotin","Calib. Total Adult Esc",NA
2013,"Lower Chilcotin","EC Total Adult Esc",NA
2013,"Lower Chilcotin","Calib. Total Adult Esc",1297
2014,"Lower Chilcotin","EC Total Adult Esc",NA
2014,"Lower Chilcotin","Calib. Total Adult Esc",9232
2015,"Lower Chilcotin","EC Total Adult Esc",NA
2015,"Lower Chilcotin","Calib. Total Adult Esc",4236
2016,"Lower Chilcotin","EC Total Adult Esc",NA
2016,"Lower Chilcotin","Calib. Total Adult Esc",1257
2017,"Lower Chilcotin","EC Total Adult Esc",NA
2017,"Lower Chilcotin","Calib. Total Adult Esc",644
2018,"Lower Chilcotin","EC Total Adult Esc",NA
2018,"Lower Chilcotin","Calib. Total Adult Esc",1223
2019,"Lower Chilcotin","EC Total Adult Esc",NA
2019,"Lower Chilcotin","Calib. Total Adult Esc",571
2020,"Lower Chilcotin","EC Total Adult Esc",3282
2020,"Lower Chilcotin","Calib. Total Adult Esc",NA
2021,"Lower Chilcotin","EC Total Adult Esc",2438
2021,"Lower Chilcotin","Calib. Total Adult Esc",NA
2022,"Lower Chilcotin","EC Total Adult Esc",4126
2022,"Lower Chilcotin","Calib. Total Adult Esc",NA
1975,"Fraser Sum 1.3","Esc",17707
1976,"Fraser Sum 1.3","Esc",12949
1977,"Fraser Sum 1.3","Esc",16961
1978,"Fraser Sum 1.3","Esc",17797
1979,"Fraser Sum 1.3","Esc",9519
1980,"Fraser Sum 1.3","Esc",12762
1981,"Fraser Sum 1.3","Esc",11982
1982,"Fraser Sum 1.3","Esc",13266
1983,"Fraser Sum 1.3","Esc",15304
1984,"Fraser Sum 1.3","Esc",13578
1985,"Fraser Sum 1.3","Esc",16166
1986,"Fraser Sum 1.3","Esc",29559
1987,"Fraser Sum 1.3","Esc",23009
1988,"Fraser Sum 1.3","Esc",28702
1989,"Fraser Sum 1.3","Esc",14963
1990,"Fraser Sum 1.3","Esc",27825
1991,"Fraser Sum 1.3","Esc",21068
1992,"Fraser Sum 1.3","Esc",23054
1993,"Fraser Sum 1.3","Esc",19324
1994,"Fraser Sum 1.3","Esc",18575
1995,"Fraser Sum 1.3","Esc",24901
1996,"Fraser Sum 1.3","Esc",36505
1997,"Fraser Sum 1.3","Esc",35585
1998,"Fraser Sum 1.3","Esc",32438
1999,"Fraser Sum 1.3","Esc",19706
2000,"Fraser Sum 1.3","Esc",22288
2001,"Fraser Sum 1.3","Esc",25751
2002,"Fraser Sum 1.3","Esc",30016
2003,"Fraser Sum 1.3","Esc",45038
2004,"Fraser Sum 1.3","Esc",33125
2005,"Fraser Sum 1.3","Esc",20644
2006,"Fraser Sum 1.3","Esc",21541
2007,"Fraser Sum 1.3","Esc",11264
2008,"Fraser Sum 1.3","Esc",17518
2009,"Fraser Sum 1.3","Esc",21945
2010,"Fraser Sum 1.3","Esc",20377
2011,"Fraser Sum 1.3","Esc",16330
2012,"Fraser Sum 1.3","Esc",9767
2013,"Fraser Sum 1.3","Esc",11262
2014,"Fraser Sum 1.3","Esc",24526
2015,"Fraser Sum 1.3","Esc",30604
2016,"Fraser Sum 1.3","Esc",9579
2017,"Fraser Sum 1.3","Esc",6482
2018,"Fraser Sum 1.3","Esc",5522
2019,"Fraser Sum 1.3","Esc",5613
2020,"Fraser Sum 1.3","Esc",13274
2021,"Fraser Sum 1.3","Esc",14170
2022,"Fraser Sum 1.3","Esc",26705
1975,"Chilko","Calib. Total Adult Esc",12140
1975,"Chilko","Esc (MR)",NA
1976,"Chilko","Calib. Total Adult Esc",7320
1976,"Chilko","Esc (MR)",NA
1977,"Chilko","Calib. Total Adult Esc",7860
1977,"Chilko","Esc (MR)",NA
1976,"Fraser Sum 0.3","Esc",5930
1977,"Fraser Sum 0.3","Esc",25808
1978,"Fraser Sum 0.3","Esc",23662
1979,"Fraser Sum 0.3","Esc",24918
1980,"Fraser Sum 0.3","Esc",10262
1981,"Fraser Sum 0.3","Esc",16107
1982,"Fraser Sum 0.3","Esc",7822
1983,"Fraser Sum 0.3","Esc",9222
1984,"Fraser Sum 0.3","Esc",15460
1985,"Fraser Sum 0.3","Esc",20098
1986,"Fraser Sum 0.3","Esc",31776
1987,"Fraser Sum 0.3","Esc",30118
1988,"Fraser Sum 0.3","Esc",36865
1989,"Fraser Sum 0.3","Esc",32639
1990,"Fraser Sum 0.3","Esc",34663
1991,"Fraser Sum 0.3","Esc",29611
1992,"Fraser Sum 0.3","Esc",37293
1993,"Fraser Sum 0.3","Esc",27124
1994,"Fraser Sum 0.3","Esc",45592
1995,"Fraser Sum 0.3","Esc",26228
1996,"Fraser Sum 0.3","Esc",71562
1997,"Fraser Sum 0.3","Esc",56268
1998,"Fraser Sum 0.3","Esc",102187
1999,"Fraser Sum 0.3","Esc",67691
2000,"Fraser Sum 0.3","Esc",46946
2001,"Fraser Sum 0.3","Esc",78637
2002,"Fraser Sum 0.3","Esc",112586
2003,"Fraser Sum 0.3","Esc",89811
2004,"Fraser Sum 0.3","Esc",56849
2005,"Fraser Sum 0.3","Esc",95832
2006,"Fraser Sum 0.3","Esc",180207
2007,"Fraser Sum 0.3","Esc",73996
2008,"Fraser Sum 0.3","Esc",89819
2009,"Fraser Sum 0.3","Esc",86693
2010,"Fraser Sum 0.3","Esc",158413
2011,"Fraser Sum 0.3","Esc",127088
2012,"Fraser Sum 0.3","Esc",48016
2013,"Fraser Sum 0.3","Esc",119992
2014,"Fraser Sum 0.3","Esc",84700
2015,"Fraser Sum 0.3","Esc",178360
2016,"Fraser Sum 0.3","Esc",93615
2017,"Fraser Sum 0.3","Esc",84880
2018,"Fraser Sum 0.3","Esc",46940
2019,"Fraser Sum 0.3","Esc",169662
2020,"Fraser Sum 0.3","Esc",147983
2021,"Fraser Sum 0.3","Esc",176053
2022,"Fraser Sum 0.3","Esc",111265
1975,"Lower Shuswap","Calib. Total Adult Esc",31570
1975,"Lower Shuswap","Esc (MR)",NA
1976,"Lower Shuswap","Calib. Total Adult Esc",3347
1976,"Lower Shuswap","Esc (MR)",NA
1977,"Lower Shuswap","Calib. Total Adult Esc",15503
1977,"Lower Shuswap","Esc (MR)",NA
1978,"Lower Shuswap","Calib. Total Adult Esc",17220
1978,"Lower Shuswap","Esc (MR)",NA
1979,"Lower Shuswap","Calib. Total Adult Esc",16453
1979,"Lower Shuswap","Esc (MR)",NA
1980,"Lower Shuswap","Calib. Total Adult Esc",5723
1980,"Lower Shuswap","Esc (MR)",NA
1981,"Lower Shuswap","Calib. Total Adult Esc",8248
1981,"Lower Shuswap","Esc (MR)",NA
1982,"Lower Shuswap","Calib. Total Adult Esc",3347
1982,"Lower Shuswap","Esc (MR)",NA
1983,"Lower Shuswap","Calib. Total Adult Esc",NA
1983,"Lower Shuswap","Esc (MR)",5396
1984,"Lower Shuswap","Calib. Total Adult Esc",NA
1984,"Lower Shuswap","Esc (MR)",7582
1985,"Lower Shuswap","Calib. Total Adult Esc",NA
1985,"Lower Shuswap","Esc (MR)",10539
1986,"Lower Shuswap","Calib. Total Adult Esc",20334
1986,"Lower Shuswap","Esc (MR)",NA
1987,"Lower Shuswap","Calib. Total Adult Esc",16453
1987,"Lower Shuswap","Esc (MR)",NA
1988,"Lower Shuswap","Calib. Total Adult Esc",20334
1988,"Lower Shuswap","Esc (MR)",NA
1989,"Lower Shuswap","Calib. Total Adult Esc",18378
1989,"Lower Shuswap","Esc (MR)",NA
1990,"Lower Shuswap","Calib. Total Adult Esc",23779
1990,"Lower Shuswap","Esc (MR)",NA
1991,"Lower Shuswap","Calib. Total Adult Esc",15795
1991,"Lower Shuswap","Esc (MR)",NA
1992,"Lower Shuswap","Calib. Total Adult Esc",20358
1992,"Lower Shuswap","Esc (MR)",NA
1993,"Lower Shuswap","Calib. Total Adult Esc",13828
1993,"Lower Shuswap","Esc (MR)",NA
1994,"Lower Shuswap","Calib. Total Adult Esc",36410
1994,"Lower Shuswap","Esc (MR)",NA
1995,"Lower Shuswap","Calib. Total Adult Esc",14177
1995,"Lower Shuswap","Esc (MR)",NA
1996,"Lower Shuswap","Calib. Total Adult Esc",35358
1996,"Lower Shuswap","Esc (MR)",NA
1997,"Lower Shuswap","Calib. Total Adult Esc",19393
1997,"Lower Shuswap","Esc (MR)",NA
1998,"Lower Shuswap","Calib. Total Adult Esc",34338
1998,"Lower Shuswap","Esc (MR)",NA
1999,"Lower Shuswap","Calib. Total Adult Esc",46369
1999,"Lower Shuswap","Esc (MR)",NA
2000,"Lower Shuswap","Calib. Total Adult Esc",NA
2000,"Lower Shuswap","Esc (MR)",27800
2001,"Lower Shuswap","Calib. Total Adult Esc",NA
2001,"Lower Shuswap","Esc (MR)",35743
2002,"Lower Shuswap","Calib. Total Adult Esc",NA
2002,"Lower Shuswap","Esc (MR)",54219
2003,"Lower Shuswap","Calib. Total Adult Esc",39910
2003,"Lower Shuswap","Esc (MR)",NA
2004,"Lower Shuswap","Calib. Total Adult Esc",NA
2004,"Lower Shuswap","Esc (MR)",16963
2005,"Lower Shuswap","Calib. Total Adult Esc",NA
2005,"Lower Shuswap","Esc (MR)",17893
2006,"Lower Shuswap","Calib. Total Adult Esc",NA
2006,"Lower Shuswap","Esc (MR)",59085
2007,"Lower Shuswap","Calib. Total Adult Esc",NA
2007,"Lower Shuswap","Esc (MR)",15926
2008,"Lower Shuswap","Calib. Total Adult Esc",NA
2008,"Lower Shuswap","Esc (MR)",14921
2009,"Lower Shuswap","Calib. Total Adult Esc",NA
2009,"Lower Shuswap","Esc (MR)",25288
2010,"Lower Shuswap","Calib. Total Adult Esc",NA
2010,"Lower Shuswap","Esc (MR)",71354
2011,"Lower Shuswap","Calib. Total Adult Esc",NA
2011,"Lower Shuswap","Esc (MR)",18895
2012,"Lower Shuswap","Calib. Total Adult Esc",NA
2012,"Lower Shuswap","Esc (MR)",4091
2013,"Lower Shuswap","Calib. Total Adult Esc",NA
2013,"Lower Shuswap","Esc (MR)",28797
2014,"Lower Shuswap","Calib. Total Adult Esc",NA
2014,"Lower Shuswap","Esc (MR)",43952
2015,"Lower Shuswap","Calib. Total Adult Esc",NA
2015,"Lower Shuswap","Esc (MR)",39440
2016,"Lower Shuswap","Calib. Total Adult Esc",NA
2016,"Lower Shuswap","Esc (MR)",6438
2017,"Lower Shuswap","Calib. Total Adult Esc",NA
2017,"Lower Shuswap","Esc (MR)",13430
2018,"Lower Shuswap","Calib. Total Adult Esc",NA
2018,"Lower Shuswap","Esc (MR)",17120
2019,"Lower Shuswap","Calib. Total Adult Esc",NA
2019,"Lower Shuswap","Esc (MR)",29649
2020,"Lower Shuswap","Calib. Total Adult Esc",NA
2020,"Lower Shuswap","Esc (MR)",25528
2021,"Lower Shuswap","Calib. Total Adult Esc",NA
2021,"Lower Shuswap","Esc (MR)",29507
2022,"Lower Shuswap","Calib. Total Adult Esc",NA
2022,"Lower Shuswap","Esc (MR)",33914
1975,"Harrison","Esc",NA
1976,"Harrison","Esc",NA
1977,"Harrison","Esc",NA
1978,"Harrison","Esc",NA
1979,"Harrison","Esc",NA
1980,"Harrison","Esc",NA
1981,"Harrison","Esc",NA
1982,"Harrison","Esc",NA
1983,"Harrison","Esc",NA
1984,"Harrison","Esc",120835
1985,"Harrison","Esc",174776
1986,"Harrison","Esc",162594
1987,"Harrison","Esc",79036
1988,"Harrison","Esc",35114
1989,"Harrison","Esc",74683
1990,"Harrison","Esc",177373
1991,"Harrison","Esc",90636
1992,"Harrison","Esc",130409
1993,"Harrison","Esc",118997
1994,"Harrison","Esc",98342
1995,"Harrison","Esc",28616
1996,"Harrison","Esc",37392
1997,"Harrison","Esc",70514
1998,"Harrison","Esc",200258
1999,"Harrison","Esc",104415
2000,"Harrison","Esc",77754
2001,"Harrison","Esc",108502
2002,"Harrison","Esc",83011
2003,"Harrison","Esc",246986
2004,"Harrison","Esc",139126
2005,"Harrison","Esc",88589
2006,"Harrison","Esc",60421
2007,"Harrison","Esc",76483
2008,"Harrison","Esc",41603
2009,"Harrison","Esc",70142
2010,"Harrison","Esc",103558
2011,"Harrison","Esc",123647
2012,"Harrison","Esc",44467
2013,"Harrison","Esc",42953
2014,"Harrison","Esc",44686
2015,"Harrison","Esc",101516
2016,"Harrison","Esc",41327
2017,"Harrison","Esc",29799
2018,"Harrison","Esc",46094
2019,"Harrison","Esc",45186
2020,"Harrison","Esc",43087
2021,"Harrison","Esc",36449
2022,"Harrison","Esc",81649
1975,"Skagit Spr","Esc (Peak Ct)",627
1975,"Skagit Spr","Esc (Redd Ct)",NA
1976,"Skagit Spr","Esc (Peak Ct)",633
1976,"Skagit Spr","Esc (Redd Ct)",NA
1977,"Skagit Spr","Esc (Peak Ct)",520
1977,"Skagit Spr","Esc (Redd Ct)",NA
1978,"Skagit Spr","Esc (Peak Ct)",932
1978,"Skagit Spr","Esc (Redd Ct)",NA
1979,"Skagit Spr","Esc (Peak Ct)",818
1979,"Skagit Spr","Esc (Redd Ct)",NA
1980,"Skagit Spr","Esc (Peak Ct)",1408
1980,"Skagit Spr","Esc (Redd Ct)",NA
1981,"Skagit Spr","Esc (Peak Ct)",1045
1981,"Skagit Spr","Esc (Redd Ct)",NA
1982,"Skagit Spr","Esc (Peak Ct)",753
1982,"Skagit Spr","Esc (Redd Ct)",NA
1983,"Skagit Spr","Esc (Peak Ct)",554
1983,"Skagit Spr","Esc (Redd Ct)",NA
1984,"Skagit Spr","Esc (Peak Ct)",696
1984,"Skagit Spr","Esc (Redd Ct)",NA
1985,"Skagit Spr","Esc (Peak Ct)",2634
1985,"Skagit Spr","Esc (Redd Ct)",NA
1986,"Skagit Spr","Esc (Peak Ct)",1922
1986,"Skagit Spr","Esc (Redd Ct)",NA
1987,"Skagit Spr","Esc (Peak Ct)",1745
1987,"Skagit Spr","Esc (Redd Ct)",NA
1988,"Skagit Spr","Esc (Peak Ct)",1743
1988,"Skagit Spr","Esc (Redd Ct)",NA
1989,"Skagit Spr","Esc (Peak Ct)",1400
1989,"Skagit Spr","Esc (Redd Ct)",NA
1990,"Skagit Spr","Esc (Peak Ct)",1511
1990,"Skagit Spr","Esc (Redd Ct)",NA
1991,"Skagit Spr","Esc (Peak Ct)",1236
1991,"Skagit Spr","Esc (Redd Ct)",NA
1992,"Skagit Spr","Esc (Peak Ct)",NA
1992,"Skagit Spr","Esc (Redd Ct)",986
1993,"Skagit Spr","Esc (Peak Ct)",NA
1993,"Skagit Spr","Esc (Redd Ct)",782
1994,"Skagit Spr","Esc (Peak Ct)",NA
1994,"Skagit Spr","Esc (Redd Ct)",470
1995,"Skagit Spr","Esc (Peak Ct)",NA
1995,"Skagit Spr","Esc (Redd Ct)",855
1996,"Skagit Spr","Esc (Peak Ct)",NA
1996,"Skagit Spr","Esc (Redd Ct)",1051
1997,"Skagit Spr","Esc (Peak Ct)",NA
1997,"Skagit Spr","Esc (Redd Ct)",1041
1998,"Skagit Spr","Esc (Peak Ct)",NA
1998,"Skagit Spr","Esc (Redd Ct)",1071
1999,"Skagit Spr","Esc (Peak Ct)",NA
1999,"Skagit Spr","Esc (Redd Ct)",471
2000,"Skagit Spr","Esc (Peak Ct)",NA
2000,"Skagit Spr","Esc (Redd Ct)",1021
2001,"Skagit Spr","Esc (Peak Ct)",NA
2001,"Skagit Spr","Esc (Redd Ct)",1852
2002,"Skagit Spr","Esc (Peak Ct)",NA
2002,"Skagit Spr","Esc (Redd Ct)",1026
2003,"Skagit Spr","Esc (Peak Ct)",NA
2003,"Skagit Spr","Esc (Redd Ct)",844
2004,"Skagit Spr","Esc (Peak Ct)",NA
2004,"Skagit Spr","Esc (Redd Ct)",1575
2005,"Skagit Spr","Esc (Peak Ct)",NA
2005,"Skagit Spr","Esc (Redd Ct)",1208
2006,"Skagit Spr","Esc (Peak Ct)",NA
2006,"Skagit Spr","Esc (Redd Ct)",1896
2007,"Skagit Spr","Esc (Peak Ct)",NA
2007,"Skagit Spr","Esc (Redd Ct)",613
2008,"Skagit Spr","Esc (Peak Ct)",NA
2008,"Skagit Spr","Esc (Redd Ct)",1470
2009,"Skagit Spr","Esc (Peak Ct)",NA
2009,"Skagit Spr","Esc (Redd Ct)",978
2010,"Skagit Spr","Esc (Peak Ct)",NA
2010,"Skagit Spr","Esc (Redd Ct)",1361
2011,"Skagit Spr","Esc (Peak Ct)",NA
2011,"Skagit Spr","Esc (Redd Ct)",794
2012,"Skagit Spr","Esc (Peak Ct)",NA
2012,"Skagit Spr","Esc (Redd Ct)",2763
2013,"Skagit Spr","Esc (Peak Ct)",NA
2013,"Skagit Spr","Esc (Redd Ct)",1976
2014,"Skagit Spr","Esc (Peak Ct)",NA
2014,"Skagit Spr","Esc (Redd Ct)",1608
2015,"Skagit Spr","Esc (Peak Ct)",NA
2015,"Skagit Spr","Esc (Redd Ct)",1409
2016,"Skagit Spr","Esc (Peak Ct)",NA
2016,"Skagit Spr","Esc (Redd Ct)",2429
2017,"Skagit Spr","Esc (Peak Ct)",NA
2017,"Skagit Spr","Esc (Redd Ct)",2851
2018,"Skagit Spr","Esc (Peak Ct)",NA
2018,"Skagit Spr","Esc (Redd Ct)",2376
2019,"Skagit Spr","Esc (Peak Ct)",NA
2019,"Skagit Spr","Esc (Redd Ct)",1131
2020,"Skagit Spr","Esc (Peak Ct)",NA
2020,"Skagit Spr","Esc (Redd Ct)",1449
2021,"Skagit Spr","Esc (Peak Ct)",NA
2021,"Skagit Spr","Esc (Redd Ct)",1602
2022,"Skagit Spr","Esc (Peak Ct)",NA
2022,"Skagit Spr","Esc (Redd Ct)",3487
1975,"Skagit SumFall","Esc",11320
1976,"Skagit SumFall","Esc",14120
1977,"Skagit SumFall","Esc",9218
1978,"Skagit SumFall","Esc",13075
1979,"Skagit SumFall","Esc",13306
1980,"Skagit SumFall","Esc",20058
1981,"Skagit SumFall","Esc",8283
1982,"Skagit SumFall","Esc",9910
1983,"Skagit SumFall","Esc",8723
1984,"Skagit SumFall","Esc",12628
1985,"Skagit SumFall","Esc",16002
1986,"Skagit SumFall","Esc",17908
1987,"Skagit SumFall","Esc",9409
1988,"Skagit SumFall","Esc",11468
1989,"Skagit SumFall","Esc",6684
1990,"Skagit SumFall","Esc",16521
1991,"Skagit SumFall","Esc",5824
1992,"Skagit SumFall","Esc",7348
1993,"Skagit SumFall","Esc",5801
1994,"Skagit SumFall","Esc",5561
1995,"Skagit SumFall","Esc",6892
1996,"Skagit SumFall","Esc",10613
1997,"Skagit SumFall","Esc",4872
1998,"Skagit SumFall","Esc",14609
1999,"Skagit SumFall","Esc",4924
2000,"Skagit SumFall","Esc",16930
2001,"Skagit SumFall","Esc",13793
2002,"Skagit SumFall","Esc",19591
2003,"Skagit SumFall","Esc",9777
2004,"Skagit SumFall","Esc",23553
2005,"Skagit SumFall","Esc",20803
2006,"Skagit SumFall","Esc",20768
2007,"Skagit SumFall","Esc",11281
2008,"Skagit SumFall","Esc",11664
2009,"Skagit SumFall","Esc",6979
2010,"Skagit SumFall","Esc",8017
2011,"Skagit SumFall","Esc",5510
2012,"Skagit SumFall","Esc",13817
2013,"Skagit SumFall","Esc",10882
2014,"Skagit SumFall","Esc",10480
2015,"Skagit SumFall","Esc",13076
2016,"Skagit SumFall","Esc",19290
2017,"Skagit SumFall","Esc",12579
2018,"Skagit SumFall","Esc",10903
2019,"Skagit SumFall","Esc",11810
2020,"Skagit SumFall","Esc",10865
2021,"Skagit SumFall","Esc",9177
2022,"Skagit SumFall","Esc",17323
1975,"Stillaguamish","Esc (Redd Ct)",1198
1975,"Stillaguamish","Esc (tGMR)",NA
1976,"Stillaguamish","Esc (Redd Ct)",2140
1976,"Stillaguamish","Esc (tGMR)",NA
1977,"Stillaguamish","Esc (Redd Ct)",1475
1977,"Stillaguamish","Esc (tGMR)",NA
1978,"Stillaguamish","Esc (Redd Ct)",1232
1978,"Stillaguamish","Esc (tGMR)",NA
1979,"Stillaguamish","Esc (Redd Ct)",1042
1979,"Stillaguamish","Esc (tGMR)",NA
1980,"Stillaguamish","Esc (Redd Ct)",821
1980,"Stillaguamish","Esc (tGMR)",NA
1981,"Stillaguamish","Esc (Redd Ct)",630
1981,"Stillaguamish","Esc (tGMR)",NA
1982,"Stillaguamish","Esc (Redd Ct)",773
1982,"Stillaguamish","Esc (tGMR)",NA
1983,"Stillaguamish","Esc (Redd Ct)",387
1983,"Stillaguamish","Esc (tGMR)",NA
1984,"Stillaguamish","Esc (Redd Ct)",374
1984,"Stillaguamish","Esc (tGMR)",NA
1985,"Stillaguamish","Esc (Redd Ct)",1409
1985,"Stillaguamish","Esc (tGMR)",NA
1986,"Stillaguamish","Esc (Redd Ct)",1277
1986,"Stillaguamish","Esc (tGMR)",NA
1987,"Stillaguamish","Esc (Redd Ct)",1321
1987,"Stillaguamish","Esc (tGMR)",NA
1988,"Stillaguamish","Esc (Redd Ct)",715
1988,"Stillaguamish","Esc (tGMR)",867
1989,"Stillaguamish","Esc (Redd Ct)",782
1989,"Stillaguamish","Esc (tGMR)",956
1990,"Stillaguamish","Esc (Redd Ct)",840
1990,"Stillaguamish","Esc (tGMR)",1032
1991,"Stillaguamish","Esc (Redd Ct)",1531
1991,"Stillaguamish","Esc (tGMR)",1948
1992,"Stillaguamish","Esc (Redd Ct)",637
1992,"Stillaguamish","Esc (tGMR)",764
1993,"Stillaguamish","Esc (Redd Ct)",717
1993,"Stillaguamish","Esc (tGMR)",870
1994,"Stillaguamish","Esc (Redd Ct)",770
1994,"Stillaguamish","Esc (tGMR)",941
1995,"Stillaguamish","Esc (Redd Ct)",773
1995,"Stillaguamish","Esc (tGMR)",944
1996,"Stillaguamish","Esc (Redd Ct)",1240
1996,"Stillaguamish","Esc (tGMR)",1563
1997,"Stillaguamish","Esc (Redd Ct)",1152
1997,"Stillaguamish","Esc (tGMR)",1447
1998,"Stillaguamish","Esc (Redd Ct)",1539
1998,"Stillaguamish","Esc (tGMR)",1959
1999,"Stillaguamish","Esc (Redd Ct)",1095
1999,"Stillaguamish","Esc (tGMR)",1370
2000,"Stillaguamish","Esc (Redd Ct)",1639
2000,"Stillaguamish","Esc (tGMR)",2092
2001,"Stillaguamish","Esc (Redd Ct)",1345
2001,"Stillaguamish","Esc (tGMR)",1702
2002,"Stillaguamish","Esc (Redd Ct)",1583
2002,"Stillaguamish","Esc (tGMR)",2017
2003,"Stillaguamish","Esc (Redd Ct)",984
2003,"Stillaguamish","Esc (tGMR)",1224
2004,"Stillaguamish","Esc (Redd Ct)",1501
2004,"Stillaguamish","Esc (tGMR)",1908
2005,"Stillaguamish","Esc (Redd Ct)",1032
2005,"Stillaguamish","Esc (tGMR)",1287
2006,"Stillaguamish","Esc (Redd Ct)",1250
2006,"Stillaguamish","Esc (tGMR)",1576
2007,"Stillaguamish","Esc (Redd Ct)",605
2007,"Stillaguamish","Esc (tGMR)",721
2008,"Stillaguamish","Esc (Redd Ct)",1671
2008,"Stillaguamish","Esc (tGMR)",1711
2009,"Stillaguamish","Esc (Redd Ct)",1001
2009,"Stillaguamish","Esc (tGMR)",1239
2010,"Stillaguamish","Esc (Redd Ct)",783
2010,"Stillaguamish","Esc (tGMR)",837
2011,"Stillaguamish","Esc (Redd Ct)",1017
2011,"Stillaguamish","Esc (tGMR)",1637
2012,"Stillaguamish","Esc (Redd Ct)",1534
2012,"Stillaguamish","Esc (tGMR)",1787
2013,"Stillaguamish","Esc (Redd Ct)",854
2013,"Stillaguamish","Esc (tGMR)",997
2014,"Stillaguamish","Esc (Redd Ct)",432
2014,"Stillaguamish","Esc (tGMR)",419
2015,"Stillaguamish","Esc (Redd Ct)",459
2015,"Stillaguamish","Esc (tGMR)",709
2016,"Stillaguamish","Esc (Redd Ct)",861
2016,"Stillaguamish","Esc (tGMR)",1053
2017,"Stillaguamish","Esc (Redd Ct)",1075
2017,"Stillaguamish","Esc (tGMR)",1070
2018,"Stillaguamish","Esc (Redd Ct)",562
2018,"Stillaguamish","Esc (tGMR)",966
2019,"Stillaguamish","Esc (Redd Ct)",440
2019,"Stillaguamish","Esc (tGMR)",944
2020,"Stillaguamish","Esc (Redd Ct)",702
2020,"Stillaguamish","Esc (tGMR)",1443
2021,"Stillaguamish","Esc (Redd Ct)",555
2021,"Stillaguamish","Esc (tGMR)",1579
2022,"Stillaguamish","Esc (Redd Ct)",1407
2022,"Stillaguamish","Esc (tGMR)",1530
1975,"Snohomish","Esc",3953
1975,"Snohomish","Esc (tGMR)",NA
1976,"Snohomish","Esc",4659
1976,"Snohomish","Esc (tGMR)",NA
1977,"Snohomish","Esc",5542
1977,"Snohomish","Esc (tGMR)",NA
1978,"Snohomish","Esc",7905
1978,"Snohomish","Esc (tGMR)",NA
1979,"Snohomish","Esc",5726
1979,"Snohomish","Esc (tGMR)",NA
1980,"Snohomish","Esc",6526
1980,"Snohomish","Esc (tGMR)",NA
1981,"Snohomish","Esc",3330
1981,"Snohomish","Esc (tGMR)",NA
1982,"Snohomish","Esc",4498
1982,"Snohomish","Esc (tGMR)",NA
1983,"Snohomish","Esc",4537
1983,"Snohomish","Esc (tGMR)",NA
1984,"Snohomish","Esc",3484
1984,"Snohomish","Esc (tGMR)",NA
1985,"Snohomish","Esc",4730
1985,"Snohomish","Esc (tGMR)",NA
1986,"Snohomish","Esc",4534
1986,"Snohomish","Esc (tGMR)",NA
1987,"Snohomish","Esc",4689
1987,"Snohomish","Esc (tGMR)",NA
1988,"Snohomish","Esc",4513
1988,"Snohomish","Esc (tGMR)",NA
1989,"Snohomish","Esc",3173
1989,"Snohomish","Esc (tGMR)",NA
1990,"Snohomish","Esc",4722
1990,"Snohomish","Esc (tGMR)",NA
1991,"Snohomish","Esc",2800
1991,"Snohomish","Esc (tGMR)",NA
1992,"Snohomish","Esc",2708
1992,"Snohomish","Esc (tGMR)",NA
1993,"Snohomish","Esc",4019
1993,"Snohomish","Esc (tGMR)",NA
1994,"Snohomish","Esc",3406
1994,"Snohomish","Esc (tGMR)",NA
1995,"Snohomish","Esc",3356
1995,"Snohomish","Esc (tGMR)",NA
1996,"Snohomish","Esc",4851
1996,"Snohomish","Esc (tGMR)",NA
1997,"Snohomish","Esc",4078
1997,"Snohomish","Esc (tGMR)",NA
1998,"Snohomish","Esc",6306
1998,"Snohomish","Esc (tGMR)",NA
1999,"Snohomish","Esc",4791
1999,"Snohomish","Esc (tGMR)",NA
2000,"Snohomish","Esc",6095
2000,"Snohomish","Esc (tGMR)",NA
2001,"Snohomish","Esc",8166
2001,"Snohomish","Esc (tGMR)",NA
2002,"Snohomish","Esc",7223
2002,"Snohomish","Esc (tGMR)",NA
2003,"Snohomish","Esc",5447
2003,"Snohomish","Esc (tGMR)",NA
2004,"Snohomish","Esc",10602
2004,"Snohomish","Esc (tGMR)",NA
2005,"Snohomish","Esc",4480
2005,"Snohomish","Esc (tGMR)",NA
2006,"Snohomish","Esc",8188
2006,"Snohomish","Esc (tGMR)",NA
2007,"Snohomish","Esc",3982
2007,"Snohomish","Esc (tGMR)",NA
2008,"Snohomish","Esc",8373
2008,"Snohomish","Esc (tGMR)",NA
2009,"Snohomish","Esc",2309
2009,"Snohomish","Esc (tGMR)",NA
2010,"Snohomish","Esc",4299
2010,"Snohomish","Esc (tGMR)",NA
2011,"Snohomish","Esc",1883
2011,"Snohomish","Esc (tGMR)",5384
2012,"Snohomish","Esc",5124
2012,"Snohomish","Esc (tGMR)",5692
2013,"Snohomish","Esc",3244
2013,"Snohomish","Esc (tGMR)",14173
2014,"Snohomish","Esc",3902
2014,"Snohomish","Esc (tGMR)",5214
2015,"Snohomish","Esc",3863
2015,"Snohomish","Esc (tGMR)",5885
2016,"Snohomish","Esc",5153
2016,"Snohomish","Esc (tGMR)",14914
2017,"Snohomish","Esc",6119
2017,"Snohomish","Esc (tGMR)",15011
2018,"Snohomish","Esc",4210
2018,"Snohomish","Esc (tGMR)",NA
2019,"Snohomish","Esc",1642
2019,"Snohomish","Esc (tGMR)",NA
2020,"Snohomish","Esc",3933
2020,"Snohomish","Esc (tGMR)",NA
2021,"Snohomish","Esc",2999
2021,"Snohomish","Esc (tGMR)",NA
2022,"Snohomish","Esc",5635
2022,"Snohomish","Esc (tGMR)",NA
1975,"Green","Esc (Redd Ct)",3394
1975,"Green","Esc (MR)",NA
1976,"Green","Esc (Redd Ct)",3140
1976,"Green","Esc (MR)",NA
1977,"Green","Esc (Redd Ct)",3804
1977,"Green","Esc (MR)",NA
1978,"Green","Esc (Redd Ct)",3304
1978,"Green","Esc (MR)",NA
1979,"Green","Esc (Redd Ct)",9704
1979,"Green","Esc (MR)",NA
1980,"Green","Esc (Redd Ct)",7743
1980,"Green","Esc (MR)",NA
1981,"Green","Esc (Redd Ct)",3606
1981,"Green","Esc (MR)",NA
1982,"Green","Esc (Redd Ct)",1840
1982,"Green","Esc (MR)",NA
1983,"Green","Esc (Redd Ct)",3679
1983,"Green","Esc (MR)",NA
1984,"Green","Esc (Redd Ct)",3353
1984,"Green","Esc (MR)",NA
1985,"Green","Esc (Redd Ct)",2908
1985,"Green","Esc (MR)",NA
1986,"Green","Esc (Redd Ct)",4792
1986,"Green","Esc (MR)",NA
1987,"Green","Esc (Redd Ct)",10338
1987,"Green","Esc (MR)",NA
1988,"Green","Esc (Redd Ct)",7994
1988,"Green","Esc (MR)",NA
1989,"Green","Esc (Redd Ct)",11512
1989,"Green","Esc (MR)",NA
1990,"Green","Esc (Redd Ct)",7035
1990,"Green","Esc (MR)",NA
1991,"Green","Esc (Redd Ct)",10548
1991,"Green","Esc (MR)",NA
1992,"Green","Esc (Redd Ct)",5267
1992,"Green","Esc (MR)",NA
1993,"Green","Esc (Redd Ct)",2476
1993,"Green","Esc (MR)",NA
1994,"Green","Esc (Redd Ct)",4078
1994,"Green","Esc (MR)",NA
1995,"Green","Esc (Redd Ct)",7939
1995,"Green","Esc (MR)",NA
1996,"Green","Esc (Redd Ct)",6026
1996,"Green","Esc (MR)",NA
1997,"Green","Esc (Redd Ct)",7101
1997,"Green","Esc (MR)",NA
1998,"Green","Esc (Redd Ct)",5963
1998,"Green","Esc (MR)",NA
1999,"Green","Esc (Redd Ct)",7135
1999,"Green","Esc (MR)",NA
2000,"Green","Esc (Redd Ct)",4473
2000,"Green","Esc (MR)",10526
2001,"Green","Esc (Redd Ct)",6473
2001,"Green","Esc (MR)",21402
2002,"Green","Esc (Redd Ct)",7564
2002,"Green","Esc (MR)",14857
2003,"Green","Esc (Redd Ct)",5864
2003,"Green","Esc (MR)",NA
2004,"Green","Esc (Redd Ct)",7947
2004,"Green","Esc (MR)",NA
2005,"Green","Esc (Redd Ct)",2523
2005,"Green","Esc (MR)",NA
2006,"Green","Esc (Redd Ct)",5790
2006,"Green","Esc (MR)",NA
2007,"Green","Esc (Redd Ct)",4301
2007,"Green","Esc (MR)",NA
2008,"Green","Esc (Redd Ct)",5971
2008,"Green","Esc (MR)",NA
2009,"Green","Esc (Redd Ct)",688
2009,"Green","Esc (MR)",NA
2010,"Green","Esc (Redd Ct)",2092
2010,"Green","Esc (tGMR)",4541
2011,"Green","Esc (Redd Ct)",993
2011,"Green","Esc (tGMR)",3382
2012,"Green","Esc (Redd Ct)",3091
2012,"Green","Esc (tGMR)",4528
2013,"Green","Esc (Redd Ct)",2041
2013,"Green","Esc (tGMR)",NA
2014,"Green","Esc (Redd Ct)",2730
2014,"Green","Esc (tGMR)",NA
2015,"Green","Esc (Redd Ct)",4087
2015,"Green","Esc (tGMR)",NA
2016,"Green","Esc (Redd Ct)",10063
2016,"Green","Esc (tGMR)",NA
2017,"Green","Esc (Redd Ct)",8357
2017,"Green","Esc (tGMR)",NA
2018,"Green","Esc (Redd Ct)",6891
2018,"Green","Esc (tGMR)",NA
2019,"Green","Esc (Redd Ct)",2976
2019,"Green","Esc (tGMR)",NA
2020,"Green","Esc (Redd Ct)",4300
2020,"Green","Esc (tGMR)",NA
2021,"Green","Esc (Redd Ct)",3070
2021,"Green","Esc (tGMR)",NA
2022,"Green","Esc (Redd Ct)",5587
2022,"Green","Esc (tGMR)",NA
1975,"Nooksack","Total Esc",NA
1975,"Nooksack","Total Nat. Origin Esc",NA
1975,"Nooksack","Esc (tGMR)",NA
1976,"Nooksack","Total Esc",NA
1976,"Nooksack","Total Nat. Origin Esc",NA
1976,"Nooksack","Esc (tGMR)",NA
1977,"Nooksack","Total Esc",NA
1977,"Nooksack","Total Nat. Origin Esc",NA
1977,"Nooksack","Esc (tGMR)",NA
1978,"Nooksack","Total Esc",NA
1978,"Nooksack","Total Nat. Origin Esc",NA
1978,"Nooksack","Esc (tGMR)",NA
1979,"Nooksack","Total Esc",NA
1979,"Nooksack","Total Nat. Origin Esc",NA
1979,"Nooksack","Esc (tGMR)",NA
1980,"Nooksack","Total Esc",NA
1980,"Nooksack","Total Nat. Origin Esc",NA
1980,"Nooksack","Esc (tGMR)",NA
1981,"Nooksack","Total Esc",NA
1981,"Nooksack","Total Nat. Origin Esc",NA
1981,"Nooksack","Esc (tGMR)",NA
1982,"Nooksack","Total Esc",NA
1982,"Nooksack","Total Nat. Origin Esc",NA
1982,"Nooksack","Esc (tGMR)",NA
1983,"Nooksack","Total Esc",NA
1983,"Nooksack","Total Nat. Origin Esc",NA
1983,"Nooksack","Esc (tGMR)",NA
1984,"Nooksack","Total Esc",233
1984,"Nooksack","Total Nat. Origin Esc",NA
1984,"Nooksack","Esc (tGMR)",NA
1985,"Nooksack","Total Esc",703
1985,"Nooksack","Total Nat. Origin Esc",NA
1985,"Nooksack","Esc (tGMR)",NA
1986,"Nooksack","Total Esc",396
1986,"Nooksack","Total Nat. Origin Esc",NA
1986,"Nooksack","Esc (tGMR)",NA
1987,"Nooksack","Total Esc",429
1987,"Nooksack","Total Nat. Origin Esc",NA
1987,"Nooksack","Esc (tGMR)",NA
1988,"Nooksack","Total Esc",689
1988,"Nooksack","Total Nat. Origin Esc",NA
1988,"Nooksack","Esc (tGMR)",NA
1989,"Nooksack","Total Esc",909
1989,"Nooksack","Total Nat. Origin Esc",NA
1989,"Nooksack","Esc (tGMR)",NA
1990,"Nooksack","Total Esc",152
1990,"Nooksack","Total Nat. Origin Esc",NA
1990,"Nooksack","Esc (tGMR)",NA
1991,"Nooksack","Total Esc",473
1991,"Nooksack","Total Nat. Origin Esc",NA
1991,"Nooksack","Esc (tGMR)",NA
1992,"Nooksack","Total Esc",601
1992,"Nooksack","Total Nat. Origin Esc",NA
1992,"Nooksack","Esc (tGMR)",NA
1993,"Nooksack","Total Esc",684
1993,"Nooksack","Total Nat. Origin Esc",NA
1993,"Nooksack","Esc (tGMR)",NA
1994,"Nooksack","Total Esc",163
1994,"Nooksack","Total Nat. Origin Esc",NA
1994,"Nooksack","Esc (tGMR)",NA
1995,"Nooksack","Total Esc",520
1995,"Nooksack","Total Nat. Origin Esc",NA
1995,"Nooksack","Esc (tGMR)",NA
1996,"Nooksack","Total Esc",738
1996,"Nooksack","Total Nat. Origin Esc",NA
1996,"Nooksack","Esc (tGMR)",NA
1997,"Nooksack","Total Esc",797
1997,"Nooksack","Total Nat. Origin Esc",NA
1997,"Nooksack","Esc (tGMR)",NA
1998,"Nooksack","Total Esc",527
1998,"Nooksack","Total Nat. Origin Esc",37
1998,"Nooksack","Esc (tGMR)",NA
1999,"Nooksack","Total Esc",1111
1999,"Nooksack","Total Nat. Origin Esc",117
1999,"Nooksack","Esc (tGMR)",NA
2000,"Nooksack","Total Esc",1615
2000,"Nooksack","Total Nat. Origin Esc",313
2000,"Nooksack","Esc (tGMR)",NA
2001,"Nooksack","Total Esc",2629
2001,"Nooksack","Total Nat. Origin Esc",473
2001,"Nooksack","Esc (tGMR)",NA
2002,"Nooksack","Total Esc",4366
2002,"Nooksack","Total Nat. Origin Esc",415
2002,"Nooksack","Esc (tGMR)",NA
2003,"Nooksack","Total Esc",3448
2003,"Nooksack","Total Nat. Origin Esc",279
2003,"Nooksack","Esc (tGMR)",NA
2004,"Nooksack","Total Esc",1891
2004,"Nooksack","Total Nat. Origin Esc",373
2004,"Nooksack","Esc (tGMR)",NA
2005,"Nooksack","Total Esc",2279
2005,"Nooksack","Total Nat. Origin Esc",284
2005,"Nooksack","Esc (tGMR)",NA
2006,"Nooksack","Total Esc",1716
2006,"Nooksack","Total Nat. Origin Esc",442
2006,"Nooksack","Esc (tGMR)",NA
2007,"Nooksack","Total Esc",1786
2007,"Nooksack","Total Nat. Origin Esc",407
2007,"Nooksack","Esc (tGMR)",NA
2008,"Nooksack","Total Esc",1714
2008,"Nooksack","Total Nat. Origin Esc",497
2008,"Nooksack","Esc (tGMR)",2714
2009,"Nooksack","Total Esc",2114
2009,"Nooksack","Total Nat. Origin Esc",358
2009,"Nooksack","Esc (tGMR)",2889
2010,"Nooksack","Total Esc",2378
2010,"Nooksack","Total Nat. Origin Esc",1178
2010,"Nooksack","Esc (tGMR)",4303
2011,"Nooksack","Total Esc",1178
2011,"Nooksack","Total Nat. Origin Esc",237
2011,"Nooksack","Esc (tGMR)",2620
2012,"Nooksack","Total Esc",1103
2012,"Nooksack","Total Nat. Origin Esc",554
2012,"Nooksack","Esc (tGMR)",2176
2013,"Nooksack","Total Esc",1539
2013,"Nooksack","Total Nat. Origin Esc",145
2013,"Nooksack","Esc (tGMR)",4879
2014,"Nooksack","Total Esc",1573
2014,"Nooksack","Total Nat. Origin Esc",165
2014,"Nooksack","Esc (tGMR)",2249
2015,"Nooksack","Total Esc",1779
2015,"Nooksack","Total Nat. Origin Esc",443
2015,"Nooksack","Esc (tGMR)",3878
2016,"Nooksack","Total Esc",1776
2016,"Nooksack","Total Nat. Origin Esc",700
2016,"Nooksack","Esc (tGMR)",3711
2017,"Nooksack","Total Esc",2926
2017,"Nooksack","Total Nat. Origin Esc",317
2017,"Nooksack","Esc (tGMR)",6727
2018,"Nooksack","Total Esc",3117
2018,"Nooksack","Total Nat. Origin Esc",510
2018,"Nooksack","Esc (tGMR)",4492
2019,"Nooksack","Total Esc",1418
2019,"Nooksack","Total Nat. Origin Esc",109
2019,"Nooksack","Esc (tGMR)",4796
2020,"Nooksack","Total Esc",1805
2020,"Nooksack","Total Nat. Origin Esc",333
2020,"Nooksack","Esc (tGMR)",NA
2021,"Nooksack","Total Esc",2421
2021,"Nooksack","Total Nat. Origin Esc",209
2021,"Nooksack","Esc (tGMR)",NA
2022,"Nooksack","Total Esc",4319
2022,"Nooksack","Total Nat. Origin Esc",209
2022,"Nooksack","Esc (tGMR)",NA
1975,"Lake Washington","Esc",656
1976,"Lake Washington","Esc",547
1977,"Lake Washington","Esc",675
1978,"Lake Washington","Esc",890
1979,"Lake Washington","Esc",1243
1980,"Lake Washington","Esc",1360
1981,"Lake Washington","Esc",624
1982,"Lake Washington","Esc",763
1983,"Lake Washington","Esc",1332
1984,"Lake Washington","Esc",1252
1985,"Lake Washington","Esc",949
1986,"Lake Washington","Esc",1470
1987,"Lake Washington","Esc",2038
1988,"Lake Washington","Esc",792
1989,"Lake Washington","Esc",1011
1990,"Lake Washington","Esc",787
1991,"Lake Washington","Esc",661
1992,"Lake Washington","Esc",790
1993,"Lake Washington","Esc",245
1994,"Lake Washington","Esc",888
1995,"Lake Washington","Esc",930
1996,"Lake Washington","Esc",336
1997,"Lake Washington","Esc",294
1998,"Lake Washington","Esc",697
1999,"Lake Washington","Esc",992
2000,"Lake Washington","Esc",361
2001,"Lake Washington","Esc",1434
2002,"Lake Washington","Esc",971
2003,"Lake Washington","Esc",1055
2004,"Lake Washington","Esc",1424
2005,"Lake Washington","Esc",1063
2006,"Lake Washington","Esc",1599
2007,"Lake Washington","Esc",2409
2008,"Lake Washington","Esc",1681
2009,"Lake Washington","Esc",793
2010,"Lake Washington","Esc",739
2011,"Lake Washington","Esc",886
2012,"Lake Washington","Esc",1614
2013,"Lake Washington","Esc",1903
2014,"Lake Washington","Esc",626
2015,"Lake Washington","Esc",2024
2016,"Lake Washington","Esc",1308
2017,"Lake Washington","Esc",2317
2018,"Lake Washington","Esc",978
2019,"Lake Washington","Esc",999
2020,"Lake Washington","Esc",607
2021,"Lake Washington","Esc",1330
2022,"Lake Washington","Esc",1037
1975,"Hoko","Esc",NA
1976,"Hoko","Esc",NA
1977,"Hoko","Esc",NA
1978,"Hoko","Esc",NA
1979,"Hoko","Esc",NA
1980,"Hoko","Esc",NA
1981,"Hoko","Esc",NA
1982,"Hoko","Esc",NA
1983,"Hoko","Esc",NA
1984,"Hoko","Esc",NA
1985,"Hoko","Esc",NA
1986,"Hoko","Esc",801
1987,"Hoko","Esc",581
1988,"Hoko","Esc",686
1989,"Hoko","Esc",775
1990,"Hoko","Esc",378
1991,"Hoko","Esc",894
1992,"Hoko","Esc",642
1993,"Hoko","Esc",775
1994,"Hoko","Esc",332
1995,"Hoko","Esc",750
1996,"Hoko","Esc",1227
1997,"Hoko","Esc",768
1998,"Hoko","Esc",1618
1999,"Hoko","Esc",1497
2000,"Hoko","Esc",612
2001,"Hoko","Esc",768
2002,"Hoko","Esc",443
2003,"Hoko","Esc",863
2004,"Hoko","Esc",866
2005,"Hoko","Esc",203
2006,"Hoko","Esc",845
2007,"Hoko","Esc",462
2008,"Hoko","Esc",431
2009,"Hoko","Esc",69
2010,"Hoko","Esc",319
2011,"Hoko","Esc",1275
2012,"Hoko","Esc",401
2013,"Hoko","Esc",656
2014,"Hoko","Esc",1534
2015,"Hoko","Esc",2425
2016,"Hoko","Esc",624
2017,"Hoko","Esc",913
2018,"Hoko","Esc",1945
2019,"Hoko","Esc",1557
2020,"Hoko","Esc",1839
2021,"Hoko","Esc",1881
2022,"Hoko","Esc",1168
1975,"Quillayute Sum","Esc",NA
1976,"Quillayute Sum","Esc",1300
1977,"Quillayute Sum","Esc",3800
1978,"Quillayute Sum","Esc",2300
1979,"Quillayute Sum","Esc",2100
1980,"Quillayute Sum","Esc",964
1981,"Quillayute Sum","Esc",815
1982,"Quillayute Sum","Esc",1126
1983,"Quillayute Sum","Esc",548
1984,"Quillayute Sum","Esc",618
1985,"Quillayute Sum","Esc",550
1986,"Quillayute Sum","Esc",853
1987,"Quillayute Sum","Esc",666
1988,"Quillayute Sum","Esc",2599
1989,"Quillayute Sum","Esc",2407
1990,"Quillayute Sum","Esc",1483
1991,"Quillayute Sum","Esc",1188
1992,"Quillayute Sum","Esc",1009
1993,"Quillayute Sum","Esc",1292
1994,"Quillayute Sum","Esc",974
1995,"Quillayute Sum","Esc",1333
1996,"Quillayute Sum","Esc",1170
1997,"Quillayute Sum","Esc",890
1998,"Quillayute Sum","Esc",1599
1999,"Quillayute Sum","Esc",713
2000,"Quillayute Sum","Esc",989
2001,"Quillayute Sum","Esc",1225
2002,"Quillayute Sum","Esc",1002
2003,"Quillayute Sum","Esc",1219
2004,"Quillayute Sum","Esc",1093
2005,"Quillayute Sum","Esc",876
2006,"Quillayute Sum","Esc",553
2007,"Quillayute Sum","Esc",502
2008,"Quillayute Sum","Esc",949
2009,"Quillayute Sum","Esc",646
2010,"Quillayute Sum","Esc",815
2011,"Quillayute Sum","Esc",587
2012,"Quillayute Sum","Esc",785
2013,"Quillayute Sum","Esc",968
2014,"Quillayute Sum","Esc",625
2015,"Quillayute Sum","Esc",783
2016,"Quillayute Sum","Esc",871
2017,"Quillayute Sum","Esc",1097
2018,"Quillayute Sum","Esc",990
2019,"Quillayute Sum","Esc",1442
2020,"Quillayute Sum","Esc",942
2021,"Quillayute Sum","Esc",1082
2022,"Quillayute Sum","Esc",1574
1975,"Quillayute Fall","Esc",NA
1976,"Quillayute Fall","Esc",2500
1977,"Quillayute Fall","Esc",3300
1978,"Quillayute Fall","Esc",4700
1979,"Quillayute Fall","Esc",3900
1980,"Quillayute Fall","Esc",6700
1981,"Quillayute Fall","Esc",5963
1982,"Quillayute Fall","Esc",7107
1983,"Quillayute Fall","Esc",3069
1984,"Quillayute Fall","Esc",9128
1985,"Quillayute Fall","Esc",6145
1986,"Quillayute Fall","Esc",10006
1987,"Quillayute Fall","Esc",12352
1988,"Quillayute Fall","Esc",15168
1989,"Quillayute Fall","Esc",9951
1990,"Quillayute Fall","Esc",13711
1991,"Quillayute Fall","Esc",6292
1992,"Quillayute Fall","Esc",6342
1993,"Quillayute Fall","Esc",5254
1994,"Quillayute Fall","Esc",4932
1995,"Quillayute Fall","Esc",5532
1996,"Quillayute Fall","Esc",7316
1997,"Quillayute Fall","Esc",5405
1998,"Quillayute Fall","Esc",6752
1999,"Quillayute Fall","Esc",3334
2000,"Quillayute Fall","Esc",3730
2001,"Quillayute Fall","Esc",5136
2002,"Quillayute Fall","Esc",6067
2003,"Quillayute Fall","Esc",7398
2004,"Quillayute Fall","Esc",3831
2005,"Quillayute Fall","Esc",6406
2006,"Quillayute Fall","Esc",5642
2007,"Quillayute Fall","Esc",3066
2008,"Quillayute Fall","Esc",3612
2009,"Quillayute Fall","Esc",3130
2010,"Quillayute Fall","Esc",4635
2011,"Quillayute Fall","Esc",3963
2012,"Quillayute Fall","Esc",3518
2013,"Quillayute Fall","Esc",3901
2014,"Quillayute Fall","Esc",2782
2015,"Quillayute Fall","Esc",3440
2016,"Quillayute Fall","Esc",3654
2017,"Quillayute Fall","Esc",3604
2018,"Quillayute Fall","Esc",3937
2019,"Quillayute Fall","Esc",7765
2020,"Quillayute Fall","Esc",8672
2021,"Quillayute Fall","Esc",5568
2022,"Quillayute Fall","Esc",8369
1975,"Hoh Spr Sum","Esc",NA
1976,"Hoh Spr Sum","Esc",600
1977,"Hoh Spr Sum","Esc",1000
1978,"Hoh Spr Sum","Esc",1400
1979,"Hoh Spr Sum","Esc",1400
1980,"Hoh Spr Sum","Esc",800
1981,"Hoh Spr Sum","Esc",1498
1982,"Hoh Spr Sum","Esc",1553
1983,"Hoh Spr Sum","Esc",1696
1984,"Hoh Spr Sum","Esc",1430
1985,"Hoh Spr Sum","Esc",978
1986,"Hoh Spr Sum","Esc",1248
1987,"Hoh Spr Sum","Esc",1710
1988,"Hoh Spr Sum","Esc",2605
1989,"Hoh Spr Sum","Esc",4697
1990,"Hoh Spr Sum","Esc",3886
1991,"Hoh Spr Sum","Esc",1078
1992,"Hoh Spr Sum","Esc",1018
1993,"Hoh Spr Sum","Esc",1411
1994,"Hoh Spr Sum","Esc",1699
1995,"Hoh Spr Sum","Esc",1132
1996,"Hoh Spr Sum","Esc",1371
1997,"Hoh Spr Sum","Esc",1826
1998,"Hoh Spr Sum","Esc",1287
1999,"Hoh Spr Sum","Esc",928
2000,"Hoh Spr Sum","Esc",492
2001,"Hoh Spr Sum","Esc",1159
2002,"Hoh Spr Sum","Esc",2464
2003,"Hoh Spr Sum","Esc",1228
2004,"Hoh Spr Sum","Esc",1786
2005,"Hoh Spr Sum","Esc",1193
2006,"Hoh Spr Sum","Esc",904
2007,"Hoh Spr Sum","Esc",810
2008,"Hoh Spr Sum","Esc",671
2009,"Hoh Spr Sum","Esc",880
2010,"Hoh Spr Sum","Esc",828
2011,"Hoh Spr Sum","Esc",827
2012,"Hoh Spr Sum","Esc",915
2013,"Hoh Spr Sum","Esc",750
2014,"Hoh Spr Sum","Esc",744
2015,"Hoh Spr Sum","Esc",1070
2016,"Hoh Spr Sum","Esc",1144
2017,"Hoh Spr Sum","Esc",1364
2018,"Hoh Spr Sum","Esc",793
2019,"Hoh Spr Sum","Esc",766
2020,"Hoh Spr Sum","Esc",1248
2021,"Hoh Spr Sum","Esc",817
2022,"Hoh Spr Sum","Esc",1055
1975,"Hoh Fall","Esc",NA
1976,"Hoh Fall","Esc",2500
1977,"Hoh Fall","Esc",2100
1978,"Hoh Fall","Esc",1900
1979,"Hoh Fall","Esc",1700
1980,"Hoh Fall","Esc",2200
1981,"Hoh Fall","Esc",3100
1982,"Hoh Fall","Esc",4500
1983,"Hoh Fall","Esc",2500
1984,"Hoh Fall","Esc",1900
1985,"Hoh Fall","Esc",1725
1986,"Hoh Fall","Esc",4981
1987,"Hoh Fall","Esc",4006
1988,"Hoh Fall","Esc",4128
1989,"Hoh Fall","Esc",5148
1990,"Hoh Fall","Esc",4236
1991,"Hoh Fall","Esc",1420
1992,"Hoh Fall","Esc",4003
1993,"Hoh Fall","Esc",2280
1994,"Hoh Fall","Esc",3967
1995,"Hoh Fall","Esc",2202
1996,"Hoh Fall","Esc",3022
1997,"Hoh Fall","Esc",1773
1998,"Hoh Fall","Esc",4257
1999,"Hoh Fall","Esc",1924
2000,"Hoh Fall","Esc",1749
2001,"Hoh Fall","Esc",2560
2002,"Hoh Fall","Esc",4415
2003,"Hoh Fall","Esc",1649
2004,"Hoh Fall","Esc",3282
2005,"Hoh Fall","Esc",4180
2006,"Hoh Fall","Esc",1535
2007,"Hoh Fall","Esc",1556
2008,"Hoh Fall","Esc",2999
2009,"Hoh Fall","Esc",2081
2010,"Hoh Fall","Esc",2599
2011,"Hoh Fall","Esc",1293
2012,"Hoh Fall","Esc",1937
2013,"Hoh Fall","Esc",1269
2014,"Hoh Fall","Esc",1933
2015,"Hoh Fall","Esc",1795
2016,"Hoh Fall","Esc",2831
2017,"Hoh Fall","Esc",1808
2018,"Hoh Fall","Esc",2478
2019,"Hoh Fall","Esc",1552
2020,"Hoh Fall","Esc",2273
2021,"Hoh Fall","Esc",2622
2022,"Hoh Fall","Esc",1866
1975,"Queets SprSum","Esc",NA
1976,"Queets SprSum","Esc",505
1977,"Queets SprSum","Esc",732
1978,"Queets SprSum","Esc",1110
1979,"Queets SprSum","Esc",870
1980,"Queets SprSum","Esc",1038
1981,"Queets SprSum","Esc",988
1982,"Queets SprSum","Esc",781
1983,"Queets SprSum","Esc",1044
1984,"Queets SprSum","Esc",958
1985,"Queets SprSum","Esc",677
1986,"Queets SprSum","Esc",925
1987,"Queets SprSum","Esc",598
1988,"Queets SprSum","Esc",1765
1989,"Queets SprSum","Esc",2568
1990,"Queets SprSum","Esc",1780
1991,"Queets SprSum","Esc",630
1992,"Queets SprSum","Esc",375
1993,"Queets SprSum","Esc",713
1994,"Queets SprSum","Esc",705
1995,"Queets SprSum","Esc",625
1996,"Queets SprSum","Esc",776
1997,"Queets SprSum","Esc",540
1998,"Queets SprSum","Esc",492
1999,"Queets SprSum","Esc",373
2000,"Queets SprSum","Esc",248
2001,"Queets SprSum","Esc",548
2002,"Queets SprSum","Esc",738
2003,"Queets SprSum","Esc",189
2004,"Queets SprSum","Esc",604
2005,"Queets SprSum","Esc",298
2006,"Queets SprSum","Esc",330
2007,"Queets SprSum","Esc",352
2008,"Queets SprSum","Esc",305
2009,"Queets SprSum","Esc",495
2010,"Queets SprSum","Esc",259
2011,"Queets SprSum","Esc",373
2012,"Queets SprSum","Esc",760
2013,"Queets SprSum","Esc",520
2014,"Queets SprSum","Esc",377
2015,"Queets SprSum","Esc",532
2016,"Queets SprSum","Esc",704
2017,"Queets SprSum","Esc",825
2018,"Queets SprSum","Esc",484
2019,"Queets SprSum","Esc",322
2020,"Queets SprSum","Esc",342
2021,"Queets SprSum","Esc",280
2022,"Queets SprSum","Esc",434
1975,"Queets Fall","Esc",NA
1976,"Queets Fall","Esc",1200
1977,"Queets Fall","Esc",3600
1978,"Queets Fall","Esc",2200
1979,"Queets Fall","Esc",3900
1980,"Queets Fall","Esc",3200
1981,"Queets Fall","Esc",4250
1982,"Queets Fall","Esc",4150
1983,"Queets Fall","Esc",2750
1984,"Queets Fall","Esc",4350
1985,"Queets Fall","Esc",4150
1986,"Queets Fall","Esc",7894
1987,"Queets Fall","Esc",6557
1988,"Queets Fall","Esc",9494
1989,"Queets Fall","Esc",9324
1990,"Queets Fall","Esc",10569
1991,"Queets Fall","Esc",4795
1992,"Queets Fall","Esc",4911
1993,"Queets Fall","Esc",3463
1994,"Queets Fall","Esc",4233
1995,"Queets Fall","Esc",3127
1996,"Queets Fall","Esc",4218
1997,"Queets Fall","Esc",2872
1998,"Queets Fall","Esc",3875
1999,"Queets Fall","Esc",1929
2000,"Queets Fall","Esc",3410
2001,"Queets Fall","Esc",2872
2002,"Queets Fall","Esc",2419
2003,"Queets Fall","Esc",4886
2004,"Queets Fall","Esc",4978
2005,"Queets Fall","Esc",4401
2006,"Queets Fall","Esc",2931
2007,"Queets Fall","Esc",768
2008,"Queets Fall","Esc",2971
2009,"Queets Fall","Esc",4010
2010,"Queets Fall","Esc",3861
2011,"Queets Fall","Esc",3710
2012,"Queets Fall","Esc",3586
2013,"Queets Fall","Esc",2502
2014,"Queets Fall","Esc",3684
2015,"Queets Fall","Esc",5313
2016,"Queets Fall","Esc",2915
2017,"Queets Fall","Esc",2707
2018,"Queets Fall","Esc",2095
2019,"Queets Fall","Esc",2504
2020,"Queets Fall","Esc",3459
2021,"Queets Fall","Esc",3187
2022,"Queets Fall","Esc",1643
1975,"Grays Harbor Spr","Esc",NA
1976,"Grays Harbor Spr","Esc",600
1977,"Grays Harbor Spr","Esc",800
1978,"Grays Harbor Spr","Esc",1000
1979,"Grays Harbor Spr","Esc",400
1980,"Grays Harbor Spr","Esc",200
1981,"Grays Harbor Spr","Esc",924
1982,"Grays Harbor Spr","Esc",610
1983,"Grays Harbor Spr","Esc",800
1984,"Grays Harbor Spr","Esc",1128
1985,"Grays Harbor Spr","Esc",1157
1986,"Grays Harbor Spr","Esc",1795
1987,"Grays Harbor Spr","Esc",841
1988,"Grays Harbor Spr","Esc",3106
1989,"Grays Harbor Spr","Esc",2068
1990,"Grays Harbor Spr","Esc",1567
1991,"Grays Harbor Spr","Esc",1289
1992,"Grays Harbor Spr","Esc",1813
1993,"Grays Harbor Spr","Esc",1254
1994,"Grays Harbor Spr","Esc",1403
1995,"Grays Harbor Spr","Esc",2070
1996,"Grays Harbor Spr","Esc",4462
1997,"Grays Harbor Spr","Esc",4460
1998,"Grays Harbor Spr","Esc",2388
1999,"Grays Harbor Spr","Esc",1285
2000,"Grays Harbor Spr","Esc",3135
2001,"Grays Harbor Spr","Esc",2860
2002,"Grays Harbor Spr","Esc",2598
2003,"Grays Harbor Spr","Esc",1904
2004,"Grays Harbor Spr","Esc",5034
2005,"Grays Harbor Spr","Esc",2130
2006,"Grays Harbor Spr","Esc",2481
2007,"Grays Harbor Spr","Esc",652
2008,"Grays Harbor Spr","Esc",996
2009,"Grays Harbor Spr","Esc",1123
2010,"Grays Harbor Spr","Esc",3495
2011,"Grays Harbor Spr","Esc",2563
2012,"Grays Harbor Spr","Esc",878
2013,"Grays Harbor Spr","Esc",2459
2014,"Grays Harbor Spr","Esc",1583
2015,"Grays Harbor Spr","Esc",1824
2016,"Grays Harbor Spr","Esc",926
2017,"Grays Harbor Spr","Esc",1405
2018,"Grays Harbor Spr","Esc",495
2019,"Grays Harbor Spr","Esc",983
2020,"Grays Harbor Spr","Esc",2828
2021,"Grays Harbor Spr","Esc",2573
2022,"Grays Harbor Spr","Esc",1348
1975,"Grays Harbor Fall","Esc",4251
1976,"Grays Harbor Fall","Esc",1836
1977,"Grays Harbor Fall","Esc",5195
1978,"Grays Harbor Fall","Esc",4555
1979,"Grays Harbor Fall","Esc",9381
1980,"Grays Harbor Fall","Esc",11656
1981,"Grays Harbor Fall","Esc",7577
1982,"Grays Harbor Fall","Esc",5606
1983,"Grays Harbor Fall","Esc",5482
1984,"Grays Harbor Fall","Esc",21058
1985,"Grays Harbor Fall","Esc",9537
1986,"Grays Harbor Fall","Esc",13808
1987,"Grays Harbor Fall","Esc",19013
1988,"Grays Harbor Fall","Esc",28158
1989,"Grays Harbor Fall","Esc",25677
1990,"Grays Harbor Fall","Esc",16995
1991,"Grays Harbor Fall","Esc",14392
1992,"Grays Harbor Fall","Esc",16592
1993,"Grays Harbor Fall","Esc",13349
1994,"Grays Harbor Fall","Esc",14320
1995,"Grays Harbor Fall","Esc",12727
1996,"Grays Harbor Fall","Esc",20227
1997,"Grays Harbor Fall","Esc",18168
1998,"Grays Harbor Fall","Esc",12529
1999,"Grays Harbor Fall","Esc",10363
2000,"Grays Harbor Fall","Esc",9385
2001,"Grays Harbor Fall","Esc",9492
2002,"Grays Harbor Fall","Esc",11841
2003,"Grays Harbor Fall","Esc",19871
2004,"Grays Harbor Fall","Esc",31773
2005,"Grays Harbor Fall","Esc",19695
2006,"Grays Harbor Fall","Esc",17428
2007,"Grays Harbor Fall","Esc",13117
2008,"Grays Harbor Fall","Esc",15391
2009,"Grays Harbor Fall","Esc",9291
2010,"Grays Harbor Fall","Esc",18166
2011,"Grays Harbor Fall","Esc",22870
2012,"Grays Harbor Fall","Esc",14032
2013,"Grays Harbor Fall","Esc",12503
2014,"Grays Harbor Fall","Esc",11893
2015,"Grays Harbor Fall","Esc",17304
2016,"Grays Harbor Fall","Esc",11248
2017,"Grays Harbor Fall","Esc",17145
2018,"Grays Harbor Fall","Esc",20730
2019,"Grays Harbor Fall","Esc",14890
2020,"Grays Harbor Fall","Esc",20879
2021,"Grays Harbor Fall","Esc",13207
2022,"Grays Harbor Fall","Esc",14259
1975,"Mid-Columbia Sum","Esc",15000
1976,"Mid-Columbia Sum","Esc",11700
1977,"Mid-Columbia Sum","Esc",14403
1978,"Mid-Columbia Sum","Esc",18667
1979,"Mid-Columbia Sum","Esc",18797
1980,"Mid-Columbia Sum","Esc",13854
1981,"Mid-Columbia Sum","Esc",8639
1982,"Mid-Columbia Sum","Esc",6587
1983,"Mid-Columbia Sum","Esc",6334
1984,"Mid-Columbia Sum","Esc",13984
1985,"Mid-Columbia Sum","Esc",14505
1986,"Mid-Columbia Sum","Esc",14850
1987,"Mid-Columbia Sum","Esc",13415
1988,"Mid-Columbia Sum","Esc",13634
1989,"Mid-Columbia Sum","Esc",17484
1990,"Mid-Columbia Sum","Esc",13432
1991,"Mid-Columbia Sum","Esc",10191
1992,"Mid-Columbia Sum","Esc",7706
1993,"Mid-Columbia Sum","Esc",12927
1994,"Mid-Columbia Sum","Esc",12292
1995,"Mid-Columbia Sum","Esc",10623
1996,"Mid-Columbia Sum","Esc",9417
1997,"Mid-Columbia Sum","Esc",10063
1998,"Mid-Columbia Sum","Esc",11225
1999,"Mid-Columbia Sum","Esc",18588
2000,"Mid-Columbia Sum","Esc",20218
2001,"Mid-Columbia Sum","Esc",48844
2002,"Mid-Columbia Sum","Esc",86825
2003,"Mid-Columbia Sum","Esc",81543
2004,"Mid-Columbia Sum","Esc",62311
2005,"Mid-Columbia Sum","Esc",54033
2006,"Mid-Columbia Sum","Esc",61821
2007,"Mid-Columbia Sum","Esc",28222
2008,"Mid-Columbia Sum","Esc",38171
2009,"Mid-Columbia Sum","Esc",44295
2010,"Mid-Columbia Sum","Esc",47220
2011,"Mid-Columbia Sum","Esc",44432
2012,"Mid-Columbia Sum","Esc",52184
2013,"Mid-Columbia Sum","Esc",68386
2014,"Mid-Columbia Sum","Esc",77982
2015,"Mid-Columbia Sum","Esc",88691
2016,"Mid-Columbia Sum","Esc",79253
2017,"Mid-Columbia Sum","Esc",56265
2018,"Mid-Columbia Sum","Esc",38816
2019,"Mid-Columbia Sum","Esc",41090
2020,"Mid-Columbia Sum","Esc",70654
2021,"Mid-Columbia Sum","Esc",52076
2022,"Mid-Columbia Sum","Esc",64497
1975,"Columbia Upriver Brights","Esc",29600
1976,"Columbia Upriver Brights","Esc",27700
1977,"Columbia Upriver Brights","Esc",36060
1978,"Columbia Upriver Brights","Esc",25798
1979,"Columbia Upriver Brights","Esc",28926
1980,"Columbia Upriver Brights","Esc",27658
1981,"Columbia Upriver Brights","Esc",19520
1982,"Columbia Upriver Brights","Esc",28313
1983,"Columbia Upriver Brights","Esc",45402
1984,"Columbia Upriver Brights","Esc",53947
1985,"Columbia Upriver Brights","Esc",80756
1986,"Columbia Upriver Brights","Esc",92796
1987,"Columbia Upriver Brights","Esc",125632
1988,"Columbia Upriver Brights","Esc",97719
1989,"Columbia Upriver Brights","Esc",82926
1990,"Columbia Upriver Brights","Esc",48820
1991,"Columbia Upriver Brights","Esc",40066
1992,"Columbia Upriver Brights","Esc",41429
1993,"Columbia Upriver Brights","Esc",42515
1994,"Columbia Upriver Brights","Esc",66637
1995,"Columbia Upriver Brights","Esc",50546
1996,"Columbia Upriver Brights","Esc",53049
1997,"Columbia Upriver Brights","Esc",50198
1998,"Columbia Upriver Brights","Esc",41936
1999,"Columbia Upriver Brights","Esc",43549
2000,"Columbia Upriver Brights","Esc",49579
2001,"Columbia Upriver Brights","Esc",84445
2002,"Columbia Upriver Brights","Esc",116628
2003,"Columbia Upriver Brights","Esc",160609
2004,"Columbia Upriver Brights","Esc",147623
2005,"Columbia Upriver Brights","Esc",110116
2006,"Columbia Upriver Brights","Esc",75483
2007,"Columbia Upriver Brights","Esc",44698
2008,"Columbia Upriver Brights","Esc",72406
2009,"Columbia Upriver Brights","Esc",83778
2010,"Columbia Upriver Brights","Esc",164917
2011,"Columbia Upriver Brights","Esc",128280
2012,"Columbia Upriver Brights","Esc",128074
2013,"Columbia Upriver Brights","Esc",365920
2014,"Columbia Upriver Brights","Esc",297063
2015,"Columbia Upriver Brights","Esc",383944
2016,"Columbia Upriver Brights","Esc",186006
2017,"Columbia Upriver Brights","Esc",124748
2018,"Columbia Upriver Brights","Esc",73893
2019,"Columbia Upriver Brights","Esc",94796
2020,"Columbia Upriver Brights","Esc",125815
2021,"Columbia Upriver Brights","Esc",117077
2022,"Columbia Upriver Brights","Esc",95558
1975,"Coweeman","Traditional Esc",217
1975,"Coweeman","PSC Study Esc",NA
1976,"Coweeman","Traditional Esc",175
1976,"Coweeman","PSC Study Esc",NA
1977,"Coweeman","Traditional Esc",203
1977,"Coweeman","PSC Study Esc",NA
1978,"Coweeman","Traditional Esc",146
1978,"Coweeman","PSC Study Esc",NA
1979,"Coweeman","Traditional Esc",208
1979,"Coweeman","PSC Study Esc",NA
1980,"Coweeman","Traditional Esc",127
1980,"Coweeman","PSC Study Esc",NA
1981,"Coweeman","Traditional Esc",90
1981,"Coweeman","PSC Study Esc",NA
1982,"Coweeman","Traditional Esc",123
1982,"Coweeman","PSC Study Esc",NA
1983,"Coweeman","Traditional Esc",90
1983,"Coweeman","PSC Study Esc",NA
1984,"Coweeman","Traditional Esc",354
1984,"Coweeman","PSC Study Esc",NA
1985,"Coweeman","Traditional Esc",373
1985,"Coweeman","PSC Study Esc",NA
1986,"Coweeman","Traditional Esc",203
1986,"Coweeman","PSC Study Esc",NA
1987,"Coweeman","Traditional Esc",151
1987,"Coweeman","PSC Study Esc",NA
1988,"Coweeman","Traditional Esc",1283
1988,"Coweeman","PSC Study Esc",NA
1989,"Coweeman","Traditional Esc",1486
1989,"Coweeman","PSC Study Esc",NA
1990,"Coweeman","Traditional Esc",628
1990,"Coweeman","PSC Study Esc",NA
1991,"Coweeman","Traditional Esc",411
1991,"Coweeman","PSC Study Esc",NA
1992,"Coweeman","Traditional Esc",1000
1992,"Coweeman","PSC Study Esc",NA
1993,"Coweeman","Traditional Esc",609
1993,"Coweeman","PSC Study Esc",NA
1994,"Coweeman","Traditional Esc",1199
1994,"Coweeman","PSC Study Esc",NA
1995,"Coweeman","Traditional Esc",1501
1995,"Coweeman","PSC Study Esc",NA
1996,"Coweeman","Traditional Esc",2454
1996,"Coweeman","PSC Study Esc",NA
1997,"Coweeman","Traditional Esc",524
1997,"Coweeman","PSC Study Esc",NA
1998,"Coweeman","Traditional Esc",340
1998,"Coweeman","PSC Study Esc",NA
1999,"Coweeman","Traditional Esc",227
1999,"Coweeman","PSC Study Esc",NA
2000,"Coweeman","Traditional Esc",184
2000,"Coweeman","PSC Study Esc",NA
2001,"Coweeman","Traditional Esc",698
2001,"Coweeman","PSC Study Esc",NA
2002,"Coweeman","Traditional Esc",756
2002,"Coweeman","PSC Study Esc",915
2003,"Coweeman","Traditional Esc",1052
2003,"Coweeman","PSC Study Esc",1106
2004,"Coweeman","Traditional Esc",1513
2004,"Coweeman","PSC Study Esc",1801
2005,"Coweeman","Traditional Esc",661
2005,"Coweeman","PSC Study Esc",1610
2006,"Coweeman","Traditional Esc",632
2006,"Coweeman","PSC Study Esc",638
2007,"Coweeman","Traditional Esc",455
2007,"Coweeman","PSC Study Esc",495
2008,"Coweeman","Traditional Esc",369
2008,"Coweeman","PSC Study Esc",699
2009,"Coweeman","Traditional Esc",666
2009,"Coweeman","PSC Study Esc",913
2010,"Coweeman","Traditional Esc",615
2010,"Coweeman","PSC Study Esc",592
2011,"Coweeman","Traditional Esc",655
2011,"Coweeman","PSC Study Esc",565
2012,"Coweeman","Traditional Esc",481
2012,"Coweeman","PSC Study Esc",NA
2013,"Coweeman","Traditional Esc",2160
2013,"Coweeman","PSC Study Esc",NA
2014,"Coweeman","Traditional Esc",808
2014,"Coweeman","PSC Study Esc",NA
2015,"Coweeman","Traditional Esc",1357
2015,"Coweeman","PSC Study Esc",NA
2016,"Coweeman","Traditional Esc",372
2016,"Coweeman","PSC Study Esc",NA
2017,"Coweeman","Traditional Esc",824
2017,"Coweeman","PSC Study Esc",NA
2018,"Coweeman","Traditional Esc",242
2018,"Coweeman","PSC Study Esc",NA
2019,"Coweeman","Traditional Esc",328
2019,"Coweeman","PSC Study Esc",NA
2020,"Coweeman","Traditional Esc",922
2020,"Coweeman","PSC Study Esc",NA
2021,"Coweeman","Traditional Esc",648
2021,"Coweeman","PSC Study Esc",NA
2022,"Coweeman","Traditional Esc",494
2022,"Coweeman","PSC Study Esc",NA
1975,"Lewis","Esc",13859
1976,"Lewis","Esc",3371
1977,"Lewis","Esc",6930
1978,"Lewis","Esc",5363
1979,"Lewis","Esc",8023
1980,"Lewis","Esc",13839
1981,"Lewis","Esc",19297
1982,"Lewis","Esc",8370
1983,"Lewis","Esc",13540
1984,"Lewis","Esc",7132
1985,"Lewis","Esc",7491
1986,"Lewis","Esc",10472
1987,"Lewis","Esc",12210
1988,"Lewis","Esc",11165
1989,"Lewis","Esc",20058
1990,"Lewis","Esc",15378
1991,"Lewis","Esc",8787
1992,"Lewis","Esc",5508
1993,"Lewis","Esc",6462
1994,"Lewis","Esc",8456
1995,"Lewis","Esc",9715
1996,"Lewis","Esc",13077
1997,"Lewis","Esc",8168
1998,"Lewis","Esc",5173
1999,"Lewis","Esc",2417
2000,"Lewis","Esc",8741
2001,"Lewis","Esc",11274
2002,"Lewis","Esc",13293
2003,"Lewis","Esc",12912
2004,"Lewis","Esc",12928
2005,"Lewis","Esc",9775
2006,"Lewis","Esc",5066
2007,"Lewis","Esc",3708
2008,"Lewis","Esc",5485
2009,"Lewis","Esc",6283
2010,"Lewis","Esc",9294
2011,"Lewis","Esc",8205
2012,"Lewis","Esc",8143
2013,"Lewis","Esc",16624
2014,"Lewis","Esc",19518
2015,"Lewis","Esc",18771
2016,"Lewis","Esc",9087
2017,"Lewis","Esc",7459
2018,"Lewis","Esc",4540
2019,"Lewis","Esc",11710
2020,"Lewis","Esc",25449
2021,"Lewis","Esc",12751
2022,"Lewis","Esc",6833
1975,"Nehalem R.","Esc",5197
1976,"Nehalem R.","Esc",9807
1977,"Nehalem R.","Esc",11478
1978,"Nehalem R.","Esc",12059
1979,"Nehalem R.","Esc",12205
1980,"Nehalem R.","Esc",5555
1981,"Nehalem R.","Esc",10752
1982,"Nehalem R.","Esc",5085
1983,"Nehalem R.","Esc",4431
1984,"Nehalem R.","Esc",20341
1985,"Nehalem R.","Esc",18670
1986,"Nehalem R.","Esc",10389
1987,"Nehalem R.","Esc",13560
1988,"Nehalem R.","Esc",14889
1989,"Nehalem R.","Esc",10389
1990,"Nehalem R.","Esc",5104
1991,"Nehalem R.","Esc",5557
1992,"Nehalem R.","Esc",9060
1993,"Nehalem R.","Esc",5345
1994,"Nehalem R.","Esc",6486
1995,"Nehalem R.","Esc",5194
1996,"Nehalem R.","Esc",9211
1997,"Nehalem R.","Esc",10026
1998,"Nehalem R.","Esc",8245
1999,"Nehalem R.","Esc",8063
2000,"Nehalem R.","Esc",6855
2001,"Nehalem R.","Esc",11662
2002,"Nehalem R.","Esc",18089
2003,"Nehalem R.","Esc",10906
2004,"Nehalem R.","Esc",9975
2005,"Nehalem R.","Esc",8114
2006,"Nehalem R.","Esc",4711
2007,"Nehalem R.","Esc",4304
2008,"Nehalem R.","Esc",3810
2009,"Nehalem R.","Esc",5390
2010,"Nehalem R.","Esc",5384
2011,"Nehalem R.","Esc",7665
2012,"Nehalem R.","Esc",7515
2013,"Nehalem R.","Esc",18194
2014,"Nehalem R.","Esc",11452
2015,"Nehalem R.","Esc",12678
2016,"Nehalem R.","Esc",10074
2017,"Nehalem R.","Esc",6473
2018,"Nehalem R.","Esc",6420
2019,"Nehalem R.","Esc",9746
2020,"Nehalem R.","Esc",20046
2021,"Nehalem R.","Esc",7067
2022,"Nehalem R.","Esc",4434
1975,"Siletz Fall","Esc",2062
1976,"Siletz Fall","Esc",1326
1977,"Siletz Fall","Esc",3314
1978,"Siletz Fall","Esc",2062
1979,"Siletz Fall","Esc",7217
1980,"Siletz Fall","Esc",3680
1981,"Siletz Fall","Esc",4435
1982,"Siletz Fall","Esc",3415
1983,"Siletz Fall","Esc",2136
1984,"Siletz Fall","Esc",3461
1985,"Siletz Fall","Esc",6628
1986,"Siletz Fall","Esc",6748
1987,"Siletz Fall","Esc",4577
1988,"Siletz Fall","Esc",7805
1989,"Siletz Fall","Esc",4401
1990,"Siletz Fall","Esc",4313
1991,"Siletz Fall","Esc",5633
1992,"Siletz Fall","Esc",6044
1993,"Siletz Fall","Esc",4342
1994,"Siletz Fall","Esc",10475
1995,"Siletz Fall","Esc",5164
1996,"Siletz Fall","Esc",7394
1997,"Siletz Fall","Esc",3726
1998,"Siletz Fall","Esc",5516
1999,"Siletz Fall","Esc",4166
2000,"Siletz Fall","Esc",6787
2001,"Siletz Fall","Esc",10563
2002,"Siletz Fall","Esc",14054
2003,"Siletz Fall","Esc",11149
2004,"Siletz Fall","Esc",3902
2005,"Siletz Fall","Esc",6631
2006,"Siletz Fall","Esc",4108
2007,"Siletz Fall","Esc",528
2008,"Siletz Fall","Esc",1203
2009,"Siletz Fall","Esc",2905
2010,"Siletz Fall","Esc",4225
2011,"Siletz Fall","Esc",3638
2012,"Siletz Fall","Esc",4812
2013,"Siletz Fall","Esc",7364
2014,"Siletz Fall","Esc",8655
2015,"Siletz Fall","Esc",6367
2016,"Siletz Fall","Esc",8479
2017,"Siletz Fall","Esc",7364
2018,"Siletz Fall","Esc",4929
2019,"Siletz Fall","Esc",3521
2020,"Siletz Fall","Esc",6543
2021,"Siletz Fall","Esc",3668
2022,"Siletz Fall","Esc",4694
1975,"Siuslaw R.","Esc",4427
1976,"Siuslaw R.","Esc",7999
1977,"Siuslaw R.","Esc",9492
1978,"Siuslaw R.","Esc",5872
1979,"Siuslaw R.","Esc",8040
1980,"Siuslaw R.","Esc",10630
1981,"Siuslaw R.","Esc",8724
1982,"Siuslaw R.","Esc",10870
1983,"Siuslaw R.","Esc",4186
1984,"Siuslaw R.","Esc",11168
1985,"Siuslaw R.","Esc",14822
1986,"Siuslaw R.","Esc",14844
1987,"Siuslaw R.","Esc",17603
1988,"Siuslaw R.","Esc",41746
1989,"Siuslaw R.","Esc",28279
1990,"Siuslaw R.","Esc",26799
1991,"Siuslaw R.","Esc",26100
1992,"Siuslaw R.","Esc",26090
1993,"Siuslaw R.","Esc",10446
1994,"Siuslaw R.","Esc",23570
1995,"Siuslaw R.","Esc",26715
1996,"Siuslaw R.","Esc",33051
1997,"Siuslaw R.","Esc",22305
1998,"Siuslaw R.","Esc",24708
1999,"Siuslaw R.","Esc",23963
2000,"Siuslaw R.","Esc",15730
2001,"Siuslaw R.","Esc",38717
2002,"Siuslaw R.","Esc",41058
2003,"Siuslaw R.","Esc",58998
2004,"Siuslaw R.","Esc",40033
2005,"Siuslaw R.","Esc",17618
2006,"Siuslaw R.","Esc",28082
2007,"Siuslaw R.","Esc",6764
2008,"Siuslaw R.","Esc",11119
2009,"Siuslaw R.","Esc",14094
2010,"Siuslaw R.","Esc",22197
2011,"Siuslaw R.","Esc",30713
2012,"Siuslaw R.","Esc",20018
2013,"Siuslaw R.","Esc",23411
2014,"Siuslaw R.","Esc",28200
2015,"Siuslaw R.","Esc",35087
2016,"Siuslaw R.","Esc",30135
2017,"Siuslaw R.","Esc",10957
2018,"Siuslaw R.","Esc",4481
2019,"Siuslaw R.","Esc",4797
2020,"Siuslaw R.","Esc",14384
2021,"Siuslaw R.","Esc",5565
2022,"Siuslaw R.","Esc",7394
1975,"South Umpqua","Esc (Normative Redd Ct)",NA
1975,"South Umpqua","Esc (Redd or Carcass Ct w MR)",212
1976,"South Umpqua","Esc (Normative Redd Ct)",NA
1976,"South Umpqua","Esc (Redd or Carcass Ct w MR)",136
1977,"South Umpqua","Esc (Normative Redd Ct)",NA
1977,"South Umpqua","Esc (Redd or Carcass Ct w MR)",230
1978,"South Umpqua","Esc (Normative Redd Ct)",387
1978,"South Umpqua","Esc (Redd or Carcass Ct w MR)",439
1979,"South Umpqua","Esc (Normative Redd Ct)",NA
1979,"South Umpqua","Esc (Redd or Carcass Ct w MR)",394
1980,"South Umpqua","Esc (Normative Redd Ct)",675
1980,"South Umpqua","Esc (Redd or Carcass Ct w MR)",537
1981,"South Umpqua","Esc (Normative Redd Ct)",862
1981,"South Umpqua","Esc (Redd or Carcass Ct w MR)",976
1982,"South Umpqua","Esc (Normative Redd Ct)",979
1982,"South Umpqua","Esc (Redd or Carcass Ct w MR)",1109
1983,"South Umpqua","Esc (Normative Redd Ct)",1576
1983,"South Umpqua","Esc (Redd or Carcass Ct w MR)",1678
1984,"South Umpqua","Esc (Normative Redd Ct)",2512
1984,"South Umpqua","Esc (Redd or Carcass Ct w MR)",2794
1985,"South Umpqua","Esc (Normative Redd Ct)",2174
1985,"South Umpqua","Esc (Redd or Carcass Ct w MR)",2385
1986,"South Umpqua","Esc (Normative Redd Ct)",1523
1986,"South Umpqua","Esc (Redd or Carcass Ct w MR)",1616
1987,"South Umpqua","Esc (Normative Redd Ct)",2705
1987,"South Umpqua","Esc (Redd or Carcass Ct w MR)",3032
1988,"South Umpqua","Esc (Normative Redd Ct)",3627
1988,"South Umpqua","Esc (Redd or Carcass Ct w MR)",4194
1989,"South Umpqua","Esc (Normative Redd Ct)",5965
1989,"South Umpqua","Esc (Redd or Carcass Ct w MR)",7308
1990,"South Umpqua","Esc (Normative Redd Ct)",3641
1990,"South Umpqua","Esc (Redd or Carcass Ct w MR)",4211
1991,"South Umpqua","Esc (Normative Redd Ct)",6503
1991,"South Umpqua","Esc (Redd or Carcass Ct w MR)",8052
1992,"South Umpqua","Esc (Normative Redd Ct)",7889
1992,"South Umpqua","Esc (Redd or Carcass Ct w MR)",8938
1993,"South Umpqua","Esc (Normative Redd Ct)",3257
1993,"South Umpqua","Esc (Redd or Carcass Ct w MR)",3722
1994,"South Umpqua","Esc (Normative Redd Ct)",6900
1994,"South Umpqua","Esc (Redd or Carcass Ct w MR)",8514
1995,"South Umpqua","Esc (Normative Redd Ct)",11025
1995,"South Umpqua","Esc (Redd or Carcass Ct w MR)",12491
1996,"South Umpqua","Esc (Normative Redd Ct)",9699
1996,"South Umpqua","Esc (Redd or Carcass Ct w MR)",10989
1997,"South Umpqua","Esc (Normative Redd Ct)",7054
1997,"South Umpqua","Esc (Redd or Carcass Ct w MR)",8824
1998,"South Umpqua","Esc (Normative Redd Ct)",NA
1998,"South Umpqua","Esc (Redd or Carcass Ct w MR)",1231
1999,"South Umpqua","Esc (Normative Redd Ct)",NA
1999,"South Umpqua","Esc (Redd or Carcass Ct w MR)",1673
2000,"South Umpqua","Esc (Normative Redd Ct)",NA
2000,"South Umpqua","Esc (Redd or Carcass Ct w MR)",2591
2001,"South Umpqua","Esc (Normative Redd Ct)",NA
2001,"South Umpqua","Esc (Redd or Carcass Ct w MR)",5130
2002,"South Umpqua","Esc (Normative Redd Ct)",NA
2002,"South Umpqua","Esc (Redd or Carcass Ct w MR)",11740
2003,"South Umpqua","Esc (Normative Redd Ct)",NA
2003,"South Umpqua","Esc (Redd or Carcass Ct w MR)",10937
2004,"South Umpqua","Esc (Normative Redd Ct)",NA
2004,"South Umpqua","Esc (Redd or Carcass Ct w MR)",11384
2005,"South Umpqua","Esc (Normative Redd Ct)",NA
2005,"South Umpqua","Esc (Redd or Carcass Ct w MR)",1474
2006,"South Umpqua","Esc (Normative Redd Ct)",NA
2006,"South Umpqua","Esc (Redd or Carcass Ct w MR)",1779
2007,"South Umpqua","Esc (Normative Redd Ct)",NA
2007,"South Umpqua","Esc (Redd or Carcass Ct w MR)",2481
2008,"South Umpqua","Esc (Normative Redd Ct)",NA
2008,"South Umpqua","Esc (Redd or Carcass Ct w MR)",2198
2009,"South Umpqua","Esc (Normative Redd Ct)",NA
2009,"South Umpqua","Esc (Redd or Carcass Ct w MR)",3100
2010,"South Umpqua","Esc (Normative Redd Ct)",NA
2010,"South Umpqua","Esc (Redd or Carcass Ct w MR)",6725
2011,"South Umpqua","Esc (Normative Redd Ct)",NA
2011,"South Umpqua","Esc (Redd or Carcass Ct w MR)",6026
2012,"South Umpqua","Esc (Normative Redd Ct)",NA
2012,"South Umpqua","Esc (Redd or Carcass Ct w MR)",5929
2013,"South Umpqua","Esc (Normative Redd Ct)",NA
2013,"South Umpqua","Esc (Redd or Carcass Ct w MR)",9337
2014,"South Umpqua","Esc (Normative Redd Ct)",NA
2014,"South Umpqua","Esc (Redd or Carcass Ct w MR)",8356
2015,"South Umpqua","Esc (Normative Redd Ct)",NA
2015,"South Umpqua","Esc (Redd or Carcass Ct w MR)",21222.26953125
2016,"South Umpqua","Esc (Normative Redd Ct)",NA
2016,"South Umpqua","Esc (Redd or Carcass Ct w MR)",NA
2017,"South Umpqua","Esc (Normative Redd Ct)",NA
2017,"South Umpqua","Esc (Redd or Carcass Ct w MR)",5514
2018,"South Umpqua","Esc (Normative Redd Ct)",NA
2018,"South Umpqua","Esc (Redd or Carcass Ct w MR)",3691.70776367188
2019,"South Umpqua","Esc (Normative Redd Ct)",NA
2019,"South Umpqua","Esc (Redd or Carcass Ct w MR)",1336.56579589844
2020,"South Umpqua","Esc (Normative Redd Ct)",NA
2020,"South Umpqua","Esc (Redd or Carcass Ct w MR)",3149.22509765625
2021,"South Umpqua","Esc (Normative Redd Ct)",NA
2021,"South Umpqua","Esc (Redd or Carcass Ct w MR)",4143.35693359375
2022,"South Umpqua","Esc (Normative Redd Ct)",NA
2022,"South Umpqua","Esc (Redd or Carcass Ct w MR)",2603.615234375
1975,"Coquille","Esc (MR Calib.)",6726
1976,"Coquille","Esc (MR Calib.)",3506
1977,"Coquille","Esc (MR Calib.)",5804
1978,"Coquille","Esc (MR Calib.)",6307
1979,"Coquille","Esc (MR Calib.)",3615
1980,"Coquille","Esc (MR Calib.)",4326
1981,"Coquille","Esc (MR Calib.)",4477
1982,"Coquille","Esc (MR Calib.)",7294
1983,"Coquille","Esc (MR Calib.)",1099
1984,"Coquille","Esc (MR Calib.)",5452
1985,"Coquille","Esc (MR Calib.)",4222
1986,"Coquille","Esc (MR Calib.)",5361
1987,"Coquille","Esc (MR Calib.)",7071
1988,"Coquille","Esc (MR Calib.)",7772
1989,"Coquille","Esc (MR Calib.)",7795
1990,"Coquille","Esc (MR Calib.)",9708
1991,"Coquille","Esc (MR Calib.)",9503
1992,"Coquille","Esc (MR Calib.)",18267
1993,"Coquille","Esc (MR Calib.)",9093
1994,"Coquille","Esc (MR Calib.)",6220
1995,"Coquille","Esc (MR Calib.)",14845
1996,"Coquille","Esc (MR Calib.)",8492
1997,"Coquille","Esc (MR Calib.)",8219
1998,"Coquille","Esc (MR Calib.)",9854
1999,"Coquille","Esc (MR Calib.)",11161
2000,"Coquille","Esc (MR Calib.)",7913
2001,"Coquille","Esc (MR Calib.)",12512
2002,"Coquille","Esc (MR Calib.)",13675
2003,"Coquille","Esc (MR Calib.)",18876
2004,"Coquille","Esc (MR Calib.)",11514
2005,"Coquille","Esc (MR Calib.)",4973
2006,"Coquille","Esc (MR Calib.)",7471
2007,"Coquille","Esc (MR Calib.)",3505
2008,"Coquille","Esc (MR Calib.)",5981
2009,"Coquille","Esc (MR Calib.)",15526
2010,"Coquille","Esc (MR Calib.)",32071
2011,"Coquille","Esc (MR Calib.)",14124
2012,"Coquille","Esc (MR Calib.)",8117
2013,"Coquille","Esc (MR Calib.)",5358
2014,"Coquille","Esc (MR Calib.)",12586
2015,"Coquille","Esc (MR Calib.)",14669
2016,"Coquille","Esc (MR Calib.)",9720
2017,"Coquille","Esc (MR Calib.)",6001.68212890625
2018,"Coquille","Esc (MR Calib.)",385.040161132812
2019,"Coquille","Esc (MR Calib.)",225.876678466797
2020,"Coquille","Esc (MR Calib.)",995.798950195312
2021,"Coquille","Esc (MR Calib.)",348.805053710938
2022,"Coquille","Esc (MR Calib.)",846.14013671875
2021,"Nehalem R.","Esc (MR Calib.)",9674.759765625
2021,"Siletz Fall","Esc (MR Calib.)",4462
2022,"Nehalem R.","Esc (MR Calib.)",4793.74462890625
2022,"Siletz Fall","Esc (MR Calib.)",11275
2022,"Siuslaw R.","Esc (MR Calib.)",6080.8134765625
1975,"Situk","Lower Esc Goal",NA
1975,"Situk","Upper Esc Goal",NA
1975,"Situk","Lower PSC Goal",NA
1975,"Situk","Upper PSC Goal",NA
1976,"Situk","Lower Esc Goal",NA
1976,"Situk","Upper Esc Goal",NA
1976,"Situk","Lower PSC Goal",NA
1976,"Situk","Upper PSC Goal",NA
1977,"Situk","Lower Esc Goal",NA
1977,"Situk","Upper Esc Goal",NA
1977,"Situk","Lower PSC Goal",NA
1977,"Situk","Upper PSC Goal",NA
1978,"Situk","Lower Esc Goal",NA
1978,"Situk","Upper Esc Goal",NA
1978,"Situk","Lower PSC Goal",NA
1978,"Situk","Upper PSC Goal",NA
1979,"Situk","Lower Esc Goal",NA
1979,"Situk","Upper Esc Goal",NA
1979,"Situk","Lower PSC Goal",NA
1979,"Situk","Upper PSC Goal",NA
1980,"Situk","Lower Esc Goal",NA
1980,"Situk","Upper Esc Goal",NA
1980,"Situk","Lower PSC Goal",NA
1980,"Situk","Upper PSC Goal",NA
1981,"Situk","Lower Esc Goal",NA
1981,"Situk","Upper Esc Goal",NA
1981,"Situk","Lower PSC Goal",NA
1981,"Situk","Upper PSC Goal",NA
1982,"Situk","Lower Esc Goal",NA
1982,"Situk","Upper Esc Goal",NA
1982,"Situk","Lower PSC Goal",NA
1982,"Situk","Upper PSC Goal",NA
1983,"Situk","Lower Esc Goal",NA
1983,"Situk","Upper Esc Goal",NA
1983,"Situk","Lower PSC Goal",NA
1983,"Situk","Upper PSC Goal",NA
1984,"Situk","Lower Esc Goal",NA
1984,"Situk","Upper Esc Goal",NA
1984,"Situk","Lower PSC Goal",NA
1984,"Situk","Upper PSC Goal",NA
1985,"Situk","Lower Esc Goal",NA
1985,"Situk","Upper Esc Goal",NA
1985,"Situk","Lower PSC Goal",NA
1985,"Situk","Upper PSC Goal",NA
1986,"Situk","Lower Esc Goal",NA
1986,"Situk","Upper Esc Goal",NA
1986,"Situk","Lower PSC Goal",NA
1986,"Situk","Upper PSC Goal",NA
1987,"Situk","Lower Esc Goal",NA
1987,"Situk","Upper Esc Goal",NA
1987,"Situk","Lower PSC Goal",NA
1987,"Situk","Upper PSC Goal",NA
1988,"Situk","Lower Esc Goal",NA
1988,"Situk","Upper Esc Goal",NA
1988,"Situk","Lower PSC Goal",NA
1988,"Situk","Upper PSC Goal",NA
1989,"Situk","Lower Esc Goal",NA
1989,"Situk","Upper Esc Goal",NA
1989,"Situk","Lower PSC Goal",NA
1989,"Situk","Upper PSC Goal",NA
1990,"Situk","Lower Esc Goal",NA
1990,"Situk","Upper Esc Goal",NA
1990,"Situk","Lower PSC Goal",NA
1990,"Situk","Upper PSC Goal",NA
1991,"Situk","Lower Esc Goal",600
1991,"Situk","Upper Esc Goal",NA
1991,"Situk","Lower PSC Goal",NA
1991,"Situk","Upper PSC Goal",NA
1992,"Situk","Lower Esc Goal",600
1992,"Situk","Upper Esc Goal",NA
1992,"Situk","Lower PSC Goal",NA
1992,"Situk","Upper PSC Goal",NA
1993,"Situk","Lower Esc Goal",600
1993,"Situk","Upper Esc Goal",NA
1993,"Situk","Lower PSC Goal",NA
1993,"Situk","Upper PSC Goal",NA
1994,"Situk","Lower Esc Goal",600
1994,"Situk","Upper Esc Goal",NA
1994,"Situk","Lower PSC Goal",NA
1994,"Situk","Upper PSC Goal",NA
1995,"Situk","Lower Esc Goal",600
1995,"Situk","Upper Esc Goal",NA
1995,"Situk","Lower PSC Goal",NA
1995,"Situk","Upper PSC Goal",NA
1996,"Situk","Lower Esc Goal",600
1996,"Situk","Upper Esc Goal",NA
1996,"Situk","Lower PSC Goal",NA
1996,"Situk","Upper PSC Goal",NA
1997,"Situk","Lower Esc Goal",600
1997,"Situk","Upper Esc Goal",NA
1997,"Situk","Lower PSC Goal",NA
1997,"Situk","Upper PSC Goal",NA
1998,"Situk","Lower Esc Goal",NA
1998,"Situk","Upper Esc Goal",NA
1998,"Situk","Lower PSC Goal",500
1998,"Situk","Upper PSC Goal",1000
1999,"Situk","Lower Esc Goal",NA
1999,"Situk","Upper Esc Goal",NA
1999,"Situk","Lower PSC Goal",500
1999,"Situk","Upper PSC Goal",1000
2000,"Situk","Lower Esc Goal",NA
2000,"Situk","Upper Esc Goal",NA
2000,"Situk","Lower PSC Goal",500
2000,"Situk","Upper PSC Goal",1000
2001,"Situk","Lower Esc Goal",NA
2001,"Situk","Upper Esc Goal",NA
2001,"Situk","Lower PSC Goal",500
2001,"Situk","Upper PSC Goal",1000
2002,"Situk","Lower Esc Goal",NA
2002,"Situk","Upper Esc Goal",NA
2002,"Situk","Lower PSC Goal",500
2002,"Situk","Upper PSC Goal",1000
2003,"Situk","Lower Esc Goal",NA
2003,"Situk","Upper Esc Goal",NA
2003,"Situk","Lower PSC Goal",500
2003,"Situk","Upper PSC Goal",1000
2004,"Situk","Lower Esc Goal",NA
2004,"Situk","Upper Esc Goal",NA
2004,"Situk","Lower PSC Goal",500
2004,"Situk","Upper PSC Goal",1000
2005,"Situk","Lower Esc Goal",NA
2005,"Situk","Upper Esc Goal",NA
2005,"Situk","Lower PSC Goal",500
2005,"Situk","Upper PSC Goal",1000
2006,"Situk","Lower Esc Goal",NA
2006,"Situk","Upper Esc Goal",NA
2006,"Situk","Lower PSC Goal",500
2006,"Situk","Upper PSC Goal",1000
2007,"Situk","Lower Esc Goal",NA
2007,"Situk","Upper Esc Goal",NA
2007,"Situk","Lower PSC Goal",500
2007,"Situk","Upper PSC Goal",1000
2008,"Situk","Lower Esc Goal",NA
2008,"Situk","Upper Esc Goal",NA
2008,"Situk","Lower PSC Goal",500
2008,"Situk","Upper PSC Goal",1000
2009,"Situk","Lower Esc Goal",NA
2009,"Situk","Upper Esc Goal",NA
2009,"Situk","Lower PSC Goal",500
2009,"Situk","Upper PSC Goal",1000
2010,"Situk","Lower Esc Goal",NA
2010,"Situk","Upper Esc Goal",NA
2010,"Situk","Lower PSC Goal",500
2010,"Situk","Upper PSC Goal",1000
2011,"Situk","Lower Esc Goal",NA
2011,"Situk","Upper Esc Goal",NA
2011,"Situk","Lower PSC Goal",500
2011,"Situk","Upper PSC Goal",1000
2012,"Situk","Lower Esc Goal",NA
2012,"Situk","Upper Esc Goal",NA
2012,"Situk","Lower PSC Goal",500
2012,"Situk","Upper PSC Goal",1000
2013,"Situk","Lower Esc Goal",NA
2013,"Situk","Upper Esc Goal",NA
2013,"Situk","Lower PSC Goal",500
2013,"Situk","Upper PSC Goal",1000
2014,"Situk","Lower Esc Goal",NA
2014,"Situk","Upper Esc Goal",NA
2014,"Situk","Lower PSC Goal",500
2014,"Situk","Upper PSC Goal",1000
2015,"Situk","Lower Esc Goal",NA
2015,"Situk","Upper Esc Goal",NA
2015,"Situk","Lower PSC Goal",500
2015,"Situk","Upper PSC Goal",1000
2016,"Situk","Lower Esc Goal",NA
2016,"Situk","Upper Esc Goal",NA
2016,"Situk","Lower PSC Goal",500
2016,"Situk","Upper PSC Goal",1000
2017,"Situk","Lower Esc Goal",NA
2017,"Situk","Upper Esc Goal",NA
2017,"Situk","Lower PSC Goal",500
2017,"Situk","Upper PSC Goal",1000
2018,"Situk","Lower Esc Goal",NA
2018,"Situk","Upper Esc Goal",NA
2018,"Situk","Lower PSC Goal",500
2018,"Situk","Upper PSC Goal",1000
2019,"Situk","Lower Esc Goal",NA
2019,"Situk","Upper Esc Goal",NA
2019,"Situk","Lower PSC Goal",500
2019,"Situk","Upper PSC Goal",1000
2020,"Situk","Lower Esc Goal",NA
2020,"Situk","Upper Esc Goal",NA
2020,"Situk","Lower PSC Goal",500
2020,"Situk","Upper PSC Goal",1000
2021,"Situk","Lower Esc Goal",NA
2021,"Situk","Upper Esc Goal",NA
2021,"Situk","Lower PSC Goal",500
2021,"Situk","Upper PSC Goal",1000
2022,"Situk","Lower Esc Goal",NA
2022,"Situk","Upper Esc Goal",NA
2022,"Situk","Lower PSC Goal",500
2022,"Situk","Upper PSC Goal",1000
1975,"Alsek","Lower Esc Goal",NA
1975,"Alsek","Upper Esc Goal",NA
1975,"Alsek","Lower PSC Goal",NA
1975,"Alsek","Upper PSC Goal",NA
1976,"Alsek","Lower Esc Goal",NA
1976,"Alsek","Upper Esc Goal",NA
1976,"Alsek","Lower PSC Goal",NA
1976,"Alsek","Upper PSC Goal",NA
1977,"Alsek","Lower Esc Goal",NA
1977,"Alsek","Upper Esc Goal",NA
1977,"Alsek","Lower PSC Goal",NA
1977,"Alsek","Upper PSC Goal",NA
1978,"Alsek","Lower Esc Goal",NA
1978,"Alsek","Upper Esc Goal",NA
1978,"Alsek","Lower PSC Goal",NA
1978,"Alsek","Upper PSC Goal",NA
1979,"Alsek","Lower Esc Goal",NA
1979,"Alsek","Upper Esc Goal",NA
1979,"Alsek","Lower PSC Goal",NA
1979,"Alsek","Upper PSC Goal",NA
1980,"Alsek","Lower Esc Goal",NA
1980,"Alsek","Upper Esc Goal",NA
1980,"Alsek","Lower PSC Goal",NA
1980,"Alsek","Upper PSC Goal",NA
1981,"Alsek","Lower Esc Goal",NA
1981,"Alsek","Upper Esc Goal",NA
1981,"Alsek","Lower PSC Goal",NA
1981,"Alsek","Upper PSC Goal",NA
1982,"Alsek","Lower Esc Goal",NA
1982,"Alsek","Upper Esc Goal",NA
1982,"Alsek","Lower PSC Goal",NA
1982,"Alsek","Upper PSC Goal",NA
1983,"Alsek","Lower Esc Goal",NA
1983,"Alsek","Upper Esc Goal",NA
1983,"Alsek","Lower PSC Goal",NA
1983,"Alsek","Upper PSC Goal",NA
1984,"Alsek","Lower Esc Goal",NA
1984,"Alsek","Upper Esc Goal",NA
1984,"Alsek","Lower PSC Goal",NA
1984,"Alsek","Upper PSC Goal",NA
1985,"Alsek","Lower Esc Goal",NA
1985,"Alsek","Upper Esc Goal",NA
1985,"Alsek","Lower PSC Goal",NA
1985,"Alsek","Upper PSC Goal",NA
1986,"Alsek","Lower Esc Goal",NA
1986,"Alsek","Upper Esc Goal",NA
1986,"Alsek","Lower PSC Goal",NA
1986,"Alsek","Upper PSC Goal",NA
1987,"Alsek","Lower Esc Goal",NA
1987,"Alsek","Upper Esc Goal",NA
1987,"Alsek","Lower PSC Goal",NA
1987,"Alsek","Upper PSC Goal",NA
1988,"Alsek","Lower Esc Goal",NA
1988,"Alsek","Upper Esc Goal",NA
1988,"Alsek","Lower PSC Goal",NA
1988,"Alsek","Upper PSC Goal",NA
1989,"Alsek","Lower Esc Goal",NA
1989,"Alsek","Upper Esc Goal",NA
1989,"Alsek","Lower PSC Goal",NA
1989,"Alsek","Upper PSC Goal",NA
1990,"Alsek","Lower Esc Goal",NA
1990,"Alsek","Upper Esc Goal",NA
1990,"Alsek","Lower PSC Goal",NA
1990,"Alsek","Upper PSC Goal",NA
1991,"Alsek","Lower Esc Goal",NA
1991,"Alsek","Upper Esc Goal",NA
1991,"Alsek","Lower PSC Goal",NA
1991,"Alsek","Upper PSC Goal",NA
1992,"Alsek","Lower Esc Goal",NA
1992,"Alsek","Upper Esc Goal",NA
1992,"Alsek","Lower PSC Goal",NA
1992,"Alsek","Upper PSC Goal",NA
1993,"Alsek","Lower Esc Goal",NA
1993,"Alsek","Upper Esc Goal",NA
1993,"Alsek","Lower PSC Goal",NA
1993,"Alsek","Upper PSC Goal",NA
1994,"Alsek","Lower Esc Goal",NA
1994,"Alsek","Upper Esc Goal",NA
1994,"Alsek","Lower PSC Goal",NA
1994,"Alsek","Upper PSC Goal",NA
1995,"Alsek","Lower Esc Goal",NA
1995,"Alsek","Upper Esc Goal",NA
1995,"Alsek","Lower PSC Goal",NA
1995,"Alsek","Upper PSC Goal",NA
1996,"Alsek","Lower Esc Goal",NA
1996,"Alsek","Upper Esc Goal",NA
1996,"Alsek","Lower PSC Goal",NA
1996,"Alsek","Upper PSC Goal",NA
1997,"Alsek","Lower Esc Goal",NA
1997,"Alsek","Upper Esc Goal",NA
1997,"Alsek","Lower PSC Goal",NA
1997,"Alsek","Upper PSC Goal",NA
1998,"Alsek","Lower Esc Goal",NA
1998,"Alsek","Upper Esc Goal",NA
1998,"Alsek","Lower PSC Goal",4400
1998,"Alsek","Upper PSC Goal",9200
1999,"Alsek","Lower Esc Goal",NA
1999,"Alsek","Upper Esc Goal",NA
1999,"Alsek","Lower PSC Goal",4400
1999,"Alsek","Upper PSC Goal",9200
2000,"Alsek","Lower Esc Goal",NA
2000,"Alsek","Upper Esc Goal",NA
2000,"Alsek","Lower PSC Goal",4400
2000,"Alsek","Upper PSC Goal",9200
2001,"Alsek","Lower Esc Goal",NA
2001,"Alsek","Upper Esc Goal",NA
2001,"Alsek","Lower PSC Goal",4400
2001,"Alsek","Upper PSC Goal",9200
2002,"Alsek","Lower Esc Goal",NA
2002,"Alsek","Upper Esc Goal",NA
2002,"Alsek","Lower PSC Goal",4400
2002,"Alsek","Upper PSC Goal",9200
2003,"Alsek","Lower Esc Goal",NA
2003,"Alsek","Upper Esc Goal",NA
2003,"Alsek","Lower PSC Goal",4400
2003,"Alsek","Upper PSC Goal",9200
2004,"Alsek","Lower Esc Goal",NA
2004,"Alsek","Upper Esc Goal",NA
2004,"Alsek","Lower PSC Goal",4400
2004,"Alsek","Upper PSC Goal",9200
2005,"Alsek","Lower Esc Goal",NA
2005,"Alsek","Upper Esc Goal",NA
2005,"Alsek","Lower PSC Goal",4400
2005,"Alsek","Upper PSC Goal",9200
2006,"Alsek","Lower Esc Goal",NA
2006,"Alsek","Upper Esc Goal",NA
2006,"Alsek","Lower PSC Goal",4400
2006,"Alsek","Upper PSC Goal",9200
2007,"Alsek","Lower Esc Goal",NA
2007,"Alsek","Upper Esc Goal",NA
2007,"Alsek","Lower PSC Goal",4400
2007,"Alsek","Upper PSC Goal",9200
2008,"Alsek","Lower Esc Goal",NA
2008,"Alsek","Upper Esc Goal",NA
2008,"Alsek","Lower PSC Goal",4400
2008,"Alsek","Upper PSC Goal",9200
2009,"Alsek","Lower Esc Goal",NA
2009,"Alsek","Upper Esc Goal",NA
2009,"Alsek","Lower PSC Goal",4400
2009,"Alsek","Upper PSC Goal",9200
2010,"Alsek","Lower Esc Goal",NA
2010,"Alsek","Upper Esc Goal",NA
2010,"Alsek","Lower PSC Goal",3500
2010,"Alsek","Upper PSC Goal",5300
2011,"Alsek","Lower Esc Goal",NA
2011,"Alsek","Upper Esc Goal",NA
2011,"Alsek","Lower PSC Goal",3500
2011,"Alsek","Upper PSC Goal",5300
2012,"Alsek","Lower Esc Goal",NA
2012,"Alsek","Upper Esc Goal",NA
2012,"Alsek","Lower PSC Goal",3500
2012,"Alsek","Upper PSC Goal",5300
2013,"Alsek","Lower Esc Goal",NA
2013,"Alsek","Upper Esc Goal",NA
2013,"Alsek","Lower PSC Goal",3500
2013,"Alsek","Upper PSC Goal",5300
2014,"Alsek","Lower Esc Goal",NA
2014,"Alsek","Upper Esc Goal",NA
2014,"Alsek","Lower PSC Goal",3500
2014,"Alsek","Upper PSC Goal",5300
2015,"Alsek","Lower Esc Goal",NA
2015,"Alsek","Upper Esc Goal",NA
2015,"Alsek","Lower PSC Goal",3500
2015,"Alsek","Upper PSC Goal",5300
2016,"Alsek","Lower Esc Goal",NA
2016,"Alsek","Upper Esc Goal",NA
2016,"Alsek","Lower PSC Goal",3500
2016,"Alsek","Upper PSC Goal",5300
2017,"Alsek","Lower Esc Goal",NA
2017,"Alsek","Upper Esc Goal",NA
2017,"Alsek","Lower PSC Goal",3500
2017,"Alsek","Upper PSC Goal",5300
2018,"Alsek","Lower Esc Goal",NA
2018,"Alsek","Upper Esc Goal",NA
2018,"Alsek","Lower PSC Goal",3500
2018,"Alsek","Upper PSC Goal",5300
2019,"Alsek","Lower Esc Goal",NA
2019,"Alsek","Upper Esc Goal",NA
2019,"Alsek","Lower PSC Goal",3500
2019,"Alsek","Upper PSC Goal",5300
2020,"Alsek","Lower Esc Goal",NA
2020,"Alsek","Upper Esc Goal",NA
2020,"Alsek","Lower PSC Goal",3500
2020,"Alsek","Upper PSC Goal",5300
2021,"Alsek","Lower Esc Goal",NA
2021,"Alsek","Upper Esc Goal",NA
2021,"Alsek","Lower PSC Goal",3500
2021,"Alsek","Upper PSC Goal",5300
2022,"Alsek","Lower Esc Goal",NA
2022,"Alsek","Upper Esc Goal",NA
2022,"Alsek","Lower PSC Goal",3500
2022,"Alsek","Upper PSC Goal",5300
1975,"Taku","Lower Esc Goal",NA
1975,"Taku","Upper Esc Goal",NA
1975,"Taku","Lower PSC Goal",NA
1975,"Taku","Upper PSC Goal",NA
1976,"Taku","Lower Esc Goal",NA
1976,"Taku","Upper Esc Goal",NA
1976,"Taku","Lower PSC Goal",NA
1976,"Taku","Upper PSC Goal",NA
1977,"Taku","Lower Esc Goal",NA
1977,"Taku","Upper Esc Goal",NA
1977,"Taku","Lower PSC Goal",NA
1977,"Taku","Upper PSC Goal",NA
1978,"Taku","Lower Esc Goal",NA
1978,"Taku","Upper Esc Goal",NA
1978,"Taku","Lower PSC Goal",NA
1978,"Taku","Upper PSC Goal",NA
1979,"Taku","Lower Esc Goal",NA
1979,"Taku","Upper Esc Goal",NA
1979,"Taku","Lower PSC Goal",NA
1979,"Taku","Upper PSC Goal",NA
1980,"Taku","Lower Esc Goal",NA
1980,"Taku","Upper Esc Goal",NA
1980,"Taku","Lower PSC Goal",NA
1980,"Taku","Upper PSC Goal",NA
1981,"Taku","Lower Esc Goal",NA
1981,"Taku","Upper Esc Goal",NA
1981,"Taku","Lower PSC Goal",NA
1981,"Taku","Upper PSC Goal",NA
1982,"Taku","Lower Esc Goal",NA
1982,"Taku","Upper Esc Goal",NA
1982,"Taku","Lower PSC Goal",NA
1982,"Taku","Upper PSC Goal",NA
1983,"Taku","Lower Esc Goal",NA
1983,"Taku","Upper Esc Goal",NA
1983,"Taku","Lower PSC Goal",NA
1983,"Taku","Upper PSC Goal",NA
1984,"Taku","Lower Esc Goal",NA
1984,"Taku","Upper Esc Goal",NA
1984,"Taku","Lower PSC Goal",NA
1984,"Taku","Upper PSC Goal",NA
1985,"Taku","Lower Esc Goal",NA
1985,"Taku","Upper Esc Goal",NA
1985,"Taku","Lower PSC Goal",NA
1985,"Taku","Upper PSC Goal",NA
1986,"Taku","Lower Esc Goal",NA
1986,"Taku","Upper Esc Goal",NA
1986,"Taku","Lower PSC Goal",NA
1986,"Taku","Upper PSC Goal",NA
1987,"Taku","Lower Esc Goal",NA
1987,"Taku","Upper Esc Goal",NA
1987,"Taku","Lower PSC Goal",NA
1987,"Taku","Upper PSC Goal",NA
1988,"Taku","Lower Esc Goal",NA
1988,"Taku","Upper Esc Goal",NA
1988,"Taku","Lower PSC Goal",NA
1988,"Taku","Upper PSC Goal",NA
1989,"Taku","Lower Esc Goal",NA
1989,"Taku","Upper Esc Goal",NA
1989,"Taku","Lower PSC Goal",NA
1989,"Taku","Upper PSC Goal",NA
1990,"Taku","Lower Esc Goal",NA
1990,"Taku","Upper Esc Goal",NA
1990,"Taku","Lower PSC Goal",NA
1990,"Taku","Upper PSC Goal",NA
1991,"Taku","Lower Esc Goal",NA
1991,"Taku","Upper Esc Goal",NA
1991,"Taku","Lower PSC Goal",NA
1991,"Taku","Upper PSC Goal",NA
1992,"Taku","Lower Esc Goal",NA
1992,"Taku","Upper Esc Goal",NA
1992,"Taku","Lower PSC Goal",NA
1992,"Taku","Upper PSC Goal",NA
1993,"Taku","Lower Esc Goal",NA
1993,"Taku","Upper Esc Goal",NA
1993,"Taku","Lower PSC Goal",NA
1993,"Taku","Upper PSC Goal",NA
1994,"Taku","Lower Esc Goal",NA
1994,"Taku","Upper Esc Goal",NA
1994,"Taku","Lower PSC Goal",NA
1994,"Taku","Upper PSC Goal",NA
1995,"Taku","Lower Esc Goal",NA
1995,"Taku","Upper Esc Goal",NA
1995,"Taku","Lower PSC Goal",NA
1995,"Taku","Upper PSC Goal",NA
1996,"Taku","Lower Esc Goal",NA
1996,"Taku","Upper Esc Goal",NA
1996,"Taku","Lower PSC Goal",NA
1996,"Taku","Upper PSC Goal",NA
1997,"Taku","Lower Esc Goal",NA
1997,"Taku","Upper Esc Goal",NA
1997,"Taku","Lower PSC Goal",NA
1997,"Taku","Upper PSC Goal",NA
1998,"Taku","Lower Esc Goal",NA
1998,"Taku","Upper Esc Goal",NA
1998,"Taku","Lower PSC Goal",NA
1998,"Taku","Upper PSC Goal",NA
1999,"Taku","Lower Esc Goal",NA
1999,"Taku","Upper Esc Goal",NA
1999,"Taku","Lower PSC Goal",30000
1999,"Taku","Upper PSC Goal",55000
2000,"Taku","Lower Esc Goal",NA
2000,"Taku","Upper Esc Goal",NA
2000,"Taku","Lower PSC Goal",30000
2000,"Taku","Upper PSC Goal",55000
2001,"Taku","Lower Esc Goal",NA
2001,"Taku","Upper Esc Goal",NA
2001,"Taku","Lower PSC Goal",30000
2001,"Taku","Upper PSC Goal",55000
2002,"Taku","Lower Esc Goal",NA
2002,"Taku","Upper Esc Goal",NA
2002,"Taku","Lower PSC Goal",30000
2002,"Taku","Upper PSC Goal",55000
2003,"Taku","Lower Esc Goal",NA
2003,"Taku","Upper Esc Goal",NA
2003,"Taku","Lower PSC Goal",30000
2003,"Taku","Upper PSC Goal",55000
2004,"Taku","Lower Esc Goal",NA
2004,"Taku","Upper Esc Goal",NA
2004,"Taku","Lower PSC Goal",30000
2004,"Taku","Upper PSC Goal",55000
2005,"Taku","Lower Esc Goal",NA
2005,"Taku","Upper Esc Goal",NA
2005,"Taku","Lower PSC Goal",30000
2005,"Taku","Upper PSC Goal",55000
2006,"Taku","Lower Esc Goal",NA
2006,"Taku","Upper Esc Goal",NA
2006,"Taku","Lower PSC Goal",30000
2006,"Taku","Upper PSC Goal",55000
2007,"Taku","Lower Esc Goal",NA
2007,"Taku","Upper Esc Goal",NA
2007,"Taku","Lower PSC Goal",30000
2007,"Taku","Upper PSC Goal",55000
2008,"Taku","Lower Esc Goal",NA
2008,"Taku","Upper Esc Goal",NA
2008,"Taku","Lower PSC Goal",30000
2008,"Taku","Upper PSC Goal",55000
2009,"Taku","Lower Esc Goal",NA
2009,"Taku","Upper Esc Goal",NA
2009,"Taku","Lower PSC Goal",30000
2009,"Taku","Upper PSC Goal",55000
2010,"Taku","Lower Esc Goal",NA
2010,"Taku","Upper Esc Goal",NA
2010,"Taku","Lower PSC Goal",19000
2010,"Taku","Upper PSC Goal",36000
2011,"Taku","Lower Esc Goal",NA
2011,"Taku","Upper Esc Goal",NA
2011,"Taku","Lower PSC Goal",19000
2011,"Taku","Upper PSC Goal",36000
2012,"Taku","Lower Esc Goal",NA
2012,"Taku","Upper Esc Goal",NA
2012,"Taku","Lower PSC Goal",19000
2012,"Taku","Upper PSC Goal",36000
2013,"Taku","Lower Esc Goal",NA
2013,"Taku","Upper Esc Goal",NA
2013,"Taku","Lower PSC Goal",19000
2013,"Taku","Upper PSC Goal",36000
2014,"Taku","Lower Esc Goal",NA
2014,"Taku","Upper Esc Goal",NA
2014,"Taku","Lower PSC Goal",19000
2014,"Taku","Upper PSC Goal",36000
2015,"Taku","Lower Esc Goal",NA
2015,"Taku","Upper Esc Goal",NA
2015,"Taku","Lower PSC Goal",19000
2015,"Taku","Upper PSC Goal",36000
2016,"Taku","Lower Esc Goal",NA
2016,"Taku","Upper Esc Goal",NA
2016,"Taku","Lower PSC Goal",19000
2016,"Taku","Upper PSC Goal",36000
2017,"Taku","Lower Esc Goal",NA
2017,"Taku","Upper Esc Goal",NA
2017,"Taku","Lower PSC Goal",19000
2017,"Taku","Upper PSC Goal",36000
2018,"Taku","Lower Esc Goal",NA
2018,"Taku","Upper Esc Goal",NA
2018,"Taku","Lower PSC Goal",19000
2018,"Taku","Upper PSC Goal",36000
2019,"Taku","Lower Esc Goal",NA
2019,"Taku","Upper Esc Goal",NA
2019,"Taku","Lower PSC Goal",19000
2019,"Taku","Upper PSC Goal",36000
2020,"Taku","Lower Esc Goal",NA
2020,"Taku","Upper Esc Goal",NA
2020,"Taku","Lower PSC Goal",19000
2020,"Taku","Upper PSC Goal",36000
2021,"Taku","Lower Esc Goal",NA
2021,"Taku","Upper Esc Goal",NA
2021,"Taku","Lower PSC Goal",19000
2021,"Taku","Upper PSC Goal",36000
2022,"Taku","Lower Esc Goal",NA
2022,"Taku","Upper Esc Goal",NA
2022,"Taku","Lower PSC Goal",19000
2022,"Taku","Upper PSC Goal",36000
1975,"Stikine","Lower Esc Goal",NA
1975,"Stikine","Upper Esc Goal",NA
1975,"Stikine","Lower PSC Goal",NA
1975,"Stikine","Upper PSC Goal",NA
1976,"Stikine","Lower Esc Goal",NA
1976,"Stikine","Upper Esc Goal",NA
1976,"Stikine","Lower PSC Goal",NA
1976,"Stikine","Upper PSC Goal",NA
1977,"Stikine","Lower Esc Goal",NA
1977,"Stikine","Upper Esc Goal",NA
1977,"Stikine","Lower PSC Goal",NA
1977,"Stikine","Upper PSC Goal",NA
1978,"Stikine","Lower Esc Goal",NA
1978,"Stikine","Upper Esc Goal",NA
1978,"Stikine","Lower PSC Goal",NA
1978,"Stikine","Upper PSC Goal",NA
1979,"Stikine","Lower Esc Goal",NA
1979,"Stikine","Upper Esc Goal",NA
1979,"Stikine","Lower PSC Goal",NA
1979,"Stikine","Upper PSC Goal",NA
1980,"Stikine","Lower Esc Goal",NA
1980,"Stikine","Upper Esc Goal",NA
1980,"Stikine","Lower PSC Goal",NA
1980,"Stikine","Upper PSC Goal",NA
1981,"Stikine","Lower Esc Goal",NA
1981,"Stikine","Upper Esc Goal",NA
1981,"Stikine","Lower PSC Goal",NA
1981,"Stikine","Upper PSC Goal",NA
1982,"Stikine","Lower Esc Goal",NA
1982,"Stikine","Upper Esc Goal",NA
1982,"Stikine","Lower PSC Goal",NA
1982,"Stikine","Upper PSC Goal",NA
1983,"Stikine","Lower Esc Goal",NA
1983,"Stikine","Upper Esc Goal",NA
1983,"Stikine","Lower PSC Goal",NA
1983,"Stikine","Upper PSC Goal",NA
1984,"Stikine","Lower Esc Goal",NA
1984,"Stikine","Upper Esc Goal",NA
1984,"Stikine","Lower PSC Goal",NA
1984,"Stikine","Upper PSC Goal",NA
1985,"Stikine","Lower Esc Goal",NA
1985,"Stikine","Upper Esc Goal",NA
1985,"Stikine","Lower PSC Goal",NA
1985,"Stikine","Upper PSC Goal",NA
1986,"Stikine","Lower Esc Goal",NA
1986,"Stikine","Upper Esc Goal",NA
1986,"Stikine","Lower PSC Goal",NA
1986,"Stikine","Upper PSC Goal",NA
1987,"Stikine","Lower Esc Goal",NA
1987,"Stikine","Upper Esc Goal",NA
1987,"Stikine","Lower PSC Goal",NA
1987,"Stikine","Upper PSC Goal",NA
1988,"Stikine","Lower Esc Goal",NA
1988,"Stikine","Upper Esc Goal",NA
1988,"Stikine","Lower PSC Goal",NA
1988,"Stikine","Upper PSC Goal",NA
1989,"Stikine","Lower Esc Goal",NA
1989,"Stikine","Upper Esc Goal",NA
1989,"Stikine","Lower PSC Goal",NA
1989,"Stikine","Upper PSC Goal",NA
1990,"Stikine","Lower Esc Goal",NA
1990,"Stikine","Upper Esc Goal",NA
1990,"Stikine","Lower PSC Goal",NA
1990,"Stikine","Upper PSC Goal",NA
1991,"Stikine","Lower Esc Goal",NA
1991,"Stikine","Upper Esc Goal",NA
1991,"Stikine","Lower PSC Goal",NA
1991,"Stikine","Upper PSC Goal",NA
1992,"Stikine","Lower Esc Goal",NA
1992,"Stikine","Upper Esc Goal",NA
1992,"Stikine","Lower PSC Goal",NA
1992,"Stikine","Upper PSC Goal",NA
1993,"Stikine","Lower Esc Goal",NA
1993,"Stikine","Upper Esc Goal",NA
1993,"Stikine","Lower PSC Goal",NA
1993,"Stikine","Upper PSC Goal",NA
1994,"Stikine","Lower Esc Goal",NA
1994,"Stikine","Upper Esc Goal",NA
1994,"Stikine","Lower PSC Goal",NA
1994,"Stikine","Upper PSC Goal",NA
1995,"Stikine","Lower Esc Goal",NA
1995,"Stikine","Upper Esc Goal",NA
1995,"Stikine","Lower PSC Goal",NA
1995,"Stikine","Upper PSC Goal",NA
1996,"Stikine","Lower Esc Goal",NA
1996,"Stikine","Upper Esc Goal",NA
1996,"Stikine","Lower PSC Goal",NA
1996,"Stikine","Upper PSC Goal",NA
1997,"Stikine","Lower Esc Goal",NA
1997,"Stikine","Upper Esc Goal",NA
1997,"Stikine","Lower PSC Goal",NA
1997,"Stikine","Upper PSC Goal",NA
1998,"Stikine","Lower Esc Goal",NA
1998,"Stikine","Upper Esc Goal",NA
1998,"Stikine","Lower PSC Goal",NA
1998,"Stikine","Upper PSC Goal",NA
1999,"Stikine","Lower Esc Goal",NA
1999,"Stikine","Upper Esc Goal",NA
1999,"Stikine","Lower PSC Goal",NA
1999,"Stikine","Upper PSC Goal",NA
2000,"Stikine","Lower Esc Goal",NA
2000,"Stikine","Upper Esc Goal",NA
2000,"Stikine","Lower PSC Goal",14000
2000,"Stikine","Upper PSC Goal",28000
2001,"Stikine","Lower Esc Goal",NA
2001,"Stikine","Upper Esc Goal",NA
2001,"Stikine","Lower PSC Goal",14000
2001,"Stikine","Upper PSC Goal",28000
2002,"Stikine","Lower Esc Goal",NA
2002,"Stikine","Upper Esc Goal",NA
2002,"Stikine","Lower PSC Goal",14000
2002,"Stikine","Upper PSC Goal",28000
2003,"Stikine","Lower Esc Goal",NA
2003,"Stikine","Upper Esc Goal",NA
2003,"Stikine","Lower PSC Goal",14000
2003,"Stikine","Upper PSC Goal",28000
2004,"Stikine","Lower Esc Goal",NA
2004,"Stikine","Upper Esc Goal",NA
2004,"Stikine","Lower PSC Goal",14000
2004,"Stikine","Upper PSC Goal",28000
2005,"Stikine","Lower Esc Goal",NA
2005,"Stikine","Upper Esc Goal",NA
2005,"Stikine","Lower PSC Goal",14000
2005,"Stikine","Upper PSC Goal",28000
2006,"Stikine","Lower Esc Goal",NA
2006,"Stikine","Upper Esc Goal",NA
2006,"Stikine","Lower PSC Goal",14000
2006,"Stikine","Upper PSC Goal",28000
2007,"Stikine","Lower Esc Goal",NA
2007,"Stikine","Upper Esc Goal",NA
2007,"Stikine","Lower PSC Goal",14000
2007,"Stikine","Upper PSC Goal",28000
2008,"Stikine","Lower Esc Goal",NA
2008,"Stikine","Upper Esc Goal",NA
2008,"Stikine","Lower PSC Goal",14000
2008,"Stikine","Upper PSC Goal",28000
2009,"Stikine","Lower Esc Goal",NA
2009,"Stikine","Upper Esc Goal",NA
2009,"Stikine","Lower PSC Goal",14000
2009,"Stikine","Upper PSC Goal",28000
2010,"Stikine","Lower Esc Goal",NA
2010,"Stikine","Upper Esc Goal",NA
2010,"Stikine","Lower PSC Goal",14000
2010,"Stikine","Upper PSC Goal",28000
2011,"Stikine","Lower Esc Goal",NA
2011,"Stikine","Upper Esc Goal",NA
2011,"Stikine","Lower PSC Goal",14000
2011,"Stikine","Upper PSC Goal",28000
2012,"Stikine","Lower Esc Goal",NA
2012,"Stikine","Upper Esc Goal",NA
2012,"Stikine","Lower PSC Goal",14000
2012,"Stikine","Upper PSC Goal",28000
2013,"Stikine","Lower Esc Goal",NA
2013,"Stikine","Upper Esc Goal",NA
2013,"Stikine","Lower PSC Goal",14000
2013,"Stikine","Upper PSC Goal",28000
2014,"Stikine","Lower Esc Goal",NA
2014,"Stikine","Upper Esc Goal",NA
2014,"Stikine","Lower PSC Goal",14000
2014,"Stikine","Upper PSC Goal",28000
2015,"Stikine","Lower Esc Goal",NA
2015,"Stikine","Upper Esc Goal",NA
2015,"Stikine","Lower PSC Goal",14000
2015,"Stikine","Upper PSC Goal",28000
2016,"Stikine","Lower Esc Goal",NA
2016,"Stikine","Upper Esc Goal",NA
2016,"Stikine","Lower PSC Goal",14000
2016,"Stikine","Upper PSC Goal",28000
2017,"Stikine","Lower Esc Goal",NA
2017,"Stikine","Upper Esc Goal",NA
2017,"Stikine","Lower PSC Goal",14000
2017,"Stikine","Upper PSC Goal",28000
2018,"Stikine","Lower Esc Goal",NA
2018,"Stikine","Upper Esc Goal",NA
2018,"Stikine","Lower PSC Goal",14000
2018,"Stikine","Upper PSC Goal",28000
2019,"Stikine","Lower Esc Goal",NA
2019,"Stikine","Upper Esc Goal",NA
2019,"Stikine","Lower PSC Goal",14000
2019,"Stikine","Upper PSC Goal",28000
2020,"Stikine","Lower Esc Goal",NA
2020,"Stikine","Upper Esc Goal",NA
2020,"Stikine","Lower PSC Goal",14000
2020,"Stikine","Upper PSC Goal",28000
2021,"Stikine","Lower Esc Goal",NA
2021,"Stikine","Upper Esc Goal",NA
2021,"Stikine","Lower PSC Goal",14000
2021,"Stikine","Upper PSC Goal",28000
2022,"Stikine","Lower Esc Goal",NA
2022,"Stikine","Upper Esc Goal",NA
2022,"Stikine","Lower PSC Goal",14000
2022,"Stikine","Upper PSC Goal",28000
1975,"Chilkat","Lower Esc Goal",NA
1975,"Chilkat","Upper Esc Goal",NA
1975,"Chilkat","Lower PSC Goal",NA
1975,"Chilkat","Upper PSC Goal",NA
1976,"Chilkat","Lower Esc Goal",NA
1976,"Chilkat","Upper Esc Goal",NA
1976,"Chilkat","Lower PSC Goal",NA
1976,"Chilkat","Upper PSC Goal",NA
1977,"Chilkat","Lower Esc Goal",NA
1977,"Chilkat","Upper Esc Goal",NA
1977,"Chilkat","Lower PSC Goal",NA
1977,"Chilkat","Upper PSC Goal",NA
1978,"Chilkat","Lower Esc Goal",NA
1978,"Chilkat","Upper Esc Goal",NA
1978,"Chilkat","Lower PSC Goal",NA
1978,"Chilkat","Upper PSC Goal",NA
1979,"Chilkat","Lower Esc Goal",NA
1979,"Chilkat","Upper Esc Goal",NA
1979,"Chilkat","Lower PSC Goal",NA
1979,"Chilkat","Upper PSC Goal",NA
1980,"Chilkat","Lower Esc Goal",NA
1980,"Chilkat","Upper Esc Goal",NA
1980,"Chilkat","Lower PSC Goal",NA
1980,"Chilkat","Upper PSC Goal",NA
1981,"Chilkat","Lower Esc Goal",NA
1981,"Chilkat","Upper Esc Goal",NA
1981,"Chilkat","Lower PSC Goal",NA
1981,"Chilkat","Upper PSC Goal",NA
1982,"Chilkat","Lower Esc Goal",NA
1982,"Chilkat","Upper Esc Goal",NA
1982,"Chilkat","Lower PSC Goal",NA
1982,"Chilkat","Upper PSC Goal",NA
1983,"Chilkat","Lower Esc Goal",NA
1983,"Chilkat","Upper Esc Goal",NA
1983,"Chilkat","Lower PSC Goal",NA
1983,"Chilkat","Upper PSC Goal",NA
1984,"Chilkat","Lower Esc Goal",NA
1984,"Chilkat","Upper Esc Goal",NA
1984,"Chilkat","Lower PSC Goal",NA
1984,"Chilkat","Upper PSC Goal",NA
1985,"Chilkat","Lower Esc Goal",NA
1985,"Chilkat","Upper Esc Goal",NA
1985,"Chilkat","Lower PSC Goal",NA
1985,"Chilkat","Upper PSC Goal",NA
1986,"Chilkat","Lower Esc Goal",NA
1986,"Chilkat","Upper Esc Goal",NA
1986,"Chilkat","Lower PSC Goal",NA
1986,"Chilkat","Upper PSC Goal",NA
1987,"Chilkat","Lower Esc Goal",NA
1987,"Chilkat","Upper Esc Goal",NA
1987,"Chilkat","Lower PSC Goal",NA
1987,"Chilkat","Upper PSC Goal",NA
1988,"Chilkat","Lower Esc Goal",NA
1988,"Chilkat","Upper Esc Goal",NA
1988,"Chilkat","Lower PSC Goal",NA
1988,"Chilkat","Upper PSC Goal",NA
1989,"Chilkat","Lower Esc Goal",NA
1989,"Chilkat","Upper Esc Goal",NA
1989,"Chilkat","Lower PSC Goal",NA
1989,"Chilkat","Upper PSC Goal",NA
1990,"Chilkat","Lower Esc Goal",NA
1990,"Chilkat","Upper Esc Goal",NA
1990,"Chilkat","Lower PSC Goal",NA
1990,"Chilkat","Upper PSC Goal",NA
1991,"Chilkat","Lower Esc Goal",2000
1991,"Chilkat","Upper Esc Goal",NA
1991,"Chilkat","Lower PSC Goal",NA
1991,"Chilkat","Upper PSC Goal",NA
1992,"Chilkat","Lower Esc Goal",2000
1992,"Chilkat","Upper Esc Goal",NA
1992,"Chilkat","Lower PSC Goal",NA
1992,"Chilkat","Upper PSC Goal",NA
1993,"Chilkat","Lower Esc Goal",2000
1993,"Chilkat","Upper Esc Goal",NA
1993,"Chilkat","Lower PSC Goal",NA
1993,"Chilkat","Upper PSC Goal",NA
1994,"Chilkat","Lower Esc Goal",2000
1994,"Chilkat","Upper Esc Goal",NA
1994,"Chilkat","Lower PSC Goal",NA
1994,"Chilkat","Upper PSC Goal",NA
1995,"Chilkat","Lower Esc Goal",2000
1995,"Chilkat","Upper Esc Goal",NA
1995,"Chilkat","Lower PSC Goal",NA
1995,"Chilkat","Upper PSC Goal",NA
1996,"Chilkat","Lower Esc Goal",2000
1996,"Chilkat","Upper Esc Goal",NA
1996,"Chilkat","Lower PSC Goal",NA
1996,"Chilkat","Upper PSC Goal",NA
1997,"Chilkat","Lower Esc Goal",2000
1997,"Chilkat","Upper Esc Goal",NA
1997,"Chilkat","Lower PSC Goal",NA
1997,"Chilkat","Upper PSC Goal",NA
1998,"Chilkat","Lower Esc Goal",2000
1998,"Chilkat","Upper Esc Goal",NA
1998,"Chilkat","Lower PSC Goal",NA
1998,"Chilkat","Upper PSC Goal",NA
1999,"Chilkat","Lower Esc Goal",2000
1999,"Chilkat","Upper Esc Goal",NA
1999,"Chilkat","Lower PSC Goal",NA
1999,"Chilkat","Upper PSC Goal",NA
2000,"Chilkat","Lower Esc Goal",2000
2000,"Chilkat","Upper Esc Goal",NA
2000,"Chilkat","Lower PSC Goal",NA
2000,"Chilkat","Upper PSC Goal",NA
2001,"Chilkat","Lower Esc Goal",2000
2001,"Chilkat","Upper Esc Goal",NA
2001,"Chilkat","Lower PSC Goal",NA
2001,"Chilkat","Upper PSC Goal",NA
2002,"Chilkat","Lower Esc Goal",2000
2002,"Chilkat","Upper Esc Goal",NA
2002,"Chilkat","Lower PSC Goal",NA
2002,"Chilkat","Upper PSC Goal",NA
2003,"Chilkat","Lower Esc Goal",2000
2003,"Chilkat","Upper Esc Goal",NA
2003,"Chilkat","Lower PSC Goal",NA
2003,"Chilkat","Upper PSC Goal",NA
2004,"Chilkat","Lower Esc Goal",NA
2004,"Chilkat","Upper Esc Goal",NA
2004,"Chilkat","Lower PSC Goal",1750
2004,"Chilkat","Upper PSC Goal",3500
2005,"Chilkat","Lower Esc Goal",NA
2005,"Chilkat","Upper Esc Goal",NA
2005,"Chilkat","Lower PSC Goal",1750
2005,"Chilkat","Upper PSC Goal",3500
2006,"Chilkat","Lower Esc Goal",NA
2006,"Chilkat","Upper Esc Goal",NA
2006,"Chilkat","Lower PSC Goal",1750
2006,"Chilkat","Upper PSC Goal",3500
2007,"Chilkat","Lower Esc Goal",NA
2007,"Chilkat","Upper Esc Goal",NA
2007,"Chilkat","Lower PSC Goal",1750
2007,"Chilkat","Upper PSC Goal",3500
2008,"Chilkat","Lower Esc Goal",NA
2008,"Chilkat","Upper Esc Goal",NA
2008,"Chilkat","Lower PSC Goal",1750
2008,"Chilkat","Upper PSC Goal",3500
2009,"Chilkat","Lower Esc Goal",NA
2009,"Chilkat","Upper Esc Goal",NA
2009,"Chilkat","Lower PSC Goal",1750
2009,"Chilkat","Upper PSC Goal",3500
2010,"Chilkat","Lower Esc Goal",NA
2010,"Chilkat","Upper Esc Goal",NA
2010,"Chilkat","Lower PSC Goal",1750
2010,"Chilkat","Upper PSC Goal",3500
2011,"Chilkat","Lower Esc Goal",NA
2011,"Chilkat","Upper Esc Goal",NA
2011,"Chilkat","Lower PSC Goal",1750
2011,"Chilkat","Upper PSC Goal",3500
2012,"Chilkat","Lower Esc Goal",NA
2012,"Chilkat","Upper Esc Goal",NA
2012,"Chilkat","Lower PSC Goal",1750
2012,"Chilkat","Upper PSC Goal",3500
2013,"Chilkat","Lower Esc Goal",NA
2013,"Chilkat","Upper Esc Goal",NA
2013,"Chilkat","Lower PSC Goal",1750
2013,"Chilkat","Upper PSC Goal",3500
2014,"Chilkat","Lower Esc Goal",NA
2014,"Chilkat","Upper Esc Goal",NA
2014,"Chilkat","Lower PSC Goal",1750
2014,"Chilkat","Upper PSC Goal",3500
2015,"Chilkat","Lower Esc Goal",NA
2015,"Chilkat","Upper Esc Goal",NA
2015,"Chilkat","Lower PSC Goal",1750
2015,"Chilkat","Upper PSC Goal",3500
2016,"Chilkat","Lower Esc Goal",NA
2016,"Chilkat","Upper Esc Goal",NA
2016,"Chilkat","Lower PSC Goal",1750
2016,"Chilkat","Upper PSC Goal",3500
2017,"Chilkat","Lower Esc Goal",NA
2017,"Chilkat","Upper Esc Goal",NA
2017,"Chilkat","Lower PSC Goal",1750
2017,"Chilkat","Upper PSC Goal",3500
2018,"Chilkat","Lower Esc Goal",NA
2018,"Chilkat","Upper Esc Goal",NA
2018,"Chilkat","Lower PSC Goal",1750
2018,"Chilkat","Upper PSC Goal",3500
2019,"Chilkat","Lower Esc Goal",NA
2019,"Chilkat","Upper Esc Goal",NA
2019,"Chilkat","Lower PSC Goal",1750
2019,"Chilkat","Upper PSC Goal",3500
2020,"Chilkat","Lower Esc Goal",NA
2020,"Chilkat","Upper Esc Goal",NA
2020,"Chilkat","Lower PSC Goal",1750
2020,"Chilkat","Upper PSC Goal",3500
2021,"Chilkat","Lower Esc Goal",NA
2021,"Chilkat","Upper Esc Goal",NA
2021,"Chilkat","Lower PSC Goal",1750
2021,"Chilkat","Upper PSC Goal",3500
2022,"Chilkat","Lower Esc Goal",NA
2022,"Chilkat","Upper Esc Goal",NA
2022,"Chilkat","Lower PSC Goal",1750
2022,"Chilkat","Upper PSC Goal",3500
1975,"Unuk","Lower Esc Goal",NA
1975,"Unuk","Upper Esc Goal",NA
1975,"Unuk","Lower PSC Goal",NA
1975,"Unuk","Upper PSC Goal",NA
1976,"Unuk","Lower Esc Goal",NA
1976,"Unuk","Upper Esc Goal",NA
1976,"Unuk","Lower PSC Goal",NA
1976,"Unuk","Upper PSC Goal",NA
1977,"Unuk","Lower Esc Goal",NA
1977,"Unuk","Upper Esc Goal",NA
1977,"Unuk","Lower PSC Goal",NA
1977,"Unuk","Upper PSC Goal",NA
1978,"Unuk","Lower Esc Goal",NA
1978,"Unuk","Upper Esc Goal",NA
1978,"Unuk","Lower PSC Goal",NA
1978,"Unuk","Upper PSC Goal",NA
1979,"Unuk","Lower Esc Goal",NA
1979,"Unuk","Upper Esc Goal",NA
1979,"Unuk","Lower PSC Goal",NA
1979,"Unuk","Upper PSC Goal",NA
1980,"Unuk","Lower Esc Goal",NA
1980,"Unuk","Upper Esc Goal",NA
1980,"Unuk","Lower PSC Goal",NA
1980,"Unuk","Upper PSC Goal",NA
1981,"Unuk","Lower Esc Goal",NA
1981,"Unuk","Upper Esc Goal",NA
1981,"Unuk","Lower PSC Goal",NA
1981,"Unuk","Upper PSC Goal",NA
1982,"Unuk","Lower Esc Goal",NA
1982,"Unuk","Upper Esc Goal",NA
1982,"Unuk","Lower PSC Goal",NA
1982,"Unuk","Upper PSC Goal",NA
1983,"Unuk","Lower Esc Goal",NA
1983,"Unuk","Upper Esc Goal",NA
1983,"Unuk","Lower PSC Goal",NA
1983,"Unuk","Upper PSC Goal",NA
1984,"Unuk","Lower Esc Goal",NA
1984,"Unuk","Upper Esc Goal",NA
1984,"Unuk","Lower PSC Goal",NA
1984,"Unuk","Upper PSC Goal",NA
1985,"Unuk","Lower Esc Goal",NA
1985,"Unuk","Upper Esc Goal",NA
1985,"Unuk","Lower PSC Goal",NA
1985,"Unuk","Upper PSC Goal",NA
1986,"Unuk","Lower Esc Goal",NA
1986,"Unuk","Upper Esc Goal",NA
1986,"Unuk","Lower PSC Goal",NA
1986,"Unuk","Upper PSC Goal",NA
1987,"Unuk","Lower Esc Goal",NA
1987,"Unuk","Upper Esc Goal",NA
1987,"Unuk","Lower PSC Goal",NA
1987,"Unuk","Upper PSC Goal",NA
1988,"Unuk","Lower Esc Goal",NA
1988,"Unuk","Upper Esc Goal",NA
1988,"Unuk","Lower PSC Goal",NA
1988,"Unuk","Upper PSC Goal",NA
1989,"Unuk","Lower Esc Goal",NA
1989,"Unuk","Upper Esc Goal",NA
1989,"Unuk","Lower PSC Goal",NA
1989,"Unuk","Upper PSC Goal",NA
1990,"Unuk","Lower Esc Goal",NA
1990,"Unuk","Upper Esc Goal",NA
1990,"Unuk","Lower PSC Goal",NA
1990,"Unuk","Upper PSC Goal",NA
1991,"Unuk","Lower Esc Goal",NA
1991,"Unuk","Upper Esc Goal",NA
1991,"Unuk","Lower PSC Goal",NA
1991,"Unuk","Upper PSC Goal",NA
1992,"Unuk","Lower Esc Goal",NA
1992,"Unuk","Upper Esc Goal",NA
1992,"Unuk","Lower PSC Goal",NA
1992,"Unuk","Upper PSC Goal",NA
1993,"Unuk","Lower Esc Goal",NA
1993,"Unuk","Upper Esc Goal",NA
1993,"Unuk","Lower PSC Goal",NA
1993,"Unuk","Upper PSC Goal",NA
1994,"Unuk","Lower Esc Goal",4226
1994,"Unuk","Upper Esc Goal",NA
1994,"Unuk","Lower PSC Goal",NA
1994,"Unuk","Upper PSC Goal",NA
1995,"Unuk","Lower Esc Goal",4226
1995,"Unuk","Upper Esc Goal",NA
1995,"Unuk","Lower PSC Goal",NA
1995,"Unuk","Upper PSC Goal",NA
1996,"Unuk","Lower Esc Goal",4226
1996,"Unuk","Upper Esc Goal",NA
1996,"Unuk","Lower PSC Goal",NA
1996,"Unuk","Upper PSC Goal",NA
1997,"Unuk","Lower Esc Goal",3140
1997,"Unuk","Upper Esc Goal",6762
1997,"Unuk","Lower PSC Goal",NA
1997,"Unuk","Upper PSC Goal",NA
1998,"Unuk","Lower Esc Goal",NA
1998,"Unuk","Upper Esc Goal",NA
1998,"Unuk","Lower PSC Goal",3140
1998,"Unuk","Upper PSC Goal",6762
1999,"Unuk","Lower Esc Goal",NA
1999,"Unuk","Upper Esc Goal",NA
1999,"Unuk","Lower PSC Goal",3140
1999,"Unuk","Upper PSC Goal",6762
2000,"Unuk","Lower Esc Goal",NA
2000,"Unuk","Upper Esc Goal",NA
2000,"Unuk","Lower PSC Goal",3140
2000,"Unuk","Upper PSC Goal",6762
2001,"Unuk","Lower Esc Goal",NA
2001,"Unuk","Upper Esc Goal",NA
2001,"Unuk","Lower PSC Goal",3140
2001,"Unuk","Upper PSC Goal",6762
2002,"Unuk","Lower Esc Goal",NA
2002,"Unuk","Upper Esc Goal",NA
2002,"Unuk","Lower PSC Goal",3140
2002,"Unuk","Upper PSC Goal",6762
2003,"Unuk","Lower Esc Goal",NA
2003,"Unuk","Upper Esc Goal",NA
2003,"Unuk","Lower PSC Goal",3140
2003,"Unuk","Upper PSC Goal",6762
2004,"Unuk","Lower Esc Goal",NA
2004,"Unuk","Upper Esc Goal",NA
2004,"Unuk","Lower PSC Goal",3140
2004,"Unuk","Upper PSC Goal",6762
2005,"Unuk","Lower Esc Goal",NA
2005,"Unuk","Upper Esc Goal",NA
2005,"Unuk","Lower PSC Goal",3140
2005,"Unuk","Upper PSC Goal",6762
2006,"Unuk","Lower Esc Goal",NA
2006,"Unuk","Upper Esc Goal",NA
2006,"Unuk","Lower PSC Goal",3140
2006,"Unuk","Upper PSC Goal",6762
2007,"Unuk","Lower Esc Goal",NA
2007,"Unuk","Upper Esc Goal",NA
2007,"Unuk","Lower PSC Goal",3140
2007,"Unuk","Upper PSC Goal",6762
2008,"Unuk","Lower Esc Goal",NA
2008,"Unuk","Upper Esc Goal",NA
2008,"Unuk","Lower PSC Goal",3140
2008,"Unuk","Upper PSC Goal",6762
2009,"Unuk","Lower Esc Goal",NA
2009,"Unuk","Upper Esc Goal",NA
2009,"Unuk","Lower PSC Goal",1800
2009,"Unuk","Upper PSC Goal",3800
2010,"Unuk","Lower Esc Goal",NA
2010,"Unuk","Upper Esc Goal",NA
2010,"Unuk","Lower PSC Goal",1800
2010,"Unuk","Upper PSC Goal",3800
2011,"Unuk","Lower Esc Goal",NA
2011,"Unuk","Upper Esc Goal",NA
2011,"Unuk","Lower PSC Goal",1800
2011,"Unuk","Upper PSC Goal",3800
2012,"Unuk","Lower Esc Goal",NA
2012,"Unuk","Upper Esc Goal",NA
2012,"Unuk","Lower PSC Goal",1800
2012,"Unuk","Upper PSC Goal",3800
2013,"Unuk","Lower Esc Goal",NA
2013,"Unuk","Upper Esc Goal",NA
2013,"Unuk","Lower PSC Goal",1800
2013,"Unuk","Upper PSC Goal",3800
2014,"Unuk","Lower Esc Goal",NA
2014,"Unuk","Upper Esc Goal",NA
2014,"Unuk","Lower PSC Goal",1800
2014,"Unuk","Upper PSC Goal",3800
2015,"Unuk","Lower Esc Goal",NA
2015,"Unuk","Upper Esc Goal",NA
2015,"Unuk","Lower PSC Goal",1800
2015,"Unuk","Upper PSC Goal",3800
2016,"Unuk","Lower Esc Goal",NA
2016,"Unuk","Upper Esc Goal",NA
2016,"Unuk","Lower PSC Goal",1800
2016,"Unuk","Upper PSC Goal",3800
2017,"Unuk","Lower Esc Goal",NA
2017,"Unuk","Upper Esc Goal",NA
2017,"Unuk","Lower PSC Goal",1800
2017,"Unuk","Upper PSC Goal",3800
2018,"Unuk","Lower Esc Goal",NA
2018,"Unuk","Upper Esc Goal",NA
2018,"Unuk","Lower PSC Goal",1800
2018,"Unuk","Upper PSC Goal",3800
2019,"Unuk","Lower Esc Goal",NA
2019,"Unuk","Upper Esc Goal",NA
2019,"Unuk","Lower PSC Goal",1800
2019,"Unuk","Upper PSC Goal",3800
2020,"Unuk","Lower Esc Goal",NA
2020,"Unuk","Upper Esc Goal",NA
2020,"Unuk","Lower PSC Goal",1800
2020,"Unuk","Upper PSC Goal",3800
2021,"Unuk","Lower Esc Goal",NA
2021,"Unuk","Upper Esc Goal",NA
2021,"Unuk","Lower PSC Goal",1800
2021,"Unuk","Upper PSC Goal",3800
2022,"Unuk","Lower Esc Goal",NA
2022,"Unuk","Upper Esc Goal",NA
2022,"Unuk","Lower PSC Goal",1800
2022,"Unuk","Upper PSC Goal",3800
1975,"Nass","Smsy",NA
1976,"Nass","Smsy",NA
1977,"Nass","Smsy",16500
1978,"Nass","Smsy",16500
1979,"Nass","Smsy",16500
1980,"Nass","Smsy",16500
1981,"Nass","Smsy",16500
1982,"Nass","Smsy",16500
1983,"Nass","Smsy",16500
1984,"Nass","Smsy",16500
1985,"Nass","Smsy",16500
1986,"Nass","Smsy",16500
1987,"Nass","Smsy",16500
1988,"Nass","Smsy",16500
1989,"Nass","Smsy",16500
1990,"Nass","Smsy",16500
1991,"Nass","Smsy",16500
1992,"Nass","Smsy",16500
1993,"Nass","Smsy",16500
1994,"Nass","Smsy",16500
1995,"Nass","Smsy",16500
1996,"Nass","Smsy",16500
1997,"Nass","Smsy",16500
1998,"Nass","Smsy",16500
1999,"Nass","Smsy",16500
2000,"Nass","Smsy",16500
2001,"Nass","Smsy",16500
2002,"Nass","Smsy",16500
2003,"Nass","Smsy",16500
2004,"Nass","Smsy",16500
2005,"Nass","Smsy",16500
2006,"Nass","Smsy",16500
2007,"Nass","Smsy",16500
2008,"Nass","Smsy",16500
2009,"Nass","Smsy",16500
2010,"Nass","Smsy",16500
2011,"Nass","Smsy",16500
2012,"Nass","Smsy",16500
2013,"Nass","Smsy",16500
2014,"Nass","Smsy",16500
2015,"Nass","Smsy",16500
2016,"Nass","Smsy",16500
2017,"Nass","Smsy",16500
2018,"Nass","Smsy",16500
2019,"Nass","Smsy",16500
2020,"Nass","Smsy",16500
2021,"Nass","Smsy",16500
2022,"Nass","Smsy",16500
1975,"Kitsumkalum","Smsy",NA
1976,"Kitsumkalum","Smsy",NA
1977,"Kitsumkalum","Smsy",NA
1978,"Kitsumkalum","Smsy",NA
1979,"Kitsumkalum","Smsy",NA
1980,"Kitsumkalum","Smsy",NA
1981,"Kitsumkalum","Smsy",NA
1982,"Kitsumkalum","Smsy",NA
1983,"Kitsumkalum","Smsy",NA
1984,"Kitsumkalum","Smsy",5214
1985,"Kitsumkalum","Smsy",5214
1986,"Kitsumkalum","Smsy",5214
1987,"Kitsumkalum","Smsy",5214
1988,"Kitsumkalum","Smsy",5214
1989,"Kitsumkalum","Smsy",5214
1990,"Kitsumkalum","Smsy",5214
1991,"Kitsumkalum","Smsy",5214
1992,"Kitsumkalum","Smsy",5214
1993,"Kitsumkalum","Smsy",5214
1994,"Kitsumkalum","Smsy",5214
1995,"Kitsumkalum","Smsy",5214
1996,"Kitsumkalum","Smsy",5214
1997,"Kitsumkalum","Smsy",5214
1998,"Kitsumkalum","Smsy",5214
1999,"Kitsumkalum","Smsy",5214
2000,"Kitsumkalum","Smsy",5214
2001,"Kitsumkalum","Smsy",5214
2002,"Kitsumkalum","Smsy",5214
2003,"Kitsumkalum","Smsy",5214
2004,"Kitsumkalum","Smsy",5214
2005,"Kitsumkalum","Smsy",5214
2006,"Kitsumkalum","Smsy",5214
2007,"Kitsumkalum","Smsy",5214
2008,"Kitsumkalum","Smsy",5214
2009,"Kitsumkalum","Smsy",5214
2010,"Kitsumkalum","Smsy",5214
2011,"Kitsumkalum","Smsy",5214
2012,"Kitsumkalum","Smsy",5214
2013,"Kitsumkalum","Smsy",5214
2014,"Kitsumkalum","Smsy",5214
2015,"Kitsumkalum","Smsy",5214
2016,"Kitsumkalum","Smsy",5214
2017,"Kitsumkalum","Smsy",5214
2018,"Kitsumkalum","Smsy",5214
2019,"Kitsumkalum","Smsy",5214
2020,"Kitsumkalum","Smsy",5214
2021,"Kitsumkalum","Smsy",5214
2022,"Kitsumkalum","Smsy",5214
1975,"Atnarko Wild","PSC-Agreed Goal",NA
1975,"Atnarko Wild","Smsy",NA
1976,"Atnarko Wild","PSC-Agreed Goal",NA
1976,"Atnarko Wild","Smsy",NA
1977,"Atnarko Wild","PSC-Agreed Goal",NA
1977,"Atnarko Wild","Smsy",NA
1978,"Atnarko Wild","PSC-Agreed Goal",NA
1978,"Atnarko Wild","Smsy",NA
1979,"Atnarko Wild","PSC-Agreed Goal",NA
1979,"Atnarko Wild","Smsy",NA
1980,"Atnarko Wild","PSC-Agreed Goal",NA
1980,"Atnarko Wild","Smsy",NA
1981,"Atnarko Wild","PSC-Agreed Goal",NA
1981,"Atnarko Wild","Smsy",NA
1982,"Atnarko Wild","PSC-Agreed Goal",NA
1982,"Atnarko Wild","Smsy",NA
1983,"Atnarko Wild","PSC-Agreed Goal",NA
1983,"Atnarko Wild","Smsy",NA
1984,"Atnarko Wild","PSC-Agreed Goal",NA
1984,"Atnarko Wild","Smsy",NA
1985,"Atnarko Wild","PSC-Agreed Goal",NA
1985,"Atnarko Wild","Smsy",NA
1986,"Atnarko Wild","PSC-Agreed Goal",NA
1986,"Atnarko Wild","Smsy",NA
1987,"Atnarko Wild","PSC-Agreed Goal",NA
1987,"Atnarko Wild","Smsy",NA
1988,"Atnarko Wild","PSC-Agreed Goal",NA
1988,"Atnarko Wild","Smsy",NA
1989,"Atnarko Wild","PSC-Agreed Goal",NA
1989,"Atnarko Wild","Smsy",NA
1990,"Atnarko Wild","PSC-Agreed Goal",NA
1990,"Atnarko Wild","Smsy",5009
1991,"Atnarko Wild","PSC-Agreed Goal",NA
1991,"Atnarko Wild","Smsy",5009
1992,"Atnarko Wild","PSC-Agreed Goal",NA
1992,"Atnarko Wild","Smsy",5009
1993,"Atnarko Wild","PSC-Agreed Goal",NA
1993,"Atnarko Wild","Smsy",5009
1994,"Atnarko Wild","PSC-Agreed Goal",NA
1994,"Atnarko Wild","Smsy",5009
1995,"Atnarko Wild","PSC-Agreed Goal",NA
1995,"Atnarko Wild","Smsy",5009
1996,"Atnarko Wild","PSC-Agreed Goal",NA
1996,"Atnarko Wild","Smsy",5009
1997,"Atnarko Wild","PSC-Agreed Goal",NA
1997,"Atnarko Wild","Smsy",5009
1998,"Atnarko Wild","PSC-Agreed Goal",NA
1998,"Atnarko Wild","Smsy",5009
1999,"Atnarko Wild","PSC-Agreed Goal",NA
1999,"Atnarko Wild","Smsy",5009
2000,"Atnarko Wild","PSC-Agreed Goal",NA
2000,"Atnarko Wild","Smsy",5009
2001,"Atnarko Wild","PSC-Agreed Goal",NA
2001,"Atnarko Wild","Smsy",5009
2002,"Atnarko Wild","PSC-Agreed Goal",NA
2002,"Atnarko Wild","Smsy",5009
2003,"Atnarko Wild","PSC-Agreed Goal",NA
2003,"Atnarko Wild","Smsy",5009
2004,"Atnarko Wild","PSC-Agreed Goal",NA
2004,"Atnarko Wild","Smsy",5009
2005,"Atnarko Wild","PSC-Agreed Goal",NA
2005,"Atnarko Wild","Smsy",5009
2006,"Atnarko Wild","PSC-Agreed Goal",NA
2006,"Atnarko Wild","Smsy",5009
2007,"Atnarko Wild","PSC-Agreed Goal",NA
2007,"Atnarko Wild","Smsy",5009
2008,"Atnarko Wild","PSC-Agreed Goal",NA
2008,"Atnarko Wild","Smsy",5009
2009,"Atnarko Wild","PSC-Agreed Goal",NA
2009,"Atnarko Wild","Smsy",5009
2010,"Atnarko Wild","PSC-Agreed Goal",NA
2010,"Atnarko Wild","Smsy",5009
2011,"Atnarko Wild","PSC-Agreed Goal",NA
2011,"Atnarko Wild","Smsy",5009
2012,"Atnarko Wild","PSC-Agreed Goal",NA
2012,"Atnarko Wild","Smsy",5009
2013,"Atnarko Wild","PSC-Agreed Goal",NA
2013,"Atnarko Wild","Smsy",5009
2014,"Atnarko Wild","PSC-Agreed Goal",NA
2014,"Atnarko Wild","Smsy",5009
2015,"Atnarko Wild","PSC-Agreed Goal",NA
2015,"Atnarko Wild","Smsy",5009
2016,"Atnarko Wild","PSC-Agreed Goal",NA
2016,"Atnarko Wild","Smsy",5009
2017,"Atnarko Wild","PSC-Agreed Goal",NA
2017,"Atnarko Wild","Smsy",5009
2018,"Atnarko Wild","PSC-Agreed Goal",5009
2018,"Atnarko Wild","Smsy",5009
2019,"Atnarko Wild","PSC-Agreed Goal",5009
2019,"Atnarko Wild","Smsy",5009
2020,"Atnarko Wild","PSC-Agreed Goal",5009
2020,"Atnarko Wild","Smsy",5009
2021,"Atnarko Wild","PSC-Agreed Goal",5009
2021,"Atnarko Wild","Smsy",5009
2022,"Atnarko Wild","PSC-Agreed Goal",5009
2022,"Atnarko Wild","Smsy",5009
1975,"Cowichan","Agency Goal",NA
1975,"Cowichan","PSC Goal",NA
1976,"Cowichan","Agency Goal",NA
1976,"Cowichan","PSC Goal",NA
1977,"Cowichan","Agency Goal",NA
1977,"Cowichan","PSC Goal",NA
1978,"Cowichan","Agency Goal",NA
1978,"Cowichan","PSC Goal",NA
1979,"Cowichan","Agency Goal",NA
1979,"Cowichan","PSC Goal",NA
1980,"Cowichan","Agency Goal",NA
1980,"Cowichan","PSC Goal",NA
1981,"Cowichan","Agency Goal",NA
1981,"Cowichan","PSC Goal",NA
1982,"Cowichan","Agency Goal",NA
1982,"Cowichan","PSC Goal",NA
1983,"Cowichan","Agency Goal",NA
1983,"Cowichan","PSC Goal",NA
1984,"Cowichan","Agency Goal",NA
1984,"Cowichan","PSC Goal",NA
1985,"Cowichan","Agency Goal",NA
1985,"Cowichan","PSC Goal",NA
1986,"Cowichan","Agency Goal",NA
1986,"Cowichan","PSC Goal",NA
1987,"Cowichan","Agency Goal",NA
1987,"Cowichan","PSC Goal",NA
1988,"Cowichan","Agency Goal",NA
1988,"Cowichan","PSC Goal",NA
1989,"Cowichan","Agency Goal",NA
1989,"Cowichan","PSC Goal",NA
1990,"Cowichan","Agency Goal",NA
1990,"Cowichan","PSC Goal",NA
1991,"Cowichan","Agency Goal",NA
1991,"Cowichan","PSC Goal",NA
1992,"Cowichan","Agency Goal",NA
1992,"Cowichan","PSC Goal",NA
1993,"Cowichan","Agency Goal",NA
1993,"Cowichan","PSC Goal",NA
1994,"Cowichan","Agency Goal",NA
1994,"Cowichan","PSC Goal",NA
1995,"Cowichan","Agency Goal",NA
1995,"Cowichan","PSC Goal",NA
1996,"Cowichan","Agency Goal",NA
1996,"Cowichan","PSC Goal",NA
1997,"Cowichan","Agency Goal",NA
1997,"Cowichan","PSC Goal",NA
1998,"Cowichan","Agency Goal",NA
1998,"Cowichan","PSC Goal",NA
1999,"Cowichan","Agency Goal",NA
1999,"Cowichan","PSC Goal",NA
2000,"Cowichan","Agency Goal",NA
2000,"Cowichan","PSC Goal",NA
2001,"Cowichan","Agency Goal",NA
2001,"Cowichan","PSC Goal",NA
2002,"Cowichan","Agency Goal",NA
2002,"Cowichan","PSC Goal",NA
2003,"Cowichan","Agency Goal",NA
2003,"Cowichan","PSC Goal",NA
2004,"Cowichan","Agency Goal",NA
2004,"Cowichan","PSC Goal",NA
2005,"Cowichan","Agency Goal",NA
2005,"Cowichan","PSC Goal",6500
2006,"Cowichan","Agency Goal",NA
2006,"Cowichan","PSC Goal",6500
2007,"Cowichan","Agency Goal",NA
2007,"Cowichan","PSC Goal",6500
2008,"Cowichan","Agency Goal",NA
2008,"Cowichan","PSC Goal",6500
2009,"Cowichan","Agency Goal",NA
2009,"Cowichan","PSC Goal",6500
2010,"Cowichan","Agency Goal",NA
2010,"Cowichan","PSC Goal",6500
2011,"Cowichan","Agency Goal",NA
2011,"Cowichan","PSC Goal",6500
2012,"Cowichan","Agency Goal",NA
2012,"Cowichan","PSC Goal",6500
2013,"Cowichan","Agency Goal",NA
2013,"Cowichan","PSC Goal",6500
2014,"Cowichan","Agency Goal",NA
2014,"Cowichan","PSC Goal",6500
2015,"Cowichan","Agency Goal",NA
2015,"Cowichan","PSC Goal",6500
2016,"Cowichan","Agency Goal",NA
2016,"Cowichan","PSC Goal",6500
2017,"Cowichan","Agency Goal",NA
2017,"Cowichan","PSC Goal",6500
2018,"Cowichan","Agency Goal",NA
2018,"Cowichan","PSC Goal",6500
2019,"Cowichan","Agency Goal",NA
2019,"Cowichan","PSC Goal",6500
2020,"Cowichan","Agency Goal",NA
2020,"Cowichan","PSC Goal",6500
2021,"Cowichan","Agency Goal",NA
2021,"Cowichan","PSC Goal",6500
2022,"Cowichan","Agency Goal",NA
2022,"Cowichan","PSC Goal",6500
1975,"Nanaimo","Smsy",NA
1976,"Nanaimo","Smsy",NA
1977,"Nanaimo","Smsy",NA
1978,"Nanaimo","Smsy",NA
1979,"Nanaimo","Smsy",NA
1980,"Nanaimo","Smsy",NA
1981,"Nanaimo","Smsy",3000
1982,"Nanaimo","Smsy",3000
1983,"Nanaimo","Smsy",3000
1984,"Nanaimo","Smsy",3000
1985,"Nanaimo","Smsy",3000
1986,"Nanaimo","Smsy",3000
1987,"Nanaimo","Smsy",3000
1988,"Nanaimo","Smsy",3000
1989,"Nanaimo","Smsy",3000
1990,"Nanaimo","Smsy",3000
1991,"Nanaimo","Smsy",3000
1992,"Nanaimo","Smsy",3000
1993,"Nanaimo","Smsy",3000
1994,"Nanaimo","Smsy",3000
1995,"Nanaimo","Smsy",3000
1996,"Nanaimo","Smsy",3000
1997,"Nanaimo","Smsy",3000
1998,"Nanaimo","Smsy",3000
1999,"Nanaimo","Smsy",3000
2000,"Nanaimo","Smsy",3000
2001,"Nanaimo","Smsy",3000
2002,"Nanaimo","Smsy",3000
2003,"Nanaimo","Smsy",3000
2004,"Nanaimo","Smsy",3000
2005,"Nanaimo","Smsy",3000
2006,"Nanaimo","Smsy",3000
2007,"Nanaimo","Smsy",3000
2008,"Nanaimo","Smsy",3000
2009,"Nanaimo","Smsy",3000
2010,"Nanaimo","Smsy",3000
2011,"Nanaimo","Smsy",3000
2012,"Nanaimo","Smsy",3000
2013,"Nanaimo","Smsy",3000
2014,"Nanaimo","Smsy",3000
2015,"Nanaimo","Smsy",3000
2016,"Nanaimo","Smsy",3000
2017,"Nanaimo","Smsy",3000
2018,"Nanaimo","Smsy",3000
2019,"Nanaimo","Smsy",3000
2020,"Nanaimo","Smsy",3000
2021,"Nanaimo","Smsy",3000
2022,"Nanaimo","Smsy",3000
1975,"Nicola Sp 1.2","Smsy",6600
1976,"Nicola Sp 1.2","Smsy",6600
1977,"Nicola Sp 1.2","Smsy",6600
1978,"Nicola Sp 1.2","Smsy",6600
1979,"Nicola Sp 1.2","Smsy",6600
1980,"Nicola Sp 1.2","Smsy",6600
1981,"Nicola Sp 1.2","Smsy",6600
1982,"Nicola Sp 1.2","Smsy",6600
1983,"Nicola Sp 1.2","Smsy",6600
1984,"Nicola Sp 1.2","Smsy",6600
1985,"Nicola Sp 1.2","Smsy",6600
1986,"Nicola Sp 1.2","Smsy",6600
1987,"Nicola Sp 1.2","Smsy",6600
1988,"Nicola Sp 1.2","Smsy",6600
1989,"Nicola Sp 1.2","Smsy",6600
1990,"Nicola Sp 1.2","Smsy",6600
1991,"Nicola Sp 1.2","Smsy",6600
1992,"Nicola Sp 1.2","Smsy",6600
1993,"Nicola Sp 1.2","Smsy",6600
1994,"Nicola Sp 1.2","Smsy",6600
1995,"Nicola Sp 1.2","Smsy",6600
1996,"Nicola Sp 1.2","Smsy",6600
1997,"Nicola Sp 1.2","Smsy",6600
1998,"Nicola Sp 1.2","Smsy",6600
1999,"Nicola Sp 1.2","Smsy",6600
2000,"Nicola Sp 1.2","Smsy",6600
2001,"Nicola Sp 1.2","Smsy",6600
2002,"Nicola Sp 1.2","Smsy",6600
2003,"Nicola Sp 1.2","Smsy",6600
2004,"Nicola Sp 1.2","Smsy",6600
2005,"Nicola Sp 1.2","Smsy",6600
2006,"Nicola Sp 1.2","Smsy",6600
2007,"Nicola Sp 1.2","Smsy",6600
2008,"Nicola Sp 1.2","Smsy",6600
2009,"Nicola Sp 1.2","Smsy",6600
2010,"Nicola Sp 1.2","Smsy",6600
2011,"Nicola Sp 1.2","Smsy",6600
2012,"Nicola Sp 1.2","Smsy",6600
2013,"Nicola Sp 1.2","Smsy",6600
2014,"Nicola Sp 1.2","Smsy",6600
2015,"Nicola Sp 1.2","Smsy",6600
2016,"Nicola Sp 1.2","Smsy",6600
2017,"Nicola Sp 1.2","Smsy",6600
2018,"Nicola Sp 1.2","Smsy",6600
2019,"Nicola Sp 1.2","Smsy",6600
2020,"Nicola Sp 1.2","Smsy",6600
2021,"Nicola Sp 1.2","Smsy",6600
2022,"Nicola Sp 1.2","Smsy",6600
1975,"Lower Chilcotin","Smsy",4400
1976,"Lower Chilcotin","Smsy",4400
1977,"Lower Chilcotin","Smsy",4400
1978,"Lower Chilcotin","Smsy",4400
1979,"Lower Chilcotin","Smsy",4400
1980,"Lower Chilcotin","Smsy",4400
1981,"Lower Chilcotin","Smsy",4400
1982,"Lower Chilcotin","Smsy",4400
1983,"Lower Chilcotin","Smsy",4400
1984,"Lower Chilcotin","Smsy",4400
1985,"Lower Chilcotin","Smsy",4400
1986,"Lower Chilcotin","Smsy",4400
1987,"Lower Chilcotin","Smsy",4400
1988,"Lower Chilcotin","Smsy",4400
1989,"Lower Chilcotin","Smsy",4400
1990,"Lower Chilcotin","Smsy",4400
1991,"Lower Chilcotin","Smsy",4400
1992,"Lower Chilcotin","Smsy",4400
1993,"Lower Chilcotin","Smsy",4400
1994,"Lower Chilcotin","Smsy",4400
1995,"Lower Chilcotin","Smsy",4400
1996,"Lower Chilcotin","Smsy",4400
1997,"Lower Chilcotin","Smsy",4400
1998,"Lower Chilcotin","Smsy",4400
1999,"Lower Chilcotin","Smsy",4400
2000,"Lower Chilcotin","Smsy",4400
2001,"Lower Chilcotin","Smsy",4400
2002,"Lower Chilcotin","Smsy",4400
2003,"Lower Chilcotin","Smsy",4400
2004,"Lower Chilcotin","Smsy",4400
2005,"Lower Chilcotin","Smsy",4400
2006,"Lower Chilcotin","Smsy",4400
2007,"Lower Chilcotin","Smsy",4400
2008,"Lower Chilcotin","Smsy",4400
2009,"Lower Chilcotin","Smsy",4400
2010,"Lower Chilcotin","Smsy",4400
2011,"Lower Chilcotin","Smsy",4400
2012,"Lower Chilcotin","Smsy",4400
2013,"Lower Chilcotin","Smsy",4400
2014,"Lower Chilcotin","Smsy",4400
2015,"Lower Chilcotin","Smsy",4400
2016,"Lower Chilcotin","Smsy",4400
2017,"Lower Chilcotin","Smsy",4400
2018,"Lower Chilcotin","Smsy",4400
2019,"Lower Chilcotin","Smsy",4400
2020,"Lower Chilcotin","Smsy",4400
2021,"Lower Chilcotin","Smsy",4400
2022,"Lower Chilcotin","Smsy",4400
1975,"Chilko","Smsy",4500
1976,"Chilko","Smsy",4500
1977,"Chilko","Smsy",4500
1978,"Chilko","Smsy",4500
1979,"Chilko","Smsy",4500
1980,"Chilko","Smsy",4500
1981,"Chilko","Smsy",4500
1982,"Chilko","Smsy",4500
1983,"Chilko","Smsy",4500
1984,"Chilko","Smsy",4500
1985,"Chilko","Smsy",4500
1986,"Chilko","Smsy",4500
1987,"Chilko","Smsy",4500
1988,"Chilko","Smsy",4500
1989,"Chilko","Smsy",4500
1990,"Chilko","Smsy",4500
1991,"Chilko","Smsy",4500
1992,"Chilko","Smsy",4500
1993,"Chilko","Smsy",4500
1994,"Chilko","Smsy",4500
1995,"Chilko","Smsy",4500
1996,"Chilko","Smsy",4500
1997,"Chilko","Smsy",4500
1998,"Chilko","Smsy",4500
1999,"Chilko","Smsy",4500
2000,"Chilko","Smsy",4500
2001,"Chilko","Smsy",4500
2002,"Chilko","Smsy",4500
2003,"Chilko","Smsy",4500
2004,"Chilko","Smsy",4500
2005,"Chilko","Smsy",4500
2006,"Chilko","Smsy",4500
2007,"Chilko","Smsy",4500
2008,"Chilko","Smsy",4500
2009,"Chilko","Smsy",4500
2010,"Chilko","Smsy",4500
2011,"Chilko","Smsy",4500
2012,"Chilko","Smsy",4500
2013,"Chilko","Smsy",4500
2014,"Chilko","Smsy",4500
2015,"Chilko","Smsy",4500
2016,"Chilko","Smsy",4500
2017,"Chilko","Smsy",4500
2018,"Chilko","Smsy",4500
2019,"Chilko","Smsy",4500
2020,"Chilko","Smsy",4500
2021,"Chilko","Smsy",4500
2022,"Chilko","Smsy",4500
1975,"Lower Shuswap","Pre-PSC Goal: Calib. Total Adult Esc",31570
1975,"Lower Shuswap","Pre-PSC Goal: MR Esc",NA
1975,"Lower Shuswap","PSC-Agreed Goal",NA
1975,"Lower Shuswap","Agency Goal",12300
1976,"Lower Shuswap","Pre-PSC Goal: Calib. Total Adult Esc",3347
1976,"Lower Shuswap","Pre-PSC Goal: MR Esc",NA
1976,"Lower Shuswap","PSC-Agreed Goal",NA
1976,"Lower Shuswap","Agency Goal",12300
1977,"Lower Shuswap","Pre-PSC Goal: Calib. Total Adult Esc",15503
1977,"Lower Shuswap","Pre-PSC Goal: MR Esc",NA
1977,"Lower Shuswap","PSC-Agreed Goal",NA
1977,"Lower Shuswap","Agency Goal",12300
1978,"Lower Shuswap","Pre-PSC Goal: Calib. Total Adult Esc",17220
1978,"Lower Shuswap","Pre-PSC Goal: MR Esc",NA
1978,"Lower Shuswap","PSC-Agreed Goal",NA
1978,"Lower Shuswap","Agency Goal",12300
1979,"Lower Shuswap","Pre-PSC Goal: Calib. Total Adult Esc",16453
1979,"Lower Shuswap","Pre-PSC Goal: MR Esc",NA
1979,"Lower Shuswap","PSC-Agreed Goal",NA
1979,"Lower Shuswap","Agency Goal",12300
1980,"Lower Shuswap","Pre-PSC Goal: Calib. Total Adult Esc",5723
1980,"Lower Shuswap","Pre-PSC Goal: MR Esc",NA
1980,"Lower Shuswap","PSC-Agreed Goal",NA
1980,"Lower Shuswap","Agency Goal",12300
1981,"Lower Shuswap","Pre-PSC Goal: Calib. Total Adult Esc",8248
1981,"Lower Shuswap","Pre-PSC Goal: MR Esc",NA
1981,"Lower Shuswap","PSC-Agreed Goal",NA
1981,"Lower Shuswap","Agency Goal",12300
1982,"Lower Shuswap","Pre-PSC Goal: Calib. Total Adult Esc",2894
1982,"Lower Shuswap","Pre-PSC Goal: MR Esc",NA
1982,"Lower Shuswap","PSC-Agreed Goal",NA
1982,"Lower Shuswap","Agency Goal",12300
1983,"Lower Shuswap","Pre-PSC Goal: Calib. Total Adult Esc",NA
1983,"Lower Shuswap","Pre-PSC Goal: MR Esc",5396
1983,"Lower Shuswap","PSC-Agreed Goal",NA
1983,"Lower Shuswap","Agency Goal",12300
1984,"Lower Shuswap","Pre-PSC Goal: Calib. Total Adult Esc",NA
1984,"Lower Shuswap","Pre-PSC Goal: MR Esc",7582
1984,"Lower Shuswap","PSC-Agreed Goal",NA
1984,"Lower Shuswap","Agency Goal",12300
1985,"Lower Shuswap","Pre-PSC Goal: Calib. Total Adult Esc",NA
1985,"Lower Shuswap","Pre-PSC Goal: MR Esc",10539
1985,"Lower Shuswap","PSC-Agreed Goal",NA
1985,"Lower Shuswap","Agency Goal",12300
1986,"Lower Shuswap","Pre-PSC Goal: Calib. Total Adult Esc",20334
1986,"Lower Shuswap","Pre-PSC Goal: MR Esc",NA
1986,"Lower Shuswap","PSC-Agreed Goal",NA
1986,"Lower Shuswap","Agency Goal",12300
1987,"Lower Shuswap","Pre-PSC Goal: Calib. Total Adult Esc",16453
1987,"Lower Shuswap","Pre-PSC Goal: MR Esc",NA
1987,"Lower Shuswap","PSC-Agreed Goal",NA
1987,"Lower Shuswap","Agency Goal",12300
1988,"Lower Shuswap","Pre-PSC Goal: Calib. Total Adult Esc",24331
1988,"Lower Shuswap","Pre-PSC Goal: MR Esc",NA
1988,"Lower Shuswap","PSC-Agreed Goal",NA
1988,"Lower Shuswap","Agency Goal",12300
1989,"Lower Shuswap","Pre-PSC Goal: Calib. Total Adult Esc",18378
1989,"Lower Shuswap","Pre-PSC Goal: MR Esc",NA
1989,"Lower Shuswap","PSC-Agreed Goal",NA
1989,"Lower Shuswap","Agency Goal",12300
1990,"Lower Shuswap","Pre-PSC Goal: Calib. Total Adult Esc",22319
1990,"Lower Shuswap","Pre-PSC Goal: MR Esc",NA
1990,"Lower Shuswap","PSC-Agreed Goal",NA
1990,"Lower Shuswap","Agency Goal",12300
1991,"Lower Shuswap","Pre-PSC Goal: Calib. Total Adult Esc",16453
1991,"Lower Shuswap","Pre-PSC Goal: MR Esc",NA
1991,"Lower Shuswap","PSC-Agreed Goal",NA
1991,"Lower Shuswap","Agency Goal",12300
1992,"Lower Shuswap","Pre-PSC Goal: Calib. Total Adult Esc",22920
1992,"Lower Shuswap","Pre-PSC Goal: MR Esc",NA
1992,"Lower Shuswap","PSC-Agreed Goal",NA
1992,"Lower Shuswap","Agency Goal",12300
1993,"Lower Shuswap","Pre-PSC Goal: Calib. Total Adult Esc",9117
1993,"Lower Shuswap","Pre-PSC Goal: MR Esc",NA
1993,"Lower Shuswap","PSC-Agreed Goal",NA
1993,"Lower Shuswap","Agency Goal",12300
1994,"Lower Shuswap","Pre-PSC Goal: Calib. Total Adult Esc",28743
1994,"Lower Shuswap","Pre-PSC Goal: MR Esc",NA
1994,"Lower Shuswap","PSC-Agreed Goal",NA
1994,"Lower Shuswap","Agency Goal",12300
1995,"Lower Shuswap","Pre-PSC Goal: Calib. Total Adult Esc",16453
1995,"Lower Shuswap","Pre-PSC Goal: MR Esc",NA
1995,"Lower Shuswap","PSC-Agreed Goal",NA
1995,"Lower Shuswap","Agency Goal",12300
1996,"Lower Shuswap","Pre-PSC Goal: Calib. Total Adult Esc",34757
1996,"Lower Shuswap","Pre-PSC Goal: MR Esc",NA
1996,"Lower Shuswap","PSC-Agreed Goal",NA
1996,"Lower Shuswap","Agency Goal",12300
1997,"Lower Shuswap","Pre-PSC Goal: Calib. Total Adult Esc",22519
1997,"Lower Shuswap","Pre-PSC Goal: MR Esc",NA
1997,"Lower Shuswap","PSC-Agreed Goal",NA
1997,"Lower Shuswap","Agency Goal",12300
1998,"Lower Shuswap","Pre-PSC Goal: Calib. Total Adult Esc",34255
1998,"Lower Shuswap","Pre-PSC Goal: MR Esc",NA
1998,"Lower Shuswap","PSC-Agreed Goal",NA
1998,"Lower Shuswap","Agency Goal",12300
1999,"Lower Shuswap","Pre-PSC Goal: Calib. Total Adult Esc",47271
1999,"Lower Shuswap","Pre-PSC Goal: MR Esc",NA
1999,"Lower Shuswap","PSC-Agreed Goal",NA
1999,"Lower Shuswap","Agency Goal",12300
2000,"Lower Shuswap","Pre-PSC Goal: Calib. Total Adult Esc",NA
2000,"Lower Shuswap","Pre-PSC Goal: MR Esc",27800
2000,"Lower Shuswap","PSC-Agreed Goal",NA
2000,"Lower Shuswap","Agency Goal",12300
2001,"Lower Shuswap","Pre-PSC Goal: Calib. Total Adult Esc",NA
2001,"Lower Shuswap","Pre-PSC Goal: MR Esc",35744
2001,"Lower Shuswap","PSC-Agreed Goal",NA
2001,"Lower Shuswap","Agency Goal",12300
2002,"Lower Shuswap","Pre-PSC Goal: Calib. Total Adult Esc",NA
2002,"Lower Shuswap","Pre-PSC Goal: MR Esc",54219
2002,"Lower Shuswap","PSC-Agreed Goal",NA
2002,"Lower Shuswap","Agency Goal",12300
2003,"Lower Shuswap","Pre-PSC Goal: Calib. Total Adult Esc",39910
2003,"Lower Shuswap","Pre-PSC Goal: MR Esc",NA
2003,"Lower Shuswap","PSC-Agreed Goal",NA
2003,"Lower Shuswap","Agency Goal",12300
2004,"Lower Shuswap","Pre-PSC Goal: Calib. Total Adult Esc",NA
2004,"Lower Shuswap","Pre-PSC Goal: MR Esc",16963
2004,"Lower Shuswap","PSC-Agreed Goal",NA
2004,"Lower Shuswap","Agency Goal",12300
2005,"Lower Shuswap","Pre-PSC Goal: Calib. Total Adult Esc",NA
2005,"Lower Shuswap","Pre-PSC Goal: MR Esc",17893
2005,"Lower Shuswap","PSC-Agreed Goal",NA
2005,"Lower Shuswap","Agency Goal",12300
2006,"Lower Shuswap","Pre-PSC Goal: Calib. Total Adult Esc",NA
2006,"Lower Shuswap","Pre-PSC Goal: MR Esc",59085
2006,"Lower Shuswap","PSC-Agreed Goal",NA
2006,"Lower Shuswap","Agency Goal",12300
2007,"Lower Shuswap","Pre-PSC Goal: Calib. Total Adult Esc",NA
2007,"Lower Shuswap","Pre-PSC Goal: MR Esc",15926
2007,"Lower Shuswap","PSC-Agreed Goal",NA
2007,"Lower Shuswap","Agency Goal",12300
2008,"Lower Shuswap","Pre-PSC Goal: Calib. Total Adult Esc",NA
2008,"Lower Shuswap","Pre-PSC Goal: MR Esc",14921
2008,"Lower Shuswap","PSC-Agreed Goal",NA
2008,"Lower Shuswap","Agency Goal",12300
2009,"Lower Shuswap","Pre-PSC Goal: Calib. Total Adult Esc",NA
2009,"Lower Shuswap","Pre-PSC Goal: MR Esc",25288
2009,"Lower Shuswap","PSC-Agreed Goal",NA
2009,"Lower Shuswap","Agency Goal",12300
2010,"Lower Shuswap","Pre-PSC Goal: Calib. Total Adult Esc",NA
2010,"Lower Shuswap","Pre-PSC Goal: MR Esc",71353
2010,"Lower Shuswap","PSC-Agreed Goal",NA
2010,"Lower Shuswap","Agency Goal",12300
2011,"Lower Shuswap","Pre-PSC Goal: Calib. Total Adult Esc",NA
2011,"Lower Shuswap","Pre-PSC Goal: MR Esc",18895
2011,"Lower Shuswap","PSC-Agreed Goal",NA
2011,"Lower Shuswap","Agency Goal",12300
2012,"Lower Shuswap","Pre-PSC Goal: Calib. Total Adult Esc",NA
2012,"Lower Shuswap","Pre-PSC Goal: MR Esc",4091
2012,"Lower Shuswap","PSC-Agreed Goal",NA
2012,"Lower Shuswap","Agency Goal",12300
2013,"Lower Shuswap","Pre-PSC Goal: Calib. Total Adult Esc",NA
2013,"Lower Shuswap","Pre-PSC Goal: MR Esc",28797
2013,"Lower Shuswap","PSC-Agreed Goal",NA
2013,"Lower Shuswap","Agency Goal",12300
2014,"Lower Shuswap","Pre-PSC Goal: Calib. Total Adult Esc",NA
2014,"Lower Shuswap","Pre-PSC Goal: MR Esc",43952
2014,"Lower Shuswap","PSC-Agreed Goal",NA
2014,"Lower Shuswap","Agency Goal",12300
2015,"Lower Shuswap","Pre-PSC Goal: Calib. Total Adult Esc",NA
2015,"Lower Shuswap","Pre-PSC Goal: MR Esc",39440
2015,"Lower Shuswap","PSC-Agreed Goal",NA
2015,"Lower Shuswap","Agency Goal",12300
2016,"Lower Shuswap","Pre-PSC Goal: Calib. Total Adult Esc",NA
2016,"Lower Shuswap","Pre-PSC Goal: MR Esc",6438
2016,"Lower Shuswap","PSC-Agreed Goal",NA
2016,"Lower Shuswap","Agency Goal",12300
2017,"Lower Shuswap","Pre-PSC Goal: Calib. Total Adult Esc",NA
2017,"Lower Shuswap","Pre-PSC Goal: MR Esc",13430
2017,"Lower Shuswap","PSC-Agreed Goal",NA
2017,"Lower Shuswap","Agency Goal",12300
2018,"Lower Shuswap","Pre-PSC Goal: Calib. Total Adult Esc",NA
2018,"Lower Shuswap","Pre-PSC Goal: MR Esc",17120
2018,"Lower Shuswap","PSC-Agreed Goal",NA
2018,"Lower Shuswap","Agency Goal",12300
2019,"Lower Shuswap","Pre-PSC Goal: Calib. Total Adult Esc",NA
2019,"Lower Shuswap","Pre-PSC Goal: MR Esc",NA
2019,"Lower Shuswap","PSC-Agreed Goal",12300
2019,"Lower Shuswap","Agency Goal",NA
2020,"Lower Shuswap","Pre-PSC Goal: Calib. Total Adult Esc",NA
2020,"Lower Shuswap","Pre-PSC Goal: MR Esc",NA
2020,"Lower Shuswap","PSC-Agreed Goal",12300
2020,"Lower Shuswap","Agency Goal",NA
2021,"Lower Shuswap","Pre-PSC Goal: Calib. Total Adult Esc",NA
2021,"Lower Shuswap","Pre-PSC Goal: MR Esc",NA
2021,"Lower Shuswap","PSC-Agreed Goal",12300
2021,"Lower Shuswap","Agency Goal",NA
2022,"Lower Shuswap","Pre-PSC Goal: Calib. Total Adult Esc",NA
2022,"Lower Shuswap","Pre-PSC Goal: MR Esc",NA
2022,"Lower Shuswap","PSC-Agreed Goal",12300
2022,"Lower Shuswap","Agency Goal",NA
1975,"Harrison","Lower PSC Goal",NA
1975,"Harrison","Upper PSC Goal",NA
1975,"Harrison","PSC-Agreed Goal",NA
1976,"Harrison","Lower PSC Goal",NA
1976,"Harrison","Upper PSC Goal",NA
1976,"Harrison","PSC-Agreed Goal",NA
1977,"Harrison","Lower PSC Goal",NA
1977,"Harrison","Upper PSC Goal",NA
1977,"Harrison","PSC-Agreed Goal",NA
1978,"Harrison","Lower PSC Goal",NA
1978,"Harrison","Upper PSC Goal",NA
1978,"Harrison","PSC-Agreed Goal",NA
1979,"Harrison","Lower PSC Goal",NA
1979,"Harrison","Upper PSC Goal",NA
1979,"Harrison","PSC-Agreed Goal",NA
1980,"Harrison","Lower PSC Goal",NA
1980,"Harrison","Upper PSC Goal",NA
1980,"Harrison","PSC-Agreed Goal",NA
1981,"Harrison","Lower PSC Goal",NA
1981,"Harrison","Upper PSC Goal",NA
1981,"Harrison","PSC-Agreed Goal",NA
1982,"Harrison","Lower PSC Goal",NA
1982,"Harrison","Upper PSC Goal",NA
1982,"Harrison","PSC-Agreed Goal",NA
1983,"Harrison","Lower PSC Goal",NA
1983,"Harrison","Upper PSC Goal",NA
1983,"Harrison","PSC-Agreed Goal",NA
1984,"Harrison","Lower PSC Goal",NA
1984,"Harrison","Upper PSC Goal",NA
1984,"Harrison","PSC-Agreed Goal",NA
1985,"Harrison","Lower PSC Goal",NA
1985,"Harrison","Upper PSC Goal",NA
1985,"Harrison","PSC-Agreed Goal",NA
1986,"Harrison","Lower PSC Goal",NA
1986,"Harrison","Upper PSC Goal",NA
1986,"Harrison","PSC-Agreed Goal",NA
1987,"Harrison","Lower PSC Goal",NA
1987,"Harrison","Upper PSC Goal",NA
1987,"Harrison","PSC-Agreed Goal",NA
1988,"Harrison","Lower PSC Goal",NA
1988,"Harrison","Upper PSC Goal",NA
1988,"Harrison","PSC-Agreed Goal",NA
1989,"Harrison","Lower PSC Goal",NA
1989,"Harrison","Upper PSC Goal",NA
1989,"Harrison","PSC-Agreed Goal",NA
1990,"Harrison","Lower PSC Goal",NA
1990,"Harrison","Upper PSC Goal",NA
1990,"Harrison","PSC-Agreed Goal",NA
1991,"Harrison","Lower PSC Goal",NA
1991,"Harrison","Upper PSC Goal",NA
1991,"Harrison","PSC-Agreed Goal",NA
1992,"Harrison","Lower PSC Goal",NA
1992,"Harrison","Upper PSC Goal",NA
1992,"Harrison","PSC-Agreed Goal",NA
1993,"Harrison","Lower PSC Goal",NA
1993,"Harrison","Upper PSC Goal",NA
1993,"Harrison","PSC-Agreed Goal",NA
1994,"Harrison","Lower PSC Goal",NA
1994,"Harrison","Upper PSC Goal",NA
1994,"Harrison","PSC-Agreed Goal",NA
1995,"Harrison","Lower PSC Goal",NA
1995,"Harrison","Upper PSC Goal",NA
1995,"Harrison","PSC-Agreed Goal",NA
1996,"Harrison","Lower PSC Goal",NA
1996,"Harrison","Upper PSC Goal",NA
1996,"Harrison","PSC-Agreed Goal",NA
1997,"Harrison","Lower PSC Goal",NA
1997,"Harrison","Upper PSC Goal",NA
1997,"Harrison","PSC-Agreed Goal",NA
1998,"Harrison","Lower PSC Goal",NA
1998,"Harrison","Upper PSC Goal",NA
1998,"Harrison","PSC-Agreed Goal",NA
1999,"Harrison","Lower PSC Goal",NA
1999,"Harrison","Upper PSC Goal",NA
1999,"Harrison","PSC-Agreed Goal",NA
2000,"Harrison","Lower PSC Goal",NA
2000,"Harrison","Upper PSC Goal",NA
2000,"Harrison","PSC-Agreed Goal",NA
2001,"Harrison","Lower PSC Goal",NA
2001,"Harrison","Upper PSC Goal",NA
2001,"Harrison","PSC-Agreed Goal",NA
2002,"Harrison","Lower PSC Goal",75100
2002,"Harrison","Upper PSC Goal",98500
2002,"Harrison","PSC-Agreed Goal",NA
2003,"Harrison","Lower PSC Goal",75100
2003,"Harrison","Upper PSC Goal",98500
2003,"Harrison","PSC-Agreed Goal",NA
2004,"Harrison","Lower PSC Goal",75100
2004,"Harrison","Upper PSC Goal",98500
2004,"Harrison","PSC-Agreed Goal",NA
2005,"Harrison","Lower PSC Goal",75100
2005,"Harrison","Upper PSC Goal",98500
2005,"Harrison","PSC-Agreed Goal",NA
2006,"Harrison","Lower PSC Goal",75100
2006,"Harrison","Upper PSC Goal",98500
2006,"Harrison","PSC-Agreed Goal",NA
2007,"Harrison","Lower PSC Goal",75100
2007,"Harrison","Upper PSC Goal",98500
2007,"Harrison","PSC-Agreed Goal",NA
2008,"Harrison","Lower PSC Goal",75100
2008,"Harrison","Upper PSC Goal",98500
2008,"Harrison","PSC-Agreed Goal",NA
2009,"Harrison","Lower PSC Goal",75100
2009,"Harrison","Upper PSC Goal",98500
2009,"Harrison","PSC-Agreed Goal",NA
2010,"Harrison","Lower PSC Goal",75100
2010,"Harrison","Upper PSC Goal",98500
2010,"Harrison","PSC-Agreed Goal",NA
2011,"Harrison","Lower PSC Goal",75100
2011,"Harrison","Upper PSC Goal",98500
2011,"Harrison","PSC-Agreed Goal",NA
2012,"Harrison","Lower PSC Goal",75100
2012,"Harrison","Upper PSC Goal",98500
2012,"Harrison","PSC-Agreed Goal",NA
2013,"Harrison","Lower PSC Goal",75100
2013,"Harrison","Upper PSC Goal",98500
2013,"Harrison","PSC-Agreed Goal",NA
2014,"Harrison","Lower PSC Goal",75100
2014,"Harrison","Upper PSC Goal",98500
2014,"Harrison","PSC-Agreed Goal",NA
2015,"Harrison","Lower PSC Goal",75100
2015,"Harrison","Upper PSC Goal",98500
2015,"Harrison","PSC-Agreed Goal",NA
2016,"Harrison","Lower PSC Goal",75100
2016,"Harrison","Upper PSC Goal",98500
2016,"Harrison","PSC-Agreed Goal",NA
2017,"Harrison","Lower PSC Goal",75100
2017,"Harrison","Upper PSC Goal",98500
2017,"Harrison","PSC-Agreed Goal",NA
2018,"Harrison","Lower PSC Goal",75100
2018,"Harrison","Upper PSC Goal",98500
2018,"Harrison","PSC-Agreed Goal",NA
2019,"Harrison","Lower PSC Goal",NA
2019,"Harrison","Upper PSC Goal",NA
2019,"Harrison","PSC-Agreed Goal",75100
2020,"Harrison","Lower PSC Goal",NA
2020,"Harrison","Upper PSC Goal",NA
2020,"Harrison","PSC-Agreed Goal",75100
2021,"Harrison","Lower PSC Goal",NA
2021,"Harrison","Upper PSC Goal",NA
2021,"Harrison","PSC-Agreed Goal",75100
2022,"Harrison","Lower PSC Goal",NA
2022,"Harrison","Upper PSC Goal",NA
2022,"Harrison","PSC-Agreed Goal",75100
1975,"Skagit Spr","PSC-Agreed Goal",NA
1975,"Skagit Spr","Agency Goal",2000
1976,"Skagit Spr","PSC-Agreed Goal",NA
1976,"Skagit Spr","Agency Goal",2000
1977,"Skagit Spr","PSC-Agreed Goal",NA
1977,"Skagit Spr","Agency Goal",2000
1978,"Skagit Spr","PSC-Agreed Goal",NA
1978,"Skagit Spr","Agency Goal",2000
1979,"Skagit Spr","PSC-Agreed Goal",NA
1979,"Skagit Spr","Agency Goal",2000
1980,"Skagit Spr","PSC-Agreed Goal",NA
1980,"Skagit Spr","Agency Goal",2000
1981,"Skagit Spr","PSC-Agreed Goal",NA
1981,"Skagit Spr","Agency Goal",2000
1982,"Skagit Spr","PSC-Agreed Goal",NA
1982,"Skagit Spr","Agency Goal",2000
1983,"Skagit Spr","PSC-Agreed Goal",NA
1983,"Skagit Spr","Agency Goal",2000
1984,"Skagit Spr","PSC-Agreed Goal",NA
1984,"Skagit Spr","Agency Goal",2000
1985,"Skagit Spr","PSC-Agreed Goal",NA
1985,"Skagit Spr","Agency Goal",2000
1986,"Skagit Spr","PSC-Agreed Goal",NA
1986,"Skagit Spr","Agency Goal",2000
1987,"Skagit Spr","PSC-Agreed Goal",NA
1987,"Skagit Spr","Agency Goal",2000
1988,"Skagit Spr","PSC-Agreed Goal",NA
1988,"Skagit Spr","Agency Goal",2000
1989,"Skagit Spr","PSC-Agreed Goal",NA
1989,"Skagit Spr","Agency Goal",2000
1990,"Skagit Spr","PSC-Agreed Goal",NA
1990,"Skagit Spr","Agency Goal",2000
1991,"Skagit Spr","PSC-Agreed Goal",NA
1991,"Skagit Spr","Agency Goal",2000
1992,"Skagit Spr","PSC-Agreed Goal",NA
1992,"Skagit Spr","Agency Goal",2000
1993,"Skagit Spr","PSC-Agreed Goal",NA
1993,"Skagit Spr","Agency Goal",2000
1994,"Skagit Spr","PSC-Agreed Goal",NA
1994,"Skagit Spr","Agency Goal",2000
1995,"Skagit Spr","PSC-Agreed Goal",NA
1995,"Skagit Spr","Agency Goal",2000
1996,"Skagit Spr","PSC-Agreed Goal",NA
1996,"Skagit Spr","Agency Goal",2000
1997,"Skagit Spr","PSC-Agreed Goal",NA
1997,"Skagit Spr","Agency Goal",2000
1998,"Skagit Spr","PSC-Agreed Goal",NA
1998,"Skagit Spr","Agency Goal",2000
1999,"Skagit Spr","PSC-Agreed Goal",NA
1999,"Skagit Spr","Agency Goal",2000
2000,"Skagit Spr","PSC-Agreed Goal",NA
2000,"Skagit Spr","Agency Goal",2000
2001,"Skagit Spr","PSC-Agreed Goal",NA
2001,"Skagit Spr","Agency Goal",2000
2002,"Skagit Spr","PSC-Agreed Goal",NA
2002,"Skagit Spr","Agency Goal",2000
2003,"Skagit Spr","PSC-Agreed Goal",NA
2003,"Skagit Spr","Agency Goal",2000
2004,"Skagit Spr","PSC-Agreed Goal",NA
2004,"Skagit Spr","Agency Goal",2000
2005,"Skagit Spr","PSC-Agreed Goal",NA
2005,"Skagit Spr","Agency Goal",2000
2006,"Skagit Spr","PSC-Agreed Goal",NA
2006,"Skagit Spr","Agency Goal",2000
2007,"Skagit Spr","PSC-Agreed Goal",NA
2007,"Skagit Spr","Agency Goal",2000
2008,"Skagit Spr","PSC-Agreed Goal",NA
2008,"Skagit Spr","Agency Goal",2000
2009,"Skagit Spr","PSC-Agreed Goal",NA
2009,"Skagit Spr","Agency Goal",2000
2010,"Skagit Spr","PSC-Agreed Goal",NA
2010,"Skagit Spr","Agency Goal",2000
2011,"Skagit Spr","PSC-Agreed Goal",NA
2011,"Skagit Spr","Agency Goal",2000
2012,"Skagit Spr","PSC-Agreed Goal",NA
2012,"Skagit Spr","Agency Goal",2000
2013,"Skagit Spr","PSC-Agreed Goal",NA
2013,"Skagit Spr","Agency Goal",2000
2014,"Skagit Spr","PSC-Agreed Goal",NA
2014,"Skagit Spr","Agency Goal",2000
2015,"Skagit Spr","PSC-Agreed Goal",NA
2015,"Skagit Spr","Agency Goal",2000
2016,"Skagit Spr","PSC-Agreed Goal",NA
2016,"Skagit Spr","Agency Goal",2000
2017,"Skagit Spr","PSC-Agreed Goal",NA
2017,"Skagit Spr","Agency Goal",2000
2018,"Skagit Spr","PSC-Agreed Goal",NA
2018,"Skagit Spr","Agency Goal",2000
2019,"Skagit Spr","PSC-Agreed Goal",690
2019,"Skagit Spr","Agency Goal",NA
2020,"Skagit Spr","PSC-Agreed Goal",690
2020,"Skagit Spr","Agency Goal",NA
2021,"Skagit Spr","PSC-Agreed Goal",690
2021,"Skagit Spr","Agency Goal",NA
2022,"Skagit Spr","PSC-Agreed Goal",690
2022,"Skagit Spr","Agency Goal",NA
1975,"Skagit SumFall","PSC-Agreed Goal",NA
1975,"Skagit SumFall","Agency Goal",14500
1976,"Skagit SumFall","PSC-Agreed Goal",NA
1976,"Skagit SumFall","Agency Goal",14500
1977,"Skagit SumFall","PSC-Agreed Goal",NA
1977,"Skagit SumFall","Agency Goal",14500
1978,"Skagit SumFall","PSC-Agreed Goal",NA
1978,"Skagit SumFall","Agency Goal",14500
1979,"Skagit SumFall","PSC-Agreed Goal",NA
1979,"Skagit SumFall","Agency Goal",14500
1980,"Skagit SumFall","PSC-Agreed Goal",NA
1980,"Skagit SumFall","Agency Goal",14500
1981,"Skagit SumFall","PSC-Agreed Goal",NA
1981,"Skagit SumFall","Agency Goal",14500
1982,"Skagit SumFall","PSC-Agreed Goal",NA
1982,"Skagit SumFall","Agency Goal",14500
1983,"Skagit SumFall","PSC-Agreed Goal",NA
1983,"Skagit SumFall","Agency Goal",14500
1984,"Skagit SumFall","PSC-Agreed Goal",NA
1984,"Skagit SumFall","Agency Goal",14500
1985,"Skagit SumFall","PSC-Agreed Goal",NA
1985,"Skagit SumFall","Agency Goal",14500
1986,"Skagit SumFall","PSC-Agreed Goal",NA
1986,"Skagit SumFall","Agency Goal",14500
1987,"Skagit SumFall","PSC-Agreed Goal",NA
1987,"Skagit SumFall","Agency Goal",14500
1988,"Skagit SumFall","PSC-Agreed Goal",NA
1988,"Skagit SumFall","Agency Goal",14500
1989,"Skagit SumFall","PSC-Agreed Goal",NA
1989,"Skagit SumFall","Agency Goal",14500
1990,"Skagit SumFall","PSC-Agreed Goal",NA
1990,"Skagit SumFall","Agency Goal",14500
1991,"Skagit SumFall","PSC-Agreed Goal",NA
1991,"Skagit SumFall","Agency Goal",14500
1992,"Skagit SumFall","PSC-Agreed Goal",NA
1992,"Skagit SumFall","Agency Goal",14500
1993,"Skagit SumFall","PSC-Agreed Goal",NA
1993,"Skagit SumFall","Agency Goal",14500
1994,"Skagit SumFall","PSC-Agreed Goal",NA
1994,"Skagit SumFall","Agency Goal",14500
1995,"Skagit SumFall","PSC-Agreed Goal",NA
1995,"Skagit SumFall","Agency Goal",14500
1996,"Skagit SumFall","PSC-Agreed Goal",NA
1996,"Skagit SumFall","Agency Goal",14500
1997,"Skagit SumFall","PSC-Agreed Goal",NA
1997,"Skagit SumFall","Agency Goal",14500
1998,"Skagit SumFall","PSC-Agreed Goal",NA
1998,"Skagit SumFall","Agency Goal",14500
1999,"Skagit SumFall","PSC-Agreed Goal",NA
1999,"Skagit SumFall","Agency Goal",14500
2000,"Skagit SumFall","PSC-Agreed Goal",NA
2000,"Skagit SumFall","Agency Goal",14500
2001,"Skagit SumFall","PSC-Agreed Goal",NA
2001,"Skagit SumFall","Agency Goal",14500
2002,"Skagit SumFall","PSC-Agreed Goal",NA
2002,"Skagit SumFall","Agency Goal",14500
2003,"Skagit SumFall","PSC-Agreed Goal",NA
2003,"Skagit SumFall","Agency Goal",14500
2004,"Skagit SumFall","PSC-Agreed Goal",NA
2004,"Skagit SumFall","Agency Goal",14500
2005,"Skagit SumFall","PSC-Agreed Goal",NA
2005,"Skagit SumFall","Agency Goal",14500
2006,"Skagit SumFall","PSC-Agreed Goal",NA
2006,"Skagit SumFall","Agency Goal",14500
2007,"Skagit SumFall","PSC-Agreed Goal",NA
2007,"Skagit SumFall","Agency Goal",14500
2008,"Skagit SumFall","PSC-Agreed Goal",NA
2008,"Skagit SumFall","Agency Goal",14500
2009,"Skagit SumFall","PSC-Agreed Goal",NA
2009,"Skagit SumFall","Agency Goal",14500
2010,"Skagit SumFall","PSC-Agreed Goal",NA
2010,"Skagit SumFall","Agency Goal",14500
2011,"Skagit SumFall","PSC-Agreed Goal",NA
2011,"Skagit SumFall","Agency Goal",14500
2012,"Skagit SumFall","PSC-Agreed Goal",NA
2012,"Skagit SumFall","Agency Goal",14500
2013,"Skagit SumFall","PSC-Agreed Goal",NA
2013,"Skagit SumFall","Agency Goal",14500
2014,"Skagit SumFall","PSC-Agreed Goal",NA
2014,"Skagit SumFall","Agency Goal",14500
2015,"Skagit SumFall","PSC-Agreed Goal",NA
2015,"Skagit SumFall","Agency Goal",14500
2016,"Skagit SumFall","PSC-Agreed Goal",NA
2016,"Skagit SumFall","Agency Goal",14500
2017,"Skagit SumFall","PSC-Agreed Goal",NA
2017,"Skagit SumFall","Agency Goal",14500
2018,"Skagit SumFall","PSC-Agreed Goal",NA
2018,"Skagit SumFall","Agency Goal",14500
2019,"Skagit SumFall","PSC-Agreed Goal",9202
2019,"Skagit SumFall","Agency Goal",NA
2020,"Skagit SumFall","PSC-Agreed Goal",9202
2020,"Skagit SumFall","Agency Goal",NA
2021,"Skagit SumFall","PSC-Agreed Goal",9202
2021,"Skagit SumFall","Agency Goal",NA
2022,"Skagit SumFall","PSC-Agreed Goal",9202
2022,"Skagit SumFall","Agency Goal",NA
1975,"Snohomish","Agency Goal",3250
1976,"Snohomish","Agency Goal",3250
1977,"Snohomish","Agency Goal",3250
1978,"Snohomish","Agency Goal",3250
1979,"Snohomish","Agency Goal",3250
1980,"Snohomish","Agency Goal",3250
1981,"Snohomish","Agency Goal",3250
1982,"Snohomish","Agency Goal",3250
1983,"Snohomish","Agency Goal",3250
1984,"Snohomish","Agency Goal",3250
1985,"Snohomish","Agency Goal",3250
1986,"Snohomish","Agency Goal",3250
1987,"Snohomish","Agency Goal",3250
1988,"Snohomish","Agency Goal",3250
1989,"Snohomish","Agency Goal",3250
1990,"Snohomish","Agency Goal",3250
1991,"Snohomish","Agency Goal",3250
1992,"Snohomish","Agency Goal",3250
1993,"Snohomish","Agency Goal",3250
1994,"Snohomish","Agency Goal",3250
1995,"Snohomish","Agency Goal",3250
1996,"Snohomish","Agency Goal",3250
1997,"Snohomish","Agency Goal",3250
1998,"Snohomish","Agency Goal",3250
1999,"Snohomish","Agency Goal",3250
2000,"Snohomish","Agency Goal",3250
2001,"Snohomish","Agency Goal",3250
2002,"Snohomish","Agency Goal",3250
2003,"Snohomish","Agency Goal",3250
2004,"Snohomish","Agency Goal",3250
2005,"Snohomish","Agency Goal",3250
2006,"Snohomish","Agency Goal",3250
2007,"Snohomish","Agency Goal",3250
2008,"Snohomish","Agency Goal",3250
2009,"Snohomish","Agency Goal",3250
2010,"Snohomish","Agency Goal",3250
2011,"Snohomish","Agency Goal",3250
2012,"Snohomish","Agency Goal",3250
2013,"Snohomish","Agency Goal",3250
2014,"Snohomish","Agency Goal",3250
2015,"Snohomish","Agency Goal",3250
2016,"Snohomish","Agency Goal",3250
2017,"Snohomish","Agency Goal",3250
2018,"Snohomish","Agency Goal",3250
2019,"Snohomish","Agency Goal",3250
2020,"Snohomish","Agency Goal",3250
2021,"Snohomish","Agency Goal",3250
2022,"Snohomish","Agency Goal",3250
1975,"Green","Agency Goal",2744
1976,"Green","Agency Goal",2744
1977,"Green","Agency Goal",2744
1978,"Green","Agency Goal",2744
1979,"Green","Agency Goal",2744
1980,"Green","Agency Goal",2744
1981,"Green","Agency Goal",2744
1982,"Green","Agency Goal",2744
1983,"Green","Agency Goal",2744
1984,"Green","Agency Goal",2744
1985,"Green","Agency Goal",2744
1986,"Green","Agency Goal",2744
1987,"Green","Agency Goal",2744
1988,"Green","Agency Goal",2744
1989,"Green","Agency Goal",2744
1990,"Green","Agency Goal",2744
1991,"Green","Agency Goal",2744
1992,"Green","Agency Goal",2744
1993,"Green","Agency Goal",2744
1994,"Green","Agency Goal",2744
1995,"Green","Agency Goal",2744
1996,"Green","Agency Goal",2744
1997,"Green","Agency Goal",2744
1998,"Green","Agency Goal",2744
1999,"Green","Agency Goal",2744
2000,"Green","Agency Goal",2744
2001,"Green","Agency Goal",2744
2002,"Green","Agency Goal",2744
2003,"Green","Agency Goal",2744
2004,"Green","Agency Goal",2744
2005,"Green","Agency Goal",2744
2006,"Green","Agency Goal",2744
2007,"Green","Agency Goal",2744
2008,"Green","Agency Goal",2744
2009,"Green","Agency Goal",2744
2010,"Green","Agency Goal",2744
2011,"Green","Agency Goal",2744
2012,"Green","Agency Goal",2744
2013,"Green","Agency Goal",2744
2014,"Green","Agency Goal",2744
2015,"Green","Agency Goal",2744
2016,"Green","Agency Goal",2744
2017,"Green","Agency Goal",2744
2018,"Green","Agency Goal",2744
2019,"Green","Agency Goal",2744
2020,"Green","Agency Goal",2744
2021,"Green","Agency Goal",2744
2022,"Green","Agency Goal",2744
1975,"Nooksack","Agency Goal Natural Origin",NA
1976,"Nooksack","Agency Goal Natural Origin",NA
1977,"Nooksack","Agency Goal Natural Origin",NA
1978,"Nooksack","Agency Goal Natural Origin",NA
1979,"Nooksack","Agency Goal Natural Origin",NA
1980,"Nooksack","Agency Goal Natural Origin",NA
1981,"Nooksack","Agency Goal Natural Origin",NA
1982,"Nooksack","Agency Goal Natural Origin",NA
1983,"Nooksack","Agency Goal Natural Origin",NA
1984,"Nooksack","Agency Goal Natural Origin",600
1985,"Nooksack","Agency Goal Natural Origin",600
1986,"Nooksack","Agency Goal Natural Origin",600
1987,"Nooksack","Agency Goal Natural Origin",600
1988,"Nooksack","Agency Goal Natural Origin",600
1989,"Nooksack","Agency Goal Natural Origin",600
1990,"Nooksack","Agency Goal Natural Origin",600
1991,"Nooksack","Agency Goal Natural Origin",600
1992,"Nooksack","Agency Goal Natural Origin",600
1993,"Nooksack","Agency Goal Natural Origin",600
1994,"Nooksack","Agency Goal Natural Origin",600
1995,"Nooksack","Agency Goal Natural Origin",600
1996,"Nooksack","Agency Goal Natural Origin",600
1997,"Nooksack","Agency Goal Natural Origin",600
1998,"Nooksack","Agency Goal Natural Origin",600
1999,"Nooksack","Agency Goal Natural Origin",600
2000,"Nooksack","Agency Goal Natural Origin",600
2001,"Nooksack","Agency Goal Natural Origin",600
2002,"Nooksack","Agency Goal Natural Origin",600
2003,"Nooksack","Agency Goal Natural Origin",600
2004,"Nooksack","Agency Goal Natural Origin",600
2005,"Nooksack","Agency Goal Natural Origin",600
2006,"Nooksack","Agency Goal Natural Origin",600
2007,"Nooksack","Agency Goal Natural Origin",600
2008,"Nooksack","Agency Goal Natural Origin",600
2009,"Nooksack","Agency Goal Natural Origin",600
2010,"Nooksack","Agency Goal Natural Origin",600
2011,"Nooksack","Agency Goal Natural Origin",600
2012,"Nooksack","Agency Goal Natural Origin",600
2013,"Nooksack","Agency Goal Natural Origin",600
2014,"Nooksack","Agency Goal Natural Origin",600
2015,"Nooksack","Agency Goal Natural Origin",600
2016,"Nooksack","Agency Goal Natural Origin",600
2017,"Nooksack","Agency Goal Natural Origin",600
2018,"Nooksack","Agency Goal Natural Origin",600
2019,"Nooksack","Agency Goal Natural Origin",600
2020,"Nooksack","Agency Goal Natural Origin",600
2021,"Nooksack","Agency Goal Natural Origin",600
2022,"Nooksack","Agency Goal Natural Origin",600
1975,"Lake Washington","Agency Goal",500
1976,"Lake Washington","Agency Goal",500
1977,"Lake Washington","Agency Goal",500
1978,"Lake Washington","Agency Goal",500
1979,"Lake Washington","Agency Goal",500
1980,"Lake Washington","Agency Goal",500
1981,"Lake Washington","Agency Goal",500
1982,"Lake Washington","Agency Goal",500
1983,"Lake Washington","Agency Goal",500
1984,"Lake Washington","Agency Goal",500
1985,"Lake Washington","Agency Goal",500
1986,"Lake Washington","Agency Goal",500
1987,"Lake Washington","Agency Goal",500
1988,"Lake Washington","Agency Goal",500
1989,"Lake Washington","Agency Goal",500
1990,"Lake Washington","Agency Goal",500
1991,"Lake Washington","Agency Goal",500
1992,"Lake Washington","Agency Goal",500
1993,"Lake Washington","Agency Goal",500
1994,"Lake Washington","Agency Goal",500
1995,"Lake Washington","Agency Goal",500
1996,"Lake Washington","Agency Goal",500
1997,"Lake Washington","Agency Goal",500
1998,"Lake Washington","Agency Goal",500
1999,"Lake Washington","Agency Goal",500
2000,"Lake Washington","Agency Goal",500
2001,"Lake Washington","Agency Goal",500
2002,"Lake Washington","Agency Goal",500
2003,"Lake Washington","Agency Goal",500
2004,"Lake Washington","Agency Goal",500
2005,"Lake Washington","Agency Goal",500
2006,"Lake Washington","Agency Goal",500
2007,"Lake Washington","Agency Goal",500
2008,"Lake Washington","Agency Goal",500
2009,"Lake Washington","Agency Goal",500
2010,"Lake Washington","Agency Goal",500
2011,"Lake Washington","Agency Goal",500
2012,"Lake Washington","Agency Goal",500
2013,"Lake Washington","Agency Goal",500
2014,"Lake Washington","Agency Goal",500
2015,"Lake Washington","Agency Goal",500
2016,"Lake Washington","Agency Goal",500
2017,"Lake Washington","Agency Goal",500
2018,"Lake Washington","Agency Goal",500
2019,"Lake Washington","Agency Goal",500
2020,"Lake Washington","Agency Goal",500
2021,"Lake Washington","Agency Goal",500
2022,"Lake Washington","Agency Goal",500
1975,"Hoko","Agency Goal",NA
1976,"Hoko","Agency Goal",NA
1977,"Hoko","Agency Goal",NA
1978,"Hoko","Agency Goal",NA
1979,"Hoko","Agency Goal",NA
1980,"Hoko","Agency Goal",NA
1981,"Hoko","Agency Goal",NA
1982,"Hoko","Agency Goal",NA
1983,"Hoko","Agency Goal",NA
1984,"Hoko","Agency Goal",NA
1985,"Hoko","Agency Goal",NA
1986,"Hoko","Agency Goal",850
1987,"Hoko","Agency Goal",850
1988,"Hoko","Agency Goal",850
1989,"Hoko","Agency Goal",850
1990,"Hoko","Agency Goal",850
1991,"Hoko","Agency Goal",850
1992,"Hoko","Agency Goal",850
1993,"Hoko","Agency Goal",850
1994,"Hoko","Agency Goal",850
1995,"Hoko","Agency Goal",850
1996,"Hoko","Agency Goal",850
1997,"Hoko","Agency Goal",850
1998,"Hoko","Agency Goal",850
1999,"Hoko","Agency Goal",850
2000,"Hoko","Agency Goal",850
2001,"Hoko","Agency Goal",850
2002,"Hoko","Agency Goal",850
2003,"Hoko","Agency Goal",850
2004,"Hoko","Agency Goal",850
2005,"Hoko","Agency Goal",850
2006,"Hoko","Agency Goal",850
2007,"Hoko","Agency Goal",850
2008,"Hoko","Agency Goal",850
2009,"Hoko","Agency Goal",850
2010,"Hoko","Agency Goal",850
2011,"Hoko","Agency Goal",850
2012,"Hoko","Agency Goal",850
2013,"Hoko","Agency Goal",850
2014,"Hoko","Agency Goal",850
2015,"Hoko","Agency Goal",850
2016,"Hoko","Agency Goal",850
2017,"Hoko","Agency Goal",850
2018,"Hoko","Agency Goal",850
2019,"Hoko","Agency Goal",850
2020,"Hoko","Agency Goal",850
2021,"Hoko","Agency Goal",850
2022,"Hoko","Agency Goal",850
1975,"Quillayute Sum","Agency Goal",NA
1976,"Quillayute Sum","Agency Goal",1200
1977,"Quillayute Sum","Agency Goal",1200
1978,"Quillayute Sum","Agency Goal",1200
1979,"Quillayute Sum","Agency Goal",1200
1980,"Quillayute Sum","Agency Goal",1200
1981,"Quillayute Sum","Agency Goal",1200
1982,"Quillayute Sum","Agency Goal",1200
1983,"Quillayute Sum","Agency Goal",1200
1984,"Quillayute Sum","Agency Goal",1200
1985,"Quillayute Sum","Agency Goal",1200
1986,"Quillayute Sum","Agency Goal",1200
1987,"Quillayute Sum","Agency Goal",1200
1988,"Quillayute Sum","Agency Goal",1200
1989,"Quillayute Sum","Agency Goal",1200
1990,"Quillayute Sum","Agency Goal",1200
1991,"Quillayute Sum","Agency Goal",1200
1992,"Quillayute Sum","Agency Goal",1200
1993,"Quillayute Sum","Agency Goal",1200
1994,"Quillayute Sum","Agency Goal",1200
1995,"Quillayute Sum","Agency Goal",1200
1996,"Quillayute Sum","Agency Goal",1200
1997,"Quillayute Sum","Agency Goal",1200
1998,"Quillayute Sum","Agency Goal",1200
1999,"Quillayute Sum","Agency Goal",1200
2000,"Quillayute Sum","Agency Goal",1200
2001,"Quillayute Sum","Agency Goal",1200
2002,"Quillayute Sum","Agency Goal",1200
2003,"Quillayute Sum","Agency Goal",1200
2004,"Quillayute Sum","Agency Goal",1200
2005,"Quillayute Sum","Agency Goal",1200
2006,"Quillayute Sum","Agency Goal",1200
2007,"Quillayute Sum","Agency Goal",1200
2008,"Quillayute Sum","Agency Goal",1200
2009,"Quillayute Sum","Agency Goal",1200
2010,"Quillayute Sum","Agency Goal",1200
2011,"Quillayute Sum","Agency Goal",1200
2012,"Quillayute Sum","Agency Goal",1200
2013,"Quillayute Sum","Agency Goal",1200
2014,"Quillayute Sum","Agency Goal",1200
2015,"Quillayute Sum","Agency Goal",1200
2016,"Quillayute Sum","Agency Goal",1200
2017,"Quillayute Sum","Agency Goal",1200
2018,"Quillayute Sum","Agency Goal",1200
2019,"Quillayute Sum","Agency Goal",1200
2020,"Quillayute Sum","Agency Goal",1200
2021,"Quillayute Sum","Agency Goal",1200
2022,"Quillayute Sum","Agency Goal",1200
1975,"Quillayute Fall","PSC-Agreed Goal",NA
1975,"Quillayute Fall","Agency Goal",NA
1976,"Quillayute Fall","PSC-Agreed Goal",NA
1976,"Quillayute Fall","Agency Goal",NA
1977,"Quillayute Fall","PSC-Agreed Goal",NA
1977,"Quillayute Fall","Agency Goal",NA
1978,"Quillayute Fall","PSC-Agreed Goal",NA
1978,"Quillayute Fall","Agency Goal",NA
1979,"Quillayute Fall","PSC-Agreed Goal",NA
1979,"Quillayute Fall","Agency Goal",NA
1980,"Quillayute Fall","PSC-Agreed Goal",NA
1980,"Quillayute Fall","Agency Goal",3000
1981,"Quillayute Fall","PSC-Agreed Goal",NA
1981,"Quillayute Fall","Agency Goal",3000
1982,"Quillayute Fall","PSC-Agreed Goal",NA
1982,"Quillayute Fall","Agency Goal",3000
1983,"Quillayute Fall","PSC-Agreed Goal",NA
1983,"Quillayute Fall","Agency Goal",3000
1984,"Quillayute Fall","PSC-Agreed Goal",NA
1984,"Quillayute Fall","Agency Goal",3000
1985,"Quillayute Fall","PSC-Agreed Goal",NA
1985,"Quillayute Fall","Agency Goal",3000
1986,"Quillayute Fall","PSC-Agreed Goal",NA
1986,"Quillayute Fall","Agency Goal",3000
1987,"Quillayute Fall","PSC-Agreed Goal",NA
1987,"Quillayute Fall","Agency Goal",3000
1988,"Quillayute Fall","PSC-Agreed Goal",NA
1988,"Quillayute Fall","Agency Goal",3000
1989,"Quillayute Fall","PSC-Agreed Goal",NA
1989,"Quillayute Fall","Agency Goal",3000
1990,"Quillayute Fall","PSC-Agreed Goal",NA
1990,"Quillayute Fall","Agency Goal",3000
1991,"Quillayute Fall","PSC-Agreed Goal",NA
1991,"Quillayute Fall","Agency Goal",3000
1992,"Quillayute Fall","PSC-Agreed Goal",NA
1992,"Quillayute Fall","Agency Goal",3000
1993,"Quillayute Fall","PSC-Agreed Goal",NA
1993,"Quillayute Fall","Agency Goal",3000
1994,"Quillayute Fall","PSC-Agreed Goal",NA
1994,"Quillayute Fall","Agency Goal",3000
1995,"Quillayute Fall","PSC-Agreed Goal",NA
1995,"Quillayute Fall","Agency Goal",3000
1996,"Quillayute Fall","PSC-Agreed Goal",NA
1996,"Quillayute Fall","Agency Goal",3000
1997,"Quillayute Fall","PSC-Agreed Goal",NA
1997,"Quillayute Fall","Agency Goal",3000
1998,"Quillayute Fall","PSC-Agreed Goal",NA
1998,"Quillayute Fall","Agency Goal",3000
1999,"Quillayute Fall","PSC-Agreed Goal",NA
1999,"Quillayute Fall","Agency Goal",3000
2000,"Quillayute Fall","PSC-Agreed Goal",NA
2000,"Quillayute Fall","Agency Goal",3000
2001,"Quillayute Fall","PSC-Agreed Goal",NA
2001,"Quillayute Fall","Agency Goal",3000
2002,"Quillayute Fall","PSC-Agreed Goal",NA
2002,"Quillayute Fall","Agency Goal",3000
2003,"Quillayute Fall","PSC-Agreed Goal",NA
2003,"Quillayute Fall","Agency Goal",3000
2004,"Quillayute Fall","PSC-Agreed Goal",3000
2004,"Quillayute Fall","Agency Goal",NA
2005,"Quillayute Fall","PSC-Agreed Goal",3000
2005,"Quillayute Fall","Agency Goal",NA
2006,"Quillayute Fall","PSC-Agreed Goal",3000
2006,"Quillayute Fall","Agency Goal",NA
2007,"Quillayute Fall","PSC-Agreed Goal",3000
2007,"Quillayute Fall","Agency Goal",NA
2008,"Quillayute Fall","PSC-Agreed Goal",3000
2008,"Quillayute Fall","Agency Goal",NA
2009,"Quillayute Fall","PSC-Agreed Goal",3000
2009,"Quillayute Fall","Agency Goal",NA
2010,"Quillayute Fall","PSC-Agreed Goal",3000
2010,"Quillayute Fall","Agency Goal",NA
2011,"Quillayute Fall","PSC-Agreed Goal",3000
2011,"Quillayute Fall","Agency Goal",NA
2012,"Quillayute Fall","PSC-Agreed Goal",3000
2012,"Quillayute Fall","Agency Goal",NA
2013,"Quillayute Fall","PSC-Agreed Goal",3000
2013,"Quillayute Fall","Agency Goal",NA
2014,"Quillayute Fall","PSC-Agreed Goal",3000
2014,"Quillayute Fall","Agency Goal",NA
2015,"Quillayute Fall","PSC-Agreed Goal",3000
2015,"Quillayute Fall","Agency Goal",NA
2016,"Quillayute Fall","PSC-Agreed Goal",3000
2016,"Quillayute Fall","Agency Goal",NA
2017,"Quillayute Fall","PSC-Agreed Goal",3000
2017,"Quillayute Fall","Agency Goal",NA
2018,"Quillayute Fall","PSC-Agreed Goal",3000
2018,"Quillayute Fall","Agency Goal",NA
2019,"Quillayute Fall","PSC-Agreed Goal",3000
2019,"Quillayute Fall","Agency Goal",NA
2020,"Quillayute Fall","PSC-Agreed Goal",3000
2020,"Quillayute Fall","Agency Goal",NA
2021,"Quillayute Fall","PSC-Agreed Goal",3000
2021,"Quillayute Fall","Agency Goal",NA
2022,"Quillayute Fall","PSC-Agreed Goal",3000
2022,"Quillayute Fall","Agency Goal",NA
1975,"Hoh Spr Sum","PSC-Agreed Goal",NA
1975,"Hoh Spr Sum","Agency Goal",NA
1976,"Hoh Spr Sum","PSC-Agreed Goal",NA
1976,"Hoh Spr Sum","Agency Goal",900
1977,"Hoh Spr Sum","PSC-Agreed Goal",NA
1977,"Hoh Spr Sum","Agency Goal",900
1978,"Hoh Spr Sum","PSC-Agreed Goal",NA
1978,"Hoh Spr Sum","Agency Goal",900
1979,"Hoh Spr Sum","PSC-Agreed Goal",NA
1979,"Hoh Spr Sum","Agency Goal",900
1980,"Hoh Spr Sum","PSC-Agreed Goal",NA
1980,"Hoh Spr Sum","Agency Goal",900
1981,"Hoh Spr Sum","PSC-Agreed Goal",NA
1981,"Hoh Spr Sum","Agency Goal",900
1982,"Hoh Spr Sum","PSC-Agreed Goal",NA
1982,"Hoh Spr Sum","Agency Goal",900
1983,"Hoh Spr Sum","PSC-Agreed Goal",NA
1983,"Hoh Spr Sum","Agency Goal",900
1984,"Hoh Spr Sum","PSC-Agreed Goal",NA
1984,"Hoh Spr Sum","Agency Goal",900
1985,"Hoh Spr Sum","PSC-Agreed Goal",NA
1985,"Hoh Spr Sum","Agency Goal",900
1986,"Hoh Spr Sum","PSC-Agreed Goal",NA
1986,"Hoh Spr Sum","Agency Goal",900
1987,"Hoh Spr Sum","PSC-Agreed Goal",NA
1987,"Hoh Spr Sum","Agency Goal",900
1988,"Hoh Spr Sum","PSC-Agreed Goal",NA
1988,"Hoh Spr Sum","Agency Goal",900
1989,"Hoh Spr Sum","PSC-Agreed Goal",NA
1989,"Hoh Spr Sum","Agency Goal",900
1990,"Hoh Spr Sum","PSC-Agreed Goal",NA
1990,"Hoh Spr Sum","Agency Goal",900
1991,"Hoh Spr Sum","PSC-Agreed Goal",NA
1991,"Hoh Spr Sum","Agency Goal",900
1992,"Hoh Spr Sum","PSC-Agreed Goal",NA
1992,"Hoh Spr Sum","Agency Goal",900
1993,"Hoh Spr Sum","PSC-Agreed Goal",NA
1993,"Hoh Spr Sum","Agency Goal",900
1994,"Hoh Spr Sum","PSC-Agreed Goal",NA
1994,"Hoh Spr Sum","Agency Goal",900
1995,"Hoh Spr Sum","PSC-Agreed Goal",NA
1995,"Hoh Spr Sum","Agency Goal",900
1996,"Hoh Spr Sum","PSC-Agreed Goal",NA
1996,"Hoh Spr Sum","Agency Goal",900
1997,"Hoh Spr Sum","PSC-Agreed Goal",NA
1997,"Hoh Spr Sum","Agency Goal",900
1998,"Hoh Spr Sum","PSC-Agreed Goal",NA
1998,"Hoh Spr Sum","Agency Goal",900
1999,"Hoh Spr Sum","PSC-Agreed Goal",NA
1999,"Hoh Spr Sum","Agency Goal",900
2000,"Hoh Spr Sum","PSC-Agreed Goal",NA
2000,"Hoh Spr Sum","Agency Goal",900
2001,"Hoh Spr Sum","PSC-Agreed Goal",NA
2001,"Hoh Spr Sum","Agency Goal",900
2002,"Hoh Spr Sum","PSC-Agreed Goal",NA
2002,"Hoh Spr Sum","Agency Goal",900
2003,"Hoh Spr Sum","PSC-Agreed Goal",NA
2003,"Hoh Spr Sum","Agency Goal",900
2004,"Hoh Spr Sum","PSC-Agreed Goal",900
2004,"Hoh Spr Sum","Agency Goal",NA
2005,"Hoh Spr Sum","PSC-Agreed Goal",900
2005,"Hoh Spr Sum","Agency Goal",NA
2006,"Hoh Spr Sum","PSC-Agreed Goal",900
2006,"Hoh Spr Sum","Agency Goal",NA
2007,"Hoh Spr Sum","PSC-Agreed Goal",900
2007,"Hoh Spr Sum","Agency Goal",NA
2008,"Hoh Spr Sum","PSC-Agreed Goal",900
2008,"Hoh Spr Sum","Agency Goal",NA
2009,"Hoh Spr Sum","PSC-Agreed Goal",900
2009,"Hoh Spr Sum","Agency Goal",NA
2010,"Hoh Spr Sum","PSC-Agreed Goal",900
2010,"Hoh Spr Sum","Agency Goal",NA
2011,"Hoh Spr Sum","PSC-Agreed Goal",900
2011,"Hoh Spr Sum","Agency Goal",NA
2012,"Hoh Spr Sum","PSC-Agreed Goal",900
2012,"Hoh Spr Sum","Agency Goal",NA
2013,"Hoh Spr Sum","PSC-Agreed Goal",900
2013,"Hoh Spr Sum","Agency Goal",NA
2014,"Hoh Spr Sum","PSC-Agreed Goal",900
2014,"Hoh Spr Sum","Agency Goal",NA
2015,"Hoh Spr Sum","PSC-Agreed Goal",900
2015,"Hoh Spr Sum","Agency Goal",NA
2016,"Hoh Spr Sum","PSC-Agreed Goal",900
2016,"Hoh Spr Sum","Agency Goal",NA
2017,"Hoh Spr Sum","PSC-Agreed Goal",900
2017,"Hoh Spr Sum","Agency Goal",NA
2018,"Hoh Spr Sum","PSC-Agreed Goal",900
2018,"Hoh Spr Sum","Agency Goal",NA
2019,"Hoh Spr Sum","PSC-Agreed Goal",900
2019,"Hoh Spr Sum","Agency Goal",NA
2020,"Hoh Spr Sum","PSC-Agreed Goal",900
2020,"Hoh Spr Sum","Agency Goal",NA
2021,"Hoh Spr Sum","PSC-Agreed Goal",900
2021,"Hoh Spr Sum","Agency Goal",NA
2022,"Hoh Spr Sum","PSC-Agreed Goal",900
2022,"Hoh Spr Sum","Agency Goal",NA
1975,"Hoh Fall","PSC-Agreed Goal",NA
1975,"Hoh Fall","Agency Goal",NA
1976,"Hoh Fall","PSC-Agreed Goal",NA
1976,"Hoh Fall","Agency Goal",1200
1977,"Hoh Fall","PSC-Agreed Goal",NA
1977,"Hoh Fall","Agency Goal",1200
1978,"Hoh Fall","PSC-Agreed Goal",NA
1978,"Hoh Fall","Agency Goal",1200
1979,"Hoh Fall","PSC-Agreed Goal",NA
1979,"Hoh Fall","Agency Goal",1200
1980,"Hoh Fall","PSC-Agreed Goal",NA
1980,"Hoh Fall","Agency Goal",1200
1981,"Hoh Fall","PSC-Agreed Goal",NA
1981,"Hoh Fall","Agency Goal",1200
1982,"Hoh Fall","PSC-Agreed Goal",NA
1982,"Hoh Fall","Agency Goal",1200
1983,"Hoh Fall","PSC-Agreed Goal",NA
1983,"Hoh Fall","Agency Goal",1200
1984,"Hoh Fall","PSC-Agreed Goal",NA
1984,"Hoh Fall","Agency Goal",1200
1985,"Hoh Fall","PSC-Agreed Goal",NA
1985,"Hoh Fall","Agency Goal",1200
1986,"Hoh Fall","PSC-Agreed Goal",NA
1986,"Hoh Fall","Agency Goal",1200
1987,"Hoh Fall","PSC-Agreed Goal",NA
1987,"Hoh Fall","Agency Goal",1200
1988,"Hoh Fall","PSC-Agreed Goal",NA
1988,"Hoh Fall","Agency Goal",1200
1989,"Hoh Fall","PSC-Agreed Goal",NA
1989,"Hoh Fall","Agency Goal",1200
1990,"Hoh Fall","PSC-Agreed Goal",NA
1990,"Hoh Fall","Agency Goal",1200
1991,"Hoh Fall","PSC-Agreed Goal",NA
1991,"Hoh Fall","Agency Goal",1200
1992,"Hoh Fall","PSC-Agreed Goal",NA
1992,"Hoh Fall","Agency Goal",1200
1993,"Hoh Fall","PSC-Agreed Goal",NA
1993,"Hoh Fall","Agency Goal",1200
1994,"Hoh Fall","PSC-Agreed Goal",NA
1994,"Hoh Fall","Agency Goal",1200
1995,"Hoh Fall","PSC-Agreed Goal",NA
1995,"Hoh Fall","Agency Goal",1200
1996,"Hoh Fall","PSC-Agreed Goal",NA
1996,"Hoh Fall","Agency Goal",1200
1997,"Hoh Fall","PSC-Agreed Goal",NA
1997,"Hoh Fall","Agency Goal",1200
1998,"Hoh Fall","PSC-Agreed Goal",NA
1998,"Hoh Fall","Agency Goal",1200
1999,"Hoh Fall","PSC-Agreed Goal",NA
1999,"Hoh Fall","Agency Goal",1200
2000,"Hoh Fall","PSC-Agreed Goal",NA
2000,"Hoh Fall","Agency Goal",1200
2001,"Hoh Fall","PSC-Agreed Goal",NA
2001,"Hoh Fall","Agency Goal",1200
2002,"Hoh Fall","PSC-Agreed Goal",NA
2002,"Hoh Fall","Agency Goal",1200
2003,"Hoh Fall","PSC-Agreed Goal",NA
2003,"Hoh Fall","Agency Goal",1200
2004,"Hoh Fall","PSC-Agreed Goal",1200
2004,"Hoh Fall","Agency Goal",NA
2005,"Hoh Fall","PSC-Agreed Goal",1200
2005,"Hoh Fall","Agency Goal",NA
2006,"Hoh Fall","PSC-Agreed Goal",1200
2006,"Hoh Fall","Agency Goal",NA
2007,"Hoh Fall","PSC-Agreed Goal",1200
2007,"Hoh Fall","Agency Goal",NA
2008,"Hoh Fall","PSC-Agreed Goal",1200
2008,"Hoh Fall","Agency Goal",NA
2009,"Hoh Fall","PSC-Agreed Goal",1200
2009,"Hoh Fall","Agency Goal",NA
2010,"Hoh Fall","PSC-Agreed Goal",1200
2010,"Hoh Fall","Agency Goal",NA
2011,"Hoh Fall","PSC-Agreed Goal",1200
2011,"Hoh Fall","Agency Goal",NA
2012,"Hoh Fall","PSC-Agreed Goal",1200
2012,"Hoh Fall","Agency Goal",NA
2013,"Hoh Fall","PSC-Agreed Goal",1200
2013,"Hoh Fall","Agency Goal",NA
2014,"Hoh Fall","PSC-Agreed Goal",1200
2014,"Hoh Fall","Agency Goal",NA
2015,"Hoh Fall","PSC-Agreed Goal",1200
2015,"Hoh Fall","Agency Goal",NA
2016,"Hoh Fall","PSC-Agreed Goal",1200
2016,"Hoh Fall","Agency Goal",NA
2017,"Hoh Fall","PSC-Agreed Goal",1200
2017,"Hoh Fall","Agency Goal",NA
2018,"Hoh Fall","PSC-Agreed Goal",1200
2018,"Hoh Fall","Agency Goal",NA
2019,"Hoh Fall","PSC-Agreed Goal",1200
2019,"Hoh Fall","Agency Goal",NA
2020,"Hoh Fall","PSC-Agreed Goal",1200
2020,"Hoh Fall","Agency Goal",NA
2021,"Hoh Fall","PSC-Agreed Goal",1200
2021,"Hoh Fall","Agency Goal",NA
2022,"Hoh Fall","PSC-Agreed Goal",1200
2022,"Hoh Fall","Agency Goal",NA
1975,"Queets SprSum","PSC-Agreed Goal",NA
1975,"Queets SprSum","Agency Goal",NA
1976,"Queets SprSum","PSC-Agreed Goal",NA
1976,"Queets SprSum","Agency Goal",700
1977,"Queets SprSum","PSC-Agreed Goal",NA
1977,"Queets SprSum","Agency Goal",700
1978,"Queets SprSum","PSC-Agreed Goal",NA
1978,"Queets SprSum","Agency Goal",700
1979,"Queets SprSum","PSC-Agreed Goal",NA
1979,"Queets SprSum","Agency Goal",700
1980,"Queets SprSum","PSC-Agreed Goal",NA
1980,"Queets SprSum","Agency Goal",700
1981,"Queets SprSum","PSC-Agreed Goal",NA
1981,"Queets SprSum","Agency Goal",700
1982,"Queets SprSum","PSC-Agreed Goal",NA
1982,"Queets SprSum","Agency Goal",700
1983,"Queets SprSum","PSC-Agreed Goal",NA
1983,"Queets SprSum","Agency Goal",700
1984,"Queets SprSum","PSC-Agreed Goal",NA
1984,"Queets SprSum","Agency Goal",700
1985,"Queets SprSum","PSC-Agreed Goal",NA
1985,"Queets SprSum","Agency Goal",700
1986,"Queets SprSum","PSC-Agreed Goal",NA
1986,"Queets SprSum","Agency Goal",700
1987,"Queets SprSum","PSC-Agreed Goal",NA
1987,"Queets SprSum","Agency Goal",700
1988,"Queets SprSum","PSC-Agreed Goal",NA
1988,"Queets SprSum","Agency Goal",700
1989,"Queets SprSum","PSC-Agreed Goal",NA
1989,"Queets SprSum","Agency Goal",700
1990,"Queets SprSum","PSC-Agreed Goal",NA
1990,"Queets SprSum","Agency Goal",700
1991,"Queets SprSum","PSC-Agreed Goal",NA
1991,"Queets SprSum","Agency Goal",700
1992,"Queets SprSum","PSC-Agreed Goal",NA
1992,"Queets SprSum","Agency Goal",700
1993,"Queets SprSum","PSC-Agreed Goal",NA
1993,"Queets SprSum","Agency Goal",700
1994,"Queets SprSum","PSC-Agreed Goal",NA
1994,"Queets SprSum","Agency Goal",700
1995,"Queets SprSum","PSC-Agreed Goal",NA
1995,"Queets SprSum","Agency Goal",700
1996,"Queets SprSum","PSC-Agreed Goal",NA
1996,"Queets SprSum","Agency Goal",700
1997,"Queets SprSum","PSC-Agreed Goal",NA
1997,"Queets SprSum","Agency Goal",700
1998,"Queets SprSum","PSC-Agreed Goal",NA
1998,"Queets SprSum","Agency Goal",700
1999,"Queets SprSum","PSC-Agreed Goal",NA
1999,"Queets SprSum","Agency Goal",700
2000,"Queets SprSum","PSC-Agreed Goal",NA
2000,"Queets SprSum","Agency Goal",700
2001,"Queets SprSum","PSC-Agreed Goal",NA
2001,"Queets SprSum","Agency Goal",700
2002,"Queets SprSum","PSC-Agreed Goal",NA
2002,"Queets SprSum","Agency Goal",700
2003,"Queets SprSum","PSC-Agreed Goal",NA
2003,"Queets SprSum","Agency Goal",700
2004,"Queets SprSum","PSC-Agreed Goal",700
2004,"Queets SprSum","Agency Goal",NA
2005,"Queets SprSum","PSC-Agreed Goal",700
2005,"Queets SprSum","Agency Goal",NA
2006,"Queets SprSum","PSC-Agreed Goal",700
2006,"Queets SprSum","Agency Goal",NA
2007,"Queets SprSum","PSC-Agreed Goal",700
2007,"Queets SprSum","Agency Goal",NA
2008,"Queets SprSum","PSC-Agreed Goal",700
2008,"Queets SprSum","Agency Goal",NA
2009,"Queets SprSum","PSC-Agreed Goal",700
2009,"Queets SprSum","Agency Goal",NA
2010,"Queets SprSum","PSC-Agreed Goal",700
2010,"Queets SprSum","Agency Goal",NA
2011,"Queets SprSum","PSC-Agreed Goal",700
2011,"Queets SprSum","Agency Goal",NA
2012,"Queets SprSum","PSC-Agreed Goal",700
2012,"Queets SprSum","Agency Goal",NA
2013,"Queets SprSum","PSC-Agreed Goal",700
2013,"Queets SprSum","Agency Goal",NA
2014,"Queets SprSum","PSC-Agreed Goal",700
2014,"Queets SprSum","Agency Goal",NA
2015,"Queets SprSum","PSC-Agreed Goal",700
2015,"Queets SprSum","Agency Goal",NA
2016,"Queets SprSum","PSC-Agreed Goal",700
2016,"Queets SprSum","Agency Goal",NA
2017,"Queets SprSum","PSC-Agreed Goal",700
2017,"Queets SprSum","Agency Goal",NA
2018,"Queets SprSum","PSC-Agreed Goal",700
2018,"Queets SprSum","Agency Goal",NA
2019,"Queets SprSum","PSC-Agreed Goal",700
2019,"Queets SprSum","Agency Goal",NA
2020,"Queets SprSum","PSC-Agreed Goal",700
2020,"Queets SprSum","Agency Goal",NA
2021,"Queets SprSum","PSC-Agreed Goal",700
2021,"Queets SprSum","Agency Goal",NA
2022,"Queets SprSum","PSC-Agreed Goal",700
2022,"Queets SprSum","Agency Goal",NA
1975,"Queets Fall","PSC-Agreed Goal",NA
1975,"Queets Fall","Agency Goal",NA
1976,"Queets Fall","PSC-Agreed Goal",NA
1976,"Queets Fall","Agency Goal",2500
1977,"Queets Fall","PSC-Agreed Goal",NA
1977,"Queets Fall","Agency Goal",2500
1978,"Queets Fall","PSC-Agreed Goal",NA
1978,"Queets Fall","Agency Goal",2500
1979,"Queets Fall","PSC-Agreed Goal",NA
1979,"Queets Fall","Agency Goal",2500
1980,"Queets Fall","PSC-Agreed Goal",NA
1980,"Queets Fall","Agency Goal",2500
1981,"Queets Fall","PSC-Agreed Goal",NA
1981,"Queets Fall","Agency Goal",2500
1982,"Queets Fall","PSC-Agreed Goal",NA
1982,"Queets Fall","Agency Goal",2500
1983,"Queets Fall","PSC-Agreed Goal",NA
1983,"Queets Fall","Agency Goal",2500
1984,"Queets Fall","PSC-Agreed Goal",NA
1984,"Queets Fall","Agency Goal",2500
1985,"Queets Fall","PSC-Agreed Goal",NA
1985,"Queets Fall","Agency Goal",2500
1986,"Queets Fall","PSC-Agreed Goal",NA
1986,"Queets Fall","Agency Goal",2500
1987,"Queets Fall","PSC-Agreed Goal",NA
1987,"Queets Fall","Agency Goal",2500
1988,"Queets Fall","PSC-Agreed Goal",NA
1988,"Queets Fall","Agency Goal",2500
1989,"Queets Fall","PSC-Agreed Goal",NA
1989,"Queets Fall","Agency Goal",2500
1990,"Queets Fall","PSC-Agreed Goal",NA
1990,"Queets Fall","Agency Goal",2500
1991,"Queets Fall","PSC-Agreed Goal",NA
1991,"Queets Fall","Agency Goal",2500
1992,"Queets Fall","PSC-Agreed Goal",NA
1992,"Queets Fall","Agency Goal",2500
1993,"Queets Fall","PSC-Agreed Goal",NA
1993,"Queets Fall","Agency Goal",2500
1994,"Queets Fall","PSC-Agreed Goal",NA
1994,"Queets Fall","Agency Goal",2500
1995,"Queets Fall","PSC-Agreed Goal",NA
1995,"Queets Fall","Agency Goal",2500
1996,"Queets Fall","PSC-Agreed Goal",NA
1996,"Queets Fall","Agency Goal",2500
1997,"Queets Fall","PSC-Agreed Goal",NA
1997,"Queets Fall","Agency Goal",2500
1998,"Queets Fall","PSC-Agreed Goal",NA
1998,"Queets Fall","Agency Goal",2500
1999,"Queets Fall","PSC-Agreed Goal",NA
1999,"Queets Fall","Agency Goal",2500
2000,"Queets Fall","PSC-Agreed Goal",NA
2000,"Queets Fall","Agency Goal",2500
2001,"Queets Fall","PSC-Agreed Goal",NA
2001,"Queets Fall","Agency Goal",2500
2002,"Queets Fall","PSC-Agreed Goal",NA
2002,"Queets Fall","Agency Goal",2500
2003,"Queets Fall","PSC-Agreed Goal",NA
2003,"Queets Fall","Agency Goal",2500
2004,"Queets Fall","PSC-Agreed Goal",2500
2004,"Queets Fall","Agency Goal",NA
2005,"Queets Fall","PSC-Agreed Goal",2500
2005,"Queets Fall","Agency Goal",NA
2006,"Queets Fall","PSC-Agreed Goal",2500
2006,"Queets Fall","Agency Goal",NA
2007,"Queets Fall","PSC-Agreed Goal",2500
2007,"Queets Fall","Agency Goal",NA
2008,"Queets Fall","PSC-Agreed Goal",2500
2008,"Queets Fall","Agency Goal",NA
2009,"Queets Fall","PSC-Agreed Goal",2500
2009,"Queets Fall","Agency Goal",NA
2010,"Queets Fall","PSC-Agreed Goal",2500
2010,"Queets Fall","Agency Goal",NA
2011,"Queets Fall","PSC-Agreed Goal",2500
2011,"Queets Fall","Agency Goal",NA
2012,"Queets Fall","PSC-Agreed Goal",2500
2012,"Queets Fall","Agency Goal",NA
2013,"Queets Fall","PSC-Agreed Goal",2500
2013,"Queets Fall","Agency Goal",NA
2014,"Queets Fall","PSC-Agreed Goal",2500
2014,"Queets Fall","Agency Goal",NA
2015,"Queets Fall","PSC-Agreed Goal",2500
2015,"Queets Fall","Agency Goal",NA
2016,"Queets Fall","PSC-Agreed Goal",2500
2016,"Queets Fall","Agency Goal",NA
2017,"Queets Fall","PSC-Agreed Goal",2500
2017,"Queets Fall","Agency Goal",NA
2018,"Queets Fall","PSC-Agreed Goal",2500
2018,"Queets Fall","Agency Goal",NA
2019,"Queets Fall","PSC-Agreed Goal",2500
2019,"Queets Fall","Agency Goal",NA
2020,"Queets Fall","PSC-Agreed Goal",2500
2020,"Queets Fall","Agency Goal",NA
2021,"Queets Fall","PSC-Agreed Goal",2500
2021,"Queets Fall","Agency Goal",NA
2022,"Queets Fall","PSC-Agreed Goal",2500
2022,"Queets Fall","Agency Goal",NA
1975,"Grays Harbor Spr","Agency Goal",NA
1976,"Grays Harbor Spr","Agency Goal",1400
1977,"Grays Harbor Spr","Agency Goal",1400
1978,"Grays Harbor Spr","Agency Goal",1400
1979,"Grays Harbor Spr","Agency Goal",1400
1980,"Grays Harbor Spr","Agency Goal",1400
1981,"Grays Harbor Spr","Agency Goal",1400
1982,"Grays Harbor Spr","Agency Goal",1400
1983,"Grays Harbor Spr","Agency Goal",1400
1984,"Grays Harbor Spr","Agency Goal",1400
1985,"Grays Harbor Spr","Agency Goal",1400
1986,"Grays Harbor Spr","Agency Goal",1400
1987,"Grays Harbor Spr","Agency Goal",1400
1988,"Grays Harbor Spr","Agency Goal",1400
1989,"Grays Harbor Spr","Agency Goal",1400
1990,"Grays Harbor Spr","Agency Goal",1400
1991,"Grays Harbor Spr","Agency Goal",1400
1992,"Grays Harbor Spr","Agency Goal",1400
1993,"Grays Harbor Spr","Agency Goal",1400
1994,"Grays Harbor Spr","Agency Goal",1400
1995,"Grays Harbor Spr","Agency Goal",1400
1996,"Grays Harbor Spr","Agency Goal",1400
1997,"Grays Harbor Spr","Agency Goal",1400
1998,"Grays Harbor Spr","Agency Goal",1400
1999,"Grays Harbor Spr","Agency Goal",1400
2000,"Grays Harbor Spr","Agency Goal",1400
2001,"Grays Harbor Spr","Agency Goal",1400
2002,"Grays Harbor Spr","Agency Goal",1400
2003,"Grays Harbor Spr","Agency Goal",1400
2004,"Grays Harbor Spr","Agency Goal",1400
2005,"Grays Harbor Spr","Agency Goal",1400
2006,"Grays Harbor Spr","Agency Goal",1400
2007,"Grays Harbor Spr","Agency Goal",1400
2008,"Grays Harbor Spr","Agency Goal",1400
2009,"Grays Harbor Spr","Agency Goal",1400
2010,"Grays Harbor Spr","Agency Goal",1400
2011,"Grays Harbor Spr","Agency Goal",1400
2012,"Grays Harbor Spr","Agency Goal",1400
2013,"Grays Harbor Spr","Agency Goal",1400
2014,"Grays Harbor Spr","Agency Goal",1400
2015,"Grays Harbor Spr","Agency Goal",1400
2016,"Grays Harbor Spr","Agency Goal",1400
2017,"Grays Harbor Spr","Agency Goal",1400
2018,"Grays Harbor Spr","Agency Goal",1400
2019,"Grays Harbor Spr","Agency Goal",1400
2020,"Grays Harbor Spr","Agency Goal",1400
2021,"Grays Harbor Spr","Agency Goal",1400
2022,"Grays Harbor Spr","Agency Goal",1400
1975,"Grays Harbor Fall","PSC-Agreed Goal",NA
1975,"Grays Harbor Fall","Agency Goal",14600
1976,"Grays Harbor Fall","PSC-Agreed Goal",NA
1976,"Grays Harbor Fall","Agency Goal",14600
1977,"Grays Harbor Fall","PSC-Agreed Goal",NA
1977,"Grays Harbor Fall","Agency Goal",14600
1978,"Grays Harbor Fall","PSC-Agreed Goal",NA
1978,"Grays Harbor Fall","Agency Goal",14600
1979,"Grays Harbor Fall","PSC-Agreed Goal",NA
1979,"Grays Harbor Fall","Agency Goal",14600
1980,"Grays Harbor Fall","PSC-Agreed Goal",NA
1980,"Grays Harbor Fall","Agency Goal",14600
1981,"Grays Harbor Fall","PSC-Agreed Goal",NA
1981,"Grays Harbor Fall","Agency Goal",14600
1982,"Grays Harbor Fall","PSC-Agreed Goal",NA
1982,"Grays Harbor Fall","Agency Goal",14600
1983,"Grays Harbor Fall","PSC-Agreed Goal",NA
1983,"Grays Harbor Fall","Agency Goal",14600
1984,"Grays Harbor Fall","PSC-Agreed Goal",NA
1984,"Grays Harbor Fall","Agency Goal",14600
1985,"Grays Harbor Fall","PSC-Agreed Goal",NA
1985,"Grays Harbor Fall","Agency Goal",14600
1986,"Grays Harbor Fall","PSC-Agreed Goal",NA
1986,"Grays Harbor Fall","Agency Goal",14600
1987,"Grays Harbor Fall","PSC-Agreed Goal",NA
1987,"Grays Harbor Fall","Agency Goal",14600
1988,"Grays Harbor Fall","PSC-Agreed Goal",NA
1988,"Grays Harbor Fall","Agency Goal",14600
1989,"Grays Harbor Fall","PSC-Agreed Goal",NA
1989,"Grays Harbor Fall","Agency Goal",14600
1990,"Grays Harbor Fall","PSC-Agreed Goal",NA
1990,"Grays Harbor Fall","Agency Goal",14600
1991,"Grays Harbor Fall","PSC-Agreed Goal",NA
1991,"Grays Harbor Fall","Agency Goal",14600
1992,"Grays Harbor Fall","PSC-Agreed Goal",NA
1992,"Grays Harbor Fall","Agency Goal",14600
1993,"Grays Harbor Fall","PSC-Agreed Goal",NA
1993,"Grays Harbor Fall","Agency Goal",14600
1994,"Grays Harbor Fall","PSC-Agreed Goal",NA
1994,"Grays Harbor Fall","Agency Goal",14600
1995,"Grays Harbor Fall","PSC-Agreed Goal",NA
1995,"Grays Harbor Fall","Agency Goal",14600
1996,"Grays Harbor Fall","PSC-Agreed Goal",NA
1996,"Grays Harbor Fall","Agency Goal",14600
1997,"Grays Harbor Fall","PSC-Agreed Goal",NA
1997,"Grays Harbor Fall","Agency Goal",14600
1998,"Grays Harbor Fall","PSC-Agreed Goal",NA
1998,"Grays Harbor Fall","Agency Goal",14600
1999,"Grays Harbor Fall","PSC-Agreed Goal",NA
1999,"Grays Harbor Fall","Agency Goal",14600
2000,"Grays Harbor Fall","PSC-Agreed Goal",NA
2000,"Grays Harbor Fall","Agency Goal",14600
2001,"Grays Harbor Fall","PSC-Agreed Goal",NA
2001,"Grays Harbor Fall","Agency Goal",14600
2002,"Grays Harbor Fall","PSC-Agreed Goal",NA
2002,"Grays Harbor Fall","Agency Goal",14600
2003,"Grays Harbor Fall","PSC-Agreed Goal",NA
2003,"Grays Harbor Fall","Agency Goal",14600
2004,"Grays Harbor Fall","PSC-Agreed Goal",NA
2004,"Grays Harbor Fall","Agency Goal",14600
2005,"Grays Harbor Fall","PSC-Agreed Goal",NA
2005,"Grays Harbor Fall","Agency Goal",14600
2006,"Grays Harbor Fall","PSC-Agreed Goal",NA
2006,"Grays Harbor Fall","Agency Goal",14600
2007,"Grays Harbor Fall","PSC-Agreed Goal",NA
2007,"Grays Harbor Fall","Agency Goal",14600
2008,"Grays Harbor Fall","PSC-Agreed Goal",NA
2008,"Grays Harbor Fall","Agency Goal",14600
2009,"Grays Harbor Fall","PSC-Agreed Goal",NA
2009,"Grays Harbor Fall","Agency Goal",14600
2010,"Grays Harbor Fall","PSC-Agreed Goal",NA
2010,"Grays Harbor Fall","Agency Goal",14600
2011,"Grays Harbor Fall","PSC-Agreed Goal",NA
2011,"Grays Harbor Fall","Agency Goal",14600
2012,"Grays Harbor Fall","PSC-Agreed Goal",NA
2012,"Grays Harbor Fall","Agency Goal",14600
2013,"Grays Harbor Fall","PSC-Agreed Goal",NA
2013,"Grays Harbor Fall","Agency Goal",14600
2014,"Grays Harbor Fall","PSC-Agreed Goal",13326
2014,"Grays Harbor Fall","Agency Goal",NA
2015,"Grays Harbor Fall","PSC-Agreed Goal",13326
2015,"Grays Harbor Fall","Agency Goal",NA
2016,"Grays Harbor Fall","PSC-Agreed Goal",13326
2016,"Grays Harbor Fall","Agency Goal",NA
2017,"Grays Harbor Fall","PSC-Agreed Goal",13326
2017,"Grays Harbor Fall","Agency Goal",NA
2018,"Grays Harbor Fall","PSC-Agreed Goal",13326
2018,"Grays Harbor Fall","Agency Goal",NA
2019,"Grays Harbor Fall","PSC-Agreed Goal",13326
2019,"Grays Harbor Fall","Agency Goal",NA
2020,"Grays Harbor Fall","PSC-Agreed Goal",13326
2020,"Grays Harbor Fall","Agency Goal",NA
2021,"Grays Harbor Fall","PSC-Agreed Goal",13326
2021,"Grays Harbor Fall","Agency Goal",NA
2022,"Grays Harbor Fall","PSC-Agreed Goal",13326
2022,"Grays Harbor Fall","Agency Goal",NA
1975,"Mid-Columbia Sum","PSC-Agreed Goal",NA
1975,"Mid-Columbia Sum","Agency Goal",NA
1976,"Mid-Columbia Sum","PSC-Agreed Goal",NA
1976,"Mid-Columbia Sum","Agency Goal",NA
1977,"Mid-Columbia Sum","PSC-Agreed Goal",NA
1977,"Mid-Columbia Sum","Agency Goal",NA
1978,"Mid-Columbia Sum","PSC-Agreed Goal",NA
1978,"Mid-Columbia Sum","Agency Goal",NA
1979,"Mid-Columbia Sum","PSC-Agreed Goal",NA
1979,"Mid-Columbia Sum","Agency Goal",NA
1980,"Mid-Columbia Sum","PSC-Agreed Goal",NA
1980,"Mid-Columbia Sum","Agency Goal",NA
1981,"Mid-Columbia Sum","PSC-Agreed Goal",NA
1981,"Mid-Columbia Sum","Agency Goal",NA
1982,"Mid-Columbia Sum","PSC-Agreed Goal",NA
1982,"Mid-Columbia Sum","Agency Goal",NA
1983,"Mid-Columbia Sum","PSC-Agreed Goal",NA
1983,"Mid-Columbia Sum","Agency Goal",NA
1984,"Mid-Columbia Sum","PSC-Agreed Goal",NA
1984,"Mid-Columbia Sum","Agency Goal",NA
1985,"Mid-Columbia Sum","PSC-Agreed Goal",NA
1985,"Mid-Columbia Sum","Agency Goal",NA
1986,"Mid-Columbia Sum","PSC-Agreed Goal",NA
1986,"Mid-Columbia Sum","Agency Goal",NA
1987,"Mid-Columbia Sum","PSC-Agreed Goal",NA
1987,"Mid-Columbia Sum","Agency Goal",NA
1988,"Mid-Columbia Sum","PSC-Agreed Goal",NA
1988,"Mid-Columbia Sum","Agency Goal",NA
1989,"Mid-Columbia Sum","PSC-Agreed Goal",NA
1989,"Mid-Columbia Sum","Agency Goal",NA
1990,"Mid-Columbia Sum","PSC-Agreed Goal",NA
1990,"Mid-Columbia Sum","Agency Goal",NA
1991,"Mid-Columbia Sum","PSC-Agreed Goal",NA
1991,"Mid-Columbia Sum","Agency Goal",NA
1992,"Mid-Columbia Sum","PSC-Agreed Goal",NA
1992,"Mid-Columbia Sum","Agency Goal",NA
1993,"Mid-Columbia Sum","PSC-Agreed Goal",NA
1993,"Mid-Columbia Sum","Agency Goal",NA
1994,"Mid-Columbia Sum","PSC-Agreed Goal",NA
1994,"Mid-Columbia Sum","Agency Goal",NA
1995,"Mid-Columbia Sum","PSC-Agreed Goal",NA
1995,"Mid-Columbia Sum","Agency Goal",NA
1996,"Mid-Columbia Sum","PSC-Agreed Goal",NA
1996,"Mid-Columbia Sum","Agency Goal",NA
1997,"Mid-Columbia Sum","PSC-Agreed Goal",NA
1997,"Mid-Columbia Sum","Agency Goal",NA
1998,"Mid-Columbia Sum","PSC-Agreed Goal",NA
1998,"Mid-Columbia Sum","Agency Goal",NA
1999,"Mid-Columbia Sum","PSC-Agreed Goal",12143
1999,"Mid-Columbia Sum","Agency Goal",NA
2000,"Mid-Columbia Sum","PSC-Agreed Goal",12143
2000,"Mid-Columbia Sum","Agency Goal",NA
2001,"Mid-Columbia Sum","PSC-Agreed Goal",12143
2001,"Mid-Columbia Sum","Agency Goal",NA
2002,"Mid-Columbia Sum","PSC-Agreed Goal",12143
2002,"Mid-Columbia Sum","Agency Goal",NA
2003,"Mid-Columbia Sum","PSC-Agreed Goal",12143
2003,"Mid-Columbia Sum","Agency Goal",NA
2004,"Mid-Columbia Sum","PSC-Agreed Goal",12143
2004,"Mid-Columbia Sum","Agency Goal",NA
2005,"Mid-Columbia Sum","PSC-Agreed Goal",12143
2005,"Mid-Columbia Sum","Agency Goal",NA
2006,"Mid-Columbia Sum","PSC-Agreed Goal",12143
2006,"Mid-Columbia Sum","Agency Goal",NA
2007,"Mid-Columbia Sum","PSC-Agreed Goal",12143
2007,"Mid-Columbia Sum","Agency Goal",NA
2008,"Mid-Columbia Sum","PSC-Agreed Goal",12143
2008,"Mid-Columbia Sum","Agency Goal",NA
2009,"Mid-Columbia Sum","PSC-Agreed Goal",12143
2009,"Mid-Columbia Sum","Agency Goal",NA
2010,"Mid-Columbia Sum","PSC-Agreed Goal",12143
2010,"Mid-Columbia Sum","Agency Goal",NA
2011,"Mid-Columbia Sum","PSC-Agreed Goal",12143
2011,"Mid-Columbia Sum","Agency Goal",NA
2012,"Mid-Columbia Sum","PSC-Agreed Goal",12143
2012,"Mid-Columbia Sum","Agency Goal",NA
2013,"Mid-Columbia Sum","PSC-Agreed Goal",12143
2013,"Mid-Columbia Sum","Agency Goal",NA
2014,"Mid-Columbia Sum","PSC-Agreed Goal",12143
2014,"Mid-Columbia Sum","Agency Goal",NA
2015,"Mid-Columbia Sum","PSC-Agreed Goal",12143
2015,"Mid-Columbia Sum","Agency Goal",NA
2016,"Mid-Columbia Sum","PSC-Agreed Goal",12143
2016,"Mid-Columbia Sum","Agency Goal",NA
2017,"Mid-Columbia Sum","PSC-Agreed Goal",12143
2017,"Mid-Columbia Sum","Agency Goal",NA
2018,"Mid-Columbia Sum","PSC-Agreed Goal",12143
2018,"Mid-Columbia Sum","Agency Goal",NA
2019,"Mid-Columbia Sum","PSC-Agreed Goal",12143
2019,"Mid-Columbia Sum","Agency Goal",NA
2020,"Mid-Columbia Sum","PSC-Agreed Goal",12143
2020,"Mid-Columbia Sum","Agency Goal",NA
2021,"Mid-Columbia Sum","PSC-Agreed Goal",12143
2021,"Mid-Columbia Sum","Agency Goal",NA
2022,"Mid-Columbia Sum","PSC-Agreed Goal",12143
2022,"Mid-Columbia Sum","Agency Goal",NA
1975,"Columbia Upriver Brights","PSC-Agreed Goal",NA
1975,"Columbia Upriver Brights","Agency Goal",40000
1976,"Columbia Upriver Brights","PSC-Agreed Goal",NA
1976,"Columbia Upriver Brights","Agency Goal",40000
1977,"Columbia Upriver Brights","PSC-Agreed Goal",NA
1977,"Columbia Upriver Brights","Agency Goal",40000
1978,"Columbia Upriver Brights","PSC-Agreed Goal",NA
1978,"Columbia Upriver Brights","Agency Goal",40000
1979,"Columbia Upriver Brights","PSC-Agreed Goal",NA
1979,"Columbia Upriver Brights","Agency Goal",40000
1980,"Columbia Upriver Brights","PSC-Agreed Goal",NA
1980,"Columbia Upriver Brights","Agency Goal",40000
1981,"Columbia Upriver Brights","PSC-Agreed Goal",NA
1981,"Columbia Upriver Brights","Agency Goal",40000
1982,"Columbia Upriver Brights","PSC-Agreed Goal",NA
1982,"Columbia Upriver Brights","Agency Goal",40000
1983,"Columbia Upriver Brights","PSC-Agreed Goal",NA
1983,"Columbia Upriver Brights","Agency Goal",40000
1984,"Columbia Upriver Brights","PSC-Agreed Goal",NA
1984,"Columbia Upriver Brights","Agency Goal",40000
1985,"Columbia Upriver Brights","PSC-Agreed Goal",NA
1985,"Columbia Upriver Brights","Agency Goal",40000
1986,"Columbia Upriver Brights","PSC-Agreed Goal",NA
1986,"Columbia Upriver Brights","Agency Goal",40000
1987,"Columbia Upriver Brights","PSC-Agreed Goal",NA
1987,"Columbia Upriver Brights","Agency Goal",40000
1988,"Columbia Upriver Brights","PSC-Agreed Goal",NA
1988,"Columbia Upriver Brights","Agency Goal",40000
1989,"Columbia Upriver Brights","PSC-Agreed Goal",NA
1989,"Columbia Upriver Brights","Agency Goal",40000
1990,"Columbia Upriver Brights","PSC-Agreed Goal",NA
1990,"Columbia Upriver Brights","Agency Goal",40000
1991,"Columbia Upriver Brights","PSC-Agreed Goal",NA
1991,"Columbia Upriver Brights","Agency Goal",40000
1992,"Columbia Upriver Brights","PSC-Agreed Goal",NA
1992,"Columbia Upriver Brights","Agency Goal",40000
1993,"Columbia Upriver Brights","PSC-Agreed Goal",NA
1993,"Columbia Upriver Brights","Agency Goal",40000
1994,"Columbia Upriver Brights","PSC-Agreed Goal",NA
1994,"Columbia Upriver Brights","Agency Goal",40000
1995,"Columbia Upriver Brights","PSC-Agreed Goal",NA
1995,"Columbia Upriver Brights","Agency Goal",40000
1996,"Columbia Upriver Brights","PSC-Agreed Goal",NA
1996,"Columbia Upriver Brights","Agency Goal",40000
1997,"Columbia Upriver Brights","PSC-Agreed Goal",NA
1997,"Columbia Upriver Brights","Agency Goal",40000
1998,"Columbia Upriver Brights","PSC-Agreed Goal",NA
1998,"Columbia Upriver Brights","Agency Goal",40000
1999,"Columbia Upriver Brights","PSC-Agreed Goal",NA
1999,"Columbia Upriver Brights","Agency Goal",40000
2000,"Columbia Upriver Brights","PSC-Agreed Goal",NA
2000,"Columbia Upriver Brights","Agency Goal",40000
2001,"Columbia Upriver Brights","PSC-Agreed Goal",NA
2001,"Columbia Upriver Brights","Agency Goal",40000
2002,"Columbia Upriver Brights","PSC-Agreed Goal",40000
2002,"Columbia Upriver Brights","Agency Goal",NA
2003,"Columbia Upriver Brights","PSC-Agreed Goal",40000
2003,"Columbia Upriver Brights","Agency Goal",NA
2004,"Columbia Upriver Brights","PSC-Agreed Goal",40000
2004,"Columbia Upriver Brights","Agency Goal",NA
2005,"Columbia Upriver Brights","PSC-Agreed Goal",40000
2005,"Columbia Upriver Brights","Agency Goal",NA
2006,"Columbia Upriver Brights","PSC-Agreed Goal",40000
2006,"Columbia Upriver Brights","Agency Goal",NA
2007,"Columbia Upriver Brights","PSC-Agreed Goal",40000
2007,"Columbia Upriver Brights","Agency Goal",NA
2008,"Columbia Upriver Brights","PSC-Agreed Goal",40000
2008,"Columbia Upriver Brights","Agency Goal",NA
2009,"Columbia Upriver Brights","PSC-Agreed Goal",40000
2009,"Columbia Upriver Brights","Agency Goal",NA
2010,"Columbia Upriver Brights","PSC-Agreed Goal",40000
2010,"Columbia Upriver Brights","Agency Goal",NA
2011,"Columbia Upriver Brights","PSC-Agreed Goal",40000
2011,"Columbia Upriver Brights","Agency Goal",NA
2012,"Columbia Upriver Brights","PSC-Agreed Goal",40000
2012,"Columbia Upriver Brights","Agency Goal",NA
2013,"Columbia Upriver Brights","PSC-Agreed Goal",40000
2013,"Columbia Upriver Brights","Agency Goal",NA
2014,"Columbia Upriver Brights","PSC-Agreed Goal",40000
2014,"Columbia Upriver Brights","Agency Goal",NA
2015,"Columbia Upriver Brights","PSC-Agreed Goal",40000
2015,"Columbia Upriver Brights","Agency Goal",NA
2016,"Columbia Upriver Brights","PSC-Agreed Goal",40000
2016,"Columbia Upriver Brights","Agency Goal",NA
2017,"Columbia Upriver Brights","PSC-Agreed Goal",40000
2017,"Columbia Upriver Brights","Agency Goal",NA
2018,"Columbia Upriver Brights","PSC-Agreed Goal",40000
2018,"Columbia Upriver Brights","Agency Goal",NA
2019,"Columbia Upriver Brights","PSC-Agreed Goal",40000
2019,"Columbia Upriver Brights","Agency Goal",NA
2020,"Columbia Upriver Brights","PSC-Agreed Goal",40000
2020,"Columbia Upriver Brights","Agency Goal",NA
2021,"Columbia Upriver Brights","PSC-Agreed Goal",40000
2021,"Columbia Upriver Brights","Agency Goal",NA
2022,"Columbia Upriver Brights","PSC-Agreed Goal",40000
2022,"Columbia Upriver Brights","Agency Goal",NA
1975,"Coweeman","Agency Goal",NA
1976,"Coweeman","Agency Goal",NA
1977,"Coweeman","Agency Goal",NA
1978,"Coweeman","Agency Goal",NA
1979,"Coweeman","Agency Goal",NA
1980,"Coweeman","Agency Goal",NA
1981,"Coweeman","Agency Goal",NA
1982,"Coweeman","Agency Goal",NA
1983,"Coweeman","Agency Goal",NA
1984,"Coweeman","Agency Goal",NA
1985,"Coweeman","Agency Goal",NA
1986,"Coweeman","Agency Goal",NA
1987,"Coweeman","Agency Goal",NA
1988,"Coweeman","Agency Goal",NA
1989,"Coweeman","Agency Goal",NA
1990,"Coweeman","Agency Goal",NA
1991,"Coweeman","Agency Goal",NA
1992,"Coweeman","Agency Goal",NA
1993,"Coweeman","Agency Goal",NA
1994,"Coweeman","Agency Goal",NA
1995,"Coweeman","Agency Goal",NA
1996,"Coweeman","Agency Goal",NA
1997,"Coweeman","Agency Goal",NA
1998,"Coweeman","Agency Goal",NA
1999,"Coweeman","Agency Goal",1000
2000,"Coweeman","Agency Goal",1000
2001,"Coweeman","Agency Goal",1000
2002,"Coweeman","Agency Goal",1000
2003,"Coweeman","Agency Goal",1000
2004,"Coweeman","Agency Goal",1000
2005,"Coweeman","Agency Goal",1000
2006,"Coweeman","Agency Goal",1000
2007,"Coweeman","Agency Goal",1000
2008,"Coweeman","Agency Goal",1000
2009,"Coweeman","Agency Goal",1000
2010,"Coweeman","Agency Goal",1000
2011,"Coweeman","Agency Goal",1000
2012,"Coweeman","Agency Goal",1000
2013,"Coweeman","Agency Goal",1000
2014,"Coweeman","Agency Goal",1000
2015,"Coweeman","Agency Goal",1000
2016,"Coweeman","Agency Goal",1000
2017,"Coweeman","Agency Goal",1000
2018,"Coweeman","Agency Goal",1000
2019,"Coweeman","Agency Goal",1000
2020,"Coweeman","Agency Goal",1000
2021,"Coweeman","Agency Goal",1000
2022,"Coweeman","Agency Goal",1000
1975,"Lewis","PSC-Agreed Goal",NA
1975,"Lewis","Agency Goal",5700
1976,"Lewis","PSC-Agreed Goal",NA
1976,"Lewis","Agency Goal",5700
1977,"Lewis","PSC-Agreed Goal",NA
1977,"Lewis","Agency Goal",5700
1978,"Lewis","PSC-Agreed Goal",NA
1978,"Lewis","Agency Goal",5700
1979,"Lewis","PSC-Agreed Goal",NA
1979,"Lewis","Agency Goal",5700
1980,"Lewis","PSC-Agreed Goal",NA
1980,"Lewis","Agency Goal",5700
1981,"Lewis","PSC-Agreed Goal",NA
1981,"Lewis","Agency Goal",5700
1982,"Lewis","PSC-Agreed Goal",NA
1982,"Lewis","Agency Goal",5700
1983,"Lewis","PSC-Agreed Goal",NA
1983,"Lewis","Agency Goal",5700
1984,"Lewis","PSC-Agreed Goal",NA
1984,"Lewis","Agency Goal",5700
1985,"Lewis","PSC-Agreed Goal",NA
1985,"Lewis","Agency Goal",5700
1986,"Lewis","PSC-Agreed Goal",NA
1986,"Lewis","Agency Goal",5700
1987,"Lewis","PSC-Agreed Goal",NA
1987,"Lewis","Agency Goal",5700
1988,"Lewis","PSC-Agreed Goal",NA
1988,"Lewis","Agency Goal",5700
1989,"Lewis","PSC-Agreed Goal",NA
1989,"Lewis","Agency Goal",5700
1990,"Lewis","PSC-Agreed Goal",NA
1990,"Lewis","Agency Goal",5700
1991,"Lewis","PSC-Agreed Goal",NA
1991,"Lewis","Agency Goal",5700
1992,"Lewis","PSC-Agreed Goal",NA
1992,"Lewis","Agency Goal",5700
1993,"Lewis","PSC-Agreed Goal",NA
1993,"Lewis","Agency Goal",5700
1994,"Lewis","PSC-Agreed Goal",NA
1994,"Lewis","Agency Goal",5700
1995,"Lewis","PSC-Agreed Goal",NA
1995,"Lewis","Agency Goal",5700
1996,"Lewis","PSC-Agreed Goal",NA
1996,"Lewis","Agency Goal",5700
1997,"Lewis","PSC-Agreed Goal",NA
1997,"Lewis","Agency Goal",5700
1998,"Lewis","PSC-Agreed Goal",NA
1998,"Lewis","Agency Goal",5700
1999,"Lewis","PSC-Agreed Goal",5700
1999,"Lewis","Agency Goal",NA
2000,"Lewis","PSC-Agreed Goal",5700
2000,"Lewis","Agency Goal",NA
2001,"Lewis","PSC-Agreed Goal",5700
2001,"Lewis","Agency Goal",NA
2002,"Lewis","PSC-Agreed Goal",5700
2002,"Lewis","Agency Goal",NA
2003,"Lewis","PSC-Agreed Goal",5700
2003,"Lewis","Agency Goal",NA
2004,"Lewis","PSC-Agreed Goal",5700
2004,"Lewis","Agency Goal",NA
2005,"Lewis","PSC-Agreed Goal",5700
2005,"Lewis","Agency Goal",NA
2006,"Lewis","PSC-Agreed Goal",5700
2006,"Lewis","Agency Goal",NA
2007,"Lewis","PSC-Agreed Goal",5700
2007,"Lewis","Agency Goal",NA
2008,"Lewis","PSC-Agreed Goal",5700
2008,"Lewis","Agency Goal",NA
2009,"Lewis","PSC-Agreed Goal",5700
2009,"Lewis","Agency Goal",NA
2010,"Lewis","PSC-Agreed Goal",5700
2010,"Lewis","Agency Goal",NA
2011,"Lewis","PSC-Agreed Goal",5700
2011,"Lewis","Agency Goal",NA
2012,"Lewis","PSC-Agreed Goal",5700
2012,"Lewis","Agency Goal",NA
2013,"Lewis","PSC-Agreed Goal",5700
2013,"Lewis","Agency Goal",NA
2014,"Lewis","PSC-Agreed Goal",5700
2014,"Lewis","Agency Goal",NA
2015,"Lewis","PSC-Agreed Goal",5700
2015,"Lewis","Agency Goal",NA
2016,"Lewis","PSC-Agreed Goal",5700
2016,"Lewis","Agency Goal",NA
2017,"Lewis","PSC-Agreed Goal",5700
2017,"Lewis","Agency Goal",NA
2018,"Lewis","PSC-Agreed Goal",5700
2018,"Lewis","Agency Goal",NA
2019,"Lewis","PSC-Agreed Goal",5700
2019,"Lewis","Agency Goal",NA
2020,"Lewis","PSC-Agreed Goal",5700
2020,"Lewis","Agency Goal",NA
2021,"Lewis","PSC-Agreed Goal",5700
2021,"Lewis","Agency Goal",NA
2022,"Lewis","PSC-Agreed Goal",5700
2022,"Lewis","Agency Goal",NA
1975,"Nehalem R.","PSC-Agreed Goal",NA
1975,"Nehalem R.","Agency Goal",NA
1976,"Nehalem R.","PSC-Agreed Goal",NA
1976,"Nehalem R.","Agency Goal",NA
1977,"Nehalem R.","PSC-Agreed Goal",NA
1977,"Nehalem R.","Agency Goal",NA
1978,"Nehalem R.","PSC-Agreed Goal",NA
1978,"Nehalem R.","Agency Goal",NA
1979,"Nehalem R.","PSC-Agreed Goal",NA
1979,"Nehalem R.","Agency Goal",NA
1980,"Nehalem R.","PSC-Agreed Goal",NA
1980,"Nehalem R.","Agency Goal",NA
1981,"Nehalem R.","PSC-Agreed Goal",NA
1981,"Nehalem R.","Agency Goal",NA
1982,"Nehalem R.","PSC-Agreed Goal",NA
1982,"Nehalem R.","Agency Goal",NA
1983,"Nehalem R.","PSC-Agreed Goal",NA
1983,"Nehalem R.","Agency Goal",NA
1984,"Nehalem R.","PSC-Agreed Goal",NA
1984,"Nehalem R.","Agency Goal",NA
1985,"Nehalem R.","PSC-Agreed Goal",NA
1985,"Nehalem R.","Agency Goal",NA
1986,"Nehalem R.","PSC-Agreed Goal",NA
1986,"Nehalem R.","Agency Goal",NA
1987,"Nehalem R.","PSC-Agreed Goal",NA
1987,"Nehalem R.","Agency Goal",NA
1988,"Nehalem R.","PSC-Agreed Goal",NA
1988,"Nehalem R.","Agency Goal",NA
1989,"Nehalem R.","PSC-Agreed Goal",NA
1989,"Nehalem R.","Agency Goal",NA
1990,"Nehalem R.","PSC-Agreed Goal",NA
1990,"Nehalem R.","Agency Goal",NA
1991,"Nehalem R.","PSC-Agreed Goal",NA
1991,"Nehalem R.","Agency Goal",NA
1992,"Nehalem R.","PSC-Agreed Goal",NA
1992,"Nehalem R.","Agency Goal",NA
1993,"Nehalem R.","PSC-Agreed Goal",NA
1993,"Nehalem R.","Agency Goal",NA
1994,"Nehalem R.","PSC-Agreed Goal",NA
1994,"Nehalem R.","Agency Goal",NA
1995,"Nehalem R.","PSC-Agreed Goal",NA
1995,"Nehalem R.","Agency Goal",NA
1996,"Nehalem R.","PSC-Agreed Goal",NA
1996,"Nehalem R.","Agency Goal",NA
1997,"Nehalem R.","PSC-Agreed Goal",NA
1997,"Nehalem R.","Agency Goal",NA
1998,"Nehalem R.","PSC-Agreed Goal",NA
1998,"Nehalem R.","Agency Goal",NA
1999,"Nehalem R.","PSC-Agreed Goal",6989
1999,"Nehalem R.","Agency Goal",NA
2000,"Nehalem R.","PSC-Agreed Goal",6989
2000,"Nehalem R.","Agency Goal",NA
2001,"Nehalem R.","PSC-Agreed Goal",6989
2001,"Nehalem R.","Agency Goal",NA
2002,"Nehalem R.","PSC-Agreed Goal",6989
2002,"Nehalem R.","Agency Goal",NA
2003,"Nehalem R.","PSC-Agreed Goal",6989
2003,"Nehalem R.","Agency Goal",NA
2004,"Nehalem R.","PSC-Agreed Goal",6989
2004,"Nehalem R.","Agency Goal",NA
2005,"Nehalem R.","PSC-Agreed Goal",6989
2005,"Nehalem R.","Agency Goal",NA
2006,"Nehalem R.","PSC-Agreed Goal",6989
2006,"Nehalem R.","Agency Goal",NA
2007,"Nehalem R.","PSC-Agreed Goal",6989
2007,"Nehalem R.","Agency Goal",NA
2008,"Nehalem R.","PSC-Agreed Goal",6989
2008,"Nehalem R.","Agency Goal",NA
2009,"Nehalem R.","PSC-Agreed Goal",6989
2009,"Nehalem R.","Agency Goal",NA
2010,"Nehalem R.","PSC-Agreed Goal",6989
2010,"Nehalem R.","Agency Goal",NA
2011,"Nehalem R.","PSC-Agreed Goal",6989
2011,"Nehalem R.","Agency Goal",NA
2012,"Nehalem R.","PSC-Agreed Goal",6989
2012,"Nehalem R.","Agency Goal",NA
2013,"Nehalem R.","PSC-Agreed Goal",6989
2013,"Nehalem R.","Agency Goal",NA
2014,"Nehalem R.","PSC-Agreed Goal",6989
2014,"Nehalem R.","Agency Goal",NA
2015,"Nehalem R.","PSC-Agreed Goal",6989
2015,"Nehalem R.","Agency Goal",NA
2016,"Nehalem R.","PSC-Agreed Goal",6989
2016,"Nehalem R.","Agency Goal",NA
2017,"Nehalem R.","PSC-Agreed Goal",6989
2017,"Nehalem R.","Agency Goal",NA
2018,"Nehalem R.","PSC-Agreed Goal",6989
2018,"Nehalem R.","Agency Goal",NA
2019,"Nehalem R.","PSC-Agreed Goal",6989
2019,"Nehalem R.","Agency Goal",NA
2020,"Nehalem R.","PSC-Agreed Goal",6989
2020,"Nehalem R.","Agency Goal",NA
2021,"Nehalem R.","PSC-Agreed Goal",6989
2021,"Nehalem R.","Agency Goal",NA
2022,"Nehalem R.","PSC-Agreed Goal",6989
2022,"Nehalem R.","Agency Goal",NA
1975,"Siletz Fall","PSC-Agreed Goal",NA
1975,"Siletz Fall","Agency Goal",NA
1976,"Siletz Fall","PSC-Agreed Goal",NA
1976,"Siletz Fall","Agency Goal",NA
1977,"Siletz Fall","PSC-Agreed Goal",NA
1977,"Siletz Fall","Agency Goal",NA
1978,"Siletz Fall","PSC-Agreed Goal",NA
1978,"Siletz Fall","Agency Goal",NA
1979,"Siletz Fall","PSC-Agreed Goal",NA
1979,"Siletz Fall","Agency Goal",NA
1980,"Siletz Fall","PSC-Agreed Goal",NA
1980,"Siletz Fall","Agency Goal",NA
1981,"Siletz Fall","PSC-Agreed Goal",NA
1981,"Siletz Fall","Agency Goal",NA
1982,"Siletz Fall","PSC-Agreed Goal",NA
1982,"Siletz Fall","Agency Goal",NA
1983,"Siletz Fall","PSC-Agreed Goal",NA
1983,"Siletz Fall","Agency Goal",NA
1984,"Siletz Fall","PSC-Agreed Goal",NA
1984,"Siletz Fall","Agency Goal",NA
1985,"Siletz Fall","PSC-Agreed Goal",NA
1985,"Siletz Fall","Agency Goal",NA
1986,"Siletz Fall","PSC-Agreed Goal",NA
1986,"Siletz Fall","Agency Goal",NA
1987,"Siletz Fall","PSC-Agreed Goal",NA
1987,"Siletz Fall","Agency Goal",NA
1988,"Siletz Fall","PSC-Agreed Goal",NA
1988,"Siletz Fall","Agency Goal",NA
1989,"Siletz Fall","PSC-Agreed Goal",NA
1989,"Siletz Fall","Agency Goal",NA
1990,"Siletz Fall","PSC-Agreed Goal",NA
1990,"Siletz Fall","Agency Goal",NA
1991,"Siletz Fall","PSC-Agreed Goal",NA
1991,"Siletz Fall","Agency Goal",NA
1992,"Siletz Fall","PSC-Agreed Goal",NA
1992,"Siletz Fall","Agency Goal",NA
1993,"Siletz Fall","PSC-Agreed Goal",NA
1993,"Siletz Fall","Agency Goal",NA
1994,"Siletz Fall","PSC-Agreed Goal",NA
1994,"Siletz Fall","Agency Goal",NA
1995,"Siletz Fall","PSC-Agreed Goal",NA
1995,"Siletz Fall","Agency Goal",NA
1996,"Siletz Fall","PSC-Agreed Goal",NA
1996,"Siletz Fall","Agency Goal",NA
1997,"Siletz Fall","PSC-Agreed Goal",NA
1997,"Siletz Fall","Agency Goal",NA
1998,"Siletz Fall","PSC-Agreed Goal",NA
1998,"Siletz Fall","Agency Goal",NA
1999,"Siletz Fall","PSC-Agreed Goal",2944
1999,"Siletz Fall","Agency Goal",NA
2000,"Siletz Fall","PSC-Agreed Goal",2944
2000,"Siletz Fall","Agency Goal",NA
2001,"Siletz Fall","PSC-Agreed Goal",2944
2001,"Siletz Fall","Agency Goal",NA
2002,"Siletz Fall","PSC-Agreed Goal",2944
2002,"Siletz Fall","Agency Goal",NA
2003,"Siletz Fall","PSC-Agreed Goal",2944
2003,"Siletz Fall","Agency Goal",NA
2004,"Siletz Fall","PSC-Agreed Goal",2944
2004,"Siletz Fall","Agency Goal",NA
2005,"Siletz Fall","PSC-Agreed Goal",2944
2005,"Siletz Fall","Agency Goal",NA
2006,"Siletz Fall","PSC-Agreed Goal",2944
2006,"Siletz Fall","Agency Goal",NA
2007,"Siletz Fall","PSC-Agreed Goal",2944
2007,"Siletz Fall","Agency Goal",NA
2008,"Siletz Fall","PSC-Agreed Goal",2944
2008,"Siletz Fall","Agency Goal",NA
2009,"Siletz Fall","PSC-Agreed Goal",2944
2009,"Siletz Fall","Agency Goal",NA
2010,"Siletz Fall","PSC-Agreed Goal",2944
2010,"Siletz Fall","Agency Goal",NA
2011,"Siletz Fall","PSC-Agreed Goal",2944
2011,"Siletz Fall","Agency Goal",NA
2012,"Siletz Fall","PSC-Agreed Goal",2944
2012,"Siletz Fall","Agency Goal",NA
2013,"Siletz Fall","PSC-Agreed Goal",2944
2013,"Siletz Fall","Agency Goal",NA
2014,"Siletz Fall","PSC-Agreed Goal",2944
2014,"Siletz Fall","Agency Goal",NA
2015,"Siletz Fall","PSC-Agreed Goal",2944
2015,"Siletz Fall","Agency Goal",NA
2016,"Siletz Fall","PSC-Agreed Goal",2944
2016,"Siletz Fall","Agency Goal",NA
2017,"Siletz Fall","PSC-Agreed Goal",2944
2017,"Siletz Fall","Agency Goal",NA
2018,"Siletz Fall","PSC-Agreed Goal",2944
2018,"Siletz Fall","Agency Goal",NA
2019,"Siletz Fall","PSC-Agreed Goal",2944
2019,"Siletz Fall","Agency Goal",NA
2020,"Siletz Fall","PSC-Agreed Goal",2944
2020,"Siletz Fall","Agency Goal",NA
2021,"Siletz Fall","PSC-Agreed Goal",2944
2021,"Siletz Fall","Agency Goal",NA
2022,"Siletz Fall","PSC-Agreed Goal",2944
2022,"Siletz Fall","Agency Goal",NA
1975,"Siuslaw R.","PSC-Agreed Goal",NA
1975,"Siuslaw R.","Agency Goal",NA
1976,"Siuslaw R.","PSC-Agreed Goal",NA
1976,"Siuslaw R.","Agency Goal",NA
1977,"Siuslaw R.","PSC-Agreed Goal",NA
1977,"Siuslaw R.","Agency Goal",NA
1978,"Siuslaw R.","PSC-Agreed Goal",NA
1978,"Siuslaw R.","Agency Goal",NA
1979,"Siuslaw R.","PSC-Agreed Goal",NA
1979,"Siuslaw R.","Agency Goal",NA
1980,"Siuslaw R.","PSC-Agreed Goal",NA
1980,"Siuslaw R.","Agency Goal",NA
1981,"Siuslaw R.","PSC-Agreed Goal",NA
1981,"Siuslaw R.","Agency Goal",NA
1982,"Siuslaw R.","PSC-Agreed Goal",NA
1982,"Siuslaw R.","Agency Goal",NA
1983,"Siuslaw R.","PSC-Agreed Goal",NA
1983,"Siuslaw R.","Agency Goal",NA
1984,"Siuslaw R.","PSC-Agreed Goal",NA
1984,"Siuslaw R.","Agency Goal",NA
1985,"Siuslaw R.","PSC-Agreed Goal",NA
1985,"Siuslaw R.","Agency Goal",NA
1986,"Siuslaw R.","PSC-Agreed Goal",NA
1986,"Siuslaw R.","Agency Goal",NA
1987,"Siuslaw R.","PSC-Agreed Goal",NA
1987,"Siuslaw R.","Agency Goal",NA
1988,"Siuslaw R.","PSC-Agreed Goal",NA
1988,"Siuslaw R.","Agency Goal",NA
1989,"Siuslaw R.","PSC-Agreed Goal",NA
1989,"Siuslaw R.","Agency Goal",NA
1990,"Siuslaw R.","PSC-Agreed Goal",NA
1990,"Siuslaw R.","Agency Goal",NA
1991,"Siuslaw R.","PSC-Agreed Goal",NA
1991,"Siuslaw R.","Agency Goal",NA
1992,"Siuslaw R.","PSC-Agreed Goal",NA
1992,"Siuslaw R.","Agency Goal",NA
1993,"Siuslaw R.","PSC-Agreed Goal",NA
1993,"Siuslaw R.","Agency Goal",NA
1994,"Siuslaw R.","PSC-Agreed Goal",NA
1994,"Siuslaw R.","Agency Goal",NA
1995,"Siuslaw R.","PSC-Agreed Goal",NA
1995,"Siuslaw R.","Agency Goal",NA
1996,"Siuslaw R.","PSC-Agreed Goal",NA
1996,"Siuslaw R.","Agency Goal",NA
1997,"Siuslaw R.","PSC-Agreed Goal",NA
1997,"Siuslaw R.","Agency Goal",NA
1998,"Siuslaw R.","PSC-Agreed Goal",NA
1998,"Siuslaw R.","Agency Goal",NA
1999,"Siuslaw R.","PSC-Agreed Goal",12925
1999,"Siuslaw R.","Agency Goal",NA
2000,"Siuslaw R.","PSC-Agreed Goal",12925
2000,"Siuslaw R.","Agency Goal",NA
2001,"Siuslaw R.","PSC-Agreed Goal",12925
2001,"Siuslaw R.","Agency Goal",NA
2002,"Siuslaw R.","PSC-Agreed Goal",12925
2002,"Siuslaw R.","Agency Goal",NA
2003,"Siuslaw R.","PSC-Agreed Goal",12925
2003,"Siuslaw R.","Agency Goal",NA
2004,"Siuslaw R.","PSC-Agreed Goal",12925
2004,"Siuslaw R.","Agency Goal",NA
2005,"Siuslaw R.","PSC-Agreed Goal",12925
2005,"Siuslaw R.","Agency Goal",NA
2006,"Siuslaw R.","PSC-Agreed Goal",12925
2006,"Siuslaw R.","Agency Goal",NA
2007,"Siuslaw R.","PSC-Agreed Goal",12925
2007,"Siuslaw R.","Agency Goal",NA
2008,"Siuslaw R.","PSC-Agreed Goal",12925
2008,"Siuslaw R.","Agency Goal",NA
2009,"Siuslaw R.","PSC-Agreed Goal",12925
2009,"Siuslaw R.","Agency Goal",NA
2010,"Siuslaw R.","PSC-Agreed Goal",12925
2010,"Siuslaw R.","Agency Goal",NA
2011,"Siuslaw R.","PSC-Agreed Goal",12925
2011,"Siuslaw R.","Agency Goal",NA
2012,"Siuslaw R.","PSC-Agreed Goal",12925
2012,"Siuslaw R.","Agency Goal",NA
2013,"Siuslaw R.","PSC-Agreed Goal",12925
2013,"Siuslaw R.","Agency Goal",NA
2014,"Siuslaw R.","PSC-Agreed Goal",12925
2014,"Siuslaw R.","Agency Goal",NA
2015,"Siuslaw R.","PSC-Agreed Goal",12925
2015,"Siuslaw R.","Agency Goal",NA
2016,"Siuslaw R.","PSC-Agreed Goal",12925
2016,"Siuslaw R.","Agency Goal",NA
2017,"Siuslaw R.","PSC-Agreed Goal",12925
2017,"Siuslaw R.","Agency Goal",NA
2018,"Siuslaw R.","PSC-Agreed Goal",12925
2018,"Siuslaw R.","Agency Goal",NA
2019,"Siuslaw R.","PSC-Agreed Goal",12925
2019,"Siuslaw R.","Agency Goal",NA
2020,"Siuslaw R.","PSC-Agreed Goal",12925
2020,"Siuslaw R.","Agency Goal",NA
2021,"Siuslaw R.","PSC-Agreed Goal",12925
2021,"Siuslaw R.","Agency Goal",NA
2022,"Siuslaw R.","PSC-Agreed Goal",12925
2022,"Siuslaw R.","Agency Goal",NA
2023,"Situk","Esc",144
2023,"Alsek","Esc",4185
2023,"Taku","Esc",14571
2023,"Stikine","Esc",12795
2023,"Chilkat","Esc",2234
2023,"Unuk","Esc",2072
2023,"Nass","Esc",13538
2023,"Skeena","Esc Index",NA
2023,"Skeena","GSI Esc",26044
2023,"Kitsumkalum","Esc",4944
2023,"Wannock","Esc",3969
2023,"Chuckwalla + Killbella","Esc",183
2023,"Atnarko Wild","Calib. Wild Adult Esc",NA
2023,"Atnarko Wild","MR Wild Adult Esc",6903
2023,"WCVI 14 Stream Index","Esc",25052
2023,"North West Vancouver Island","Colonial-Cayeagle",382
2023,"North West Vancouver Island","Artlish",104
2023,"North West Vancouver Island","Kaouk",355
2023,"North West Vancouver Island","Tahsish",904
2023,"North West Vancouver Island","NWVI Total",1745
2023,"South West Vancouver Island","Bedwell/Ursus",308
2023,"South West Vancouver Island","Megin",71
2023,"South West Vancouver Island","Moyeha",228
2023,"South West Vancouver Island","SWVI Total",607
2023,"Cowichan","Esc",19855
2023,"Phillips","Esc",3277
2023,"Chilko","Calib. Total Adult Esc",NA
2023,"Chilko","Esc (MR)",7091
2023,"Nanaimo","Esc (Swim/Visual)",NA
2023,"Nanaimo","Esc (AUC & MR)",5907
2023,"Fraser Sp 1.2","Esc",13665
2023,"Nicola Sp 1.2","MR Total Adult Esc",4482
2023,"Nicola Sp 1.2","Calib. Total Adult Esc",NA
2023,"Fraser Sp 1.3","Esc",16478
2023,"Lower Chilcotin","EC Total Adult Esc",1707
2023,"Lower Chilcotin","Calib. Total Adult Esc",NA
2023,"Fraser Sum 1.3","Esc",19247
2023,"Fraser Sum 0.3","Esc",627350
2023,"Lower Shuswap","Calib. Total Adult Esc",NA
2023,"Lower Shuswap","Esc (MR)",74517
2023,"Harrison","Esc",146498
2023,"Skagit Spr","Esc (Peak Ct)",NA
2023,"Skagit Spr","Esc (Redd Ct)",1184
2023,"Skagit SumFall","Esc",11788
2023,"Stillaguamish","Esc (Redd Ct)",541
2023,"Stillaguamish","Esc (tGMR)",792
2023,"Snohomish","Esc",2843
2023,"Snohomish","Esc (tGMR)",NA
2023,"Green","Esc (Redd Ct)",1713
2023,"Green","Esc (tGMR)",NA
2023,"Nooksack","Total Esc",4205
2023,"Nooksack","Total Nat. Origin Esc",348
2023,"Nooksack","Esc (tGMR)",NA
2023,"Lake Washington","Esc",794
2023,"Hoko","Esc",4018
2023,"Quillayute Sum","Esc",2087
2023,"Quillayute Fall","Esc",6682
2023,"Hoh Spr Sum","Esc",980
2023,"Hoh Fall","Esc",2323
2023,"Queets SprSum","Esc",540
2023,"Queets Fall","Esc",2058
2023,"Grays Harbor Spr","Esc",2175
2023,"Grays Harbor Fall","Esc",10943
2023,"Mid-Columbia Sum","Esc",49410
2023,"Lewis","Esc",7607
2023,"Coweeman","Traditional Esc",478
2023,"Coweeman","PSC Study Esc",NA
2023,"Nehalem R.","Esc",9095
2023,"Siletz Fall","Esc",6220
2023,"Siuslaw R.","Esc",10029
2023,"South Umpqua","Esc (Normative Redd Ct)",NA
2023,"South Umpqua","Esc (Redd or Carcass Ct w MR)",3923.66088867188
2023,"Coquille","Esc (MR Calib.)",633.071411132812
2023,"Nehalem R.","Esc (MR Calib.)",12649.30078125
2023,"Siletz Fall","Esc (MR Calib.)",14490
2023,"Siuslaw R.","Esc (MR Calib.)",7355.27392578125
2023,"Situk","Lower Esc Goal",NA
2023,"Situk","Upper Esc Goal",NA
2023,"Situk","Lower PSC Goal",500
2023,"Situk","Upper PSC Goal",1000
2023,"Alsek","Lower Esc Goal",NA
2023,"Alsek","Upper Esc Goal",NA
2023,"Alsek","Lower PSC Goal",3500
2023,"Alsek","Upper PSC Goal",5300
2023,"Taku","Lower Esc Goal",NA
2023,"Taku","Upper Esc Goal",NA
2023,"Taku","Lower PSC Goal",19000
2023,"Taku","Upper PSC Goal",36000
2023,"Stikine","Lower Esc Goal",NA
2023,"Stikine","Upper Esc Goal",NA
2023,"Stikine","Lower PSC Goal",14000
2023,"Stikine","Upper PSC Goal",28000
2023,"Chilkat","Lower Esc Goal",NA
2023,"Chilkat","Upper Esc Goal",NA
2023,"Chilkat","Lower PSC Goal",1750
2023,"Chilkat","Upper PSC Goal",3500
2023,"Unuk","Lower Esc Goal",NA
2023,"Unuk","Upper Esc Goal",NA
2023,"Unuk","Lower PSC Goal",1800
2023,"Unuk","Upper PSC Goal",3800
2023,"Nass","Smsy",16500
2023,"Kitsumkalum","Smsy",5214
2023,"Atnarko Wild","PSC-Agreed Goal",5009
2023,"Atnarko Wild","Smsy",5009
2023,"Cowichan","Agency Goal",NA
2023,"Cowichan","PSC Goal",6500
2023,"Nanaimo","Smsy",3000
2023,"Nicola Sp 1.2","Smsy",6600
2023,"Lower Chilcotin","Smsy",4400
2023,"Chilko","Smsy",4500
2023,"Lower Shuswap","Pre-PSC Goal: Calib. Total Adult Esc",NA
2023,"Lower Shuswap","Pre-PSC Goal: MR Esc",NA
2023,"Lower Shuswap","PSC-Agreed Goal",12300
2023,"Lower Shuswap","Agency Goal",NA
2023,"Harrison","Lower PSC Goal",NA
2023,"Harrison","Upper PSC Goal",NA
2023,"Harrison","PSC-Agreed Goal",75100
2023,"Skagit Spr","PSC-Agreed Goal",690
2023,"Skagit Spr","Agency Goal",NA
2023,"Skagit SumFall","PSC-Agreed Goal",9202
2023,"Skagit SumFall","Agency Goal",NA
2023,"Snohomish","Agency Goal",3250
2023,"Green","Agency Goal",2744
2023,"Nooksack","Agency Goal Natural Origin",600
2023,"Lake Washington","Agency Goal",500
2023,"Hoko","Agency Goal",NA
2023,"Quillayute Sum","Agency Goal",1200
2023,"Quillayute Fall","PSC-Agreed Goal",3000
2023,"Quillayute Fall","Agency Goal",NA
2023,"Hoh Spr Sum","PSC-Agreed Goal",900
2023,"Hoh Spr Sum","Agency Goal",NA
2023,"Hoh Fall","PSC-Agreed Goal",1200
2023,"Hoh Fall","Agency Goal",NA
2023,"Queets SprSum","PSC-Agreed Goal",700
2023,"Queets SprSum","Agency Goal",NA
2023,"Queets Fall","PSC-Agreed Goal",2500
2023,"Queets Fall","Agency Goal",NA
2023,"Grays Harbor Spr","Agency Goal",1400
2023,"Grays Harbor Fall","PSC-Agreed Goal",13326
2023,"Grays Harbor Fall","Agency Goal",NA
2023,"Mid-Columbia Sum","PSC-Agreed Goal",12143
2023,"Mid-Columbia Sum","Agency Goal",NA
2023,"Columbia Upriver Brights","PSC-Agreed Goal",40000
2023,"Columbia Upriver Brights","Agency Goal",NA
2023,"Coweeman","Agency Goal",1000
2023,"Lewis","PSC-Agreed Goal",5700
2023,"Lewis","Agency Goal",NA
2023,"Nehalem R.","PSC-Agreed Goal",6989
2023,"Nehalem R.","Agency Goal",NA
2023,"Siletz Fall","PSC-Agreed Goal",2944
2023,"Siletz Fall","Agency Goal",NA
2023,"Siuslaw R.","PSC-Agreed Goal",12925
2023,"Siuslaw R.","Agency Goal",NA
2024,"Situk","Esc",517
2024,"Alsek","Esc",4771
2024,"Taku","Esc",24518
2024,"Stikine","Esc",9835
2024,"Chilkat","Esc",2070
2024,"Unuk","Esc",1980
2024,"Nass","Esc",11855
2024,"Skeena","Esc Index",NA
2024,"Skeena","GSI Esc",29883
2024,"Kitsumkalum","Esc",5451
2024,"Wannock","Esc",4422
2024,"Chuckwalla + Killbella","Esc",56
2024,"Atnarko Wild","Calib. Wild Adult Esc",NA
2024,"Atnarko Wild","MR Wild Adult Esc",10479
2024,"North West Vancouver Island","Colonial-Cayeagle",225
2024,"North West Vancouver Island","Artlish",183
2024,"North West Vancouver Island","Kaouk",290
2024,"North West Vancouver Island","Tahsish",1773
2024,"North West Vancouver Island","NWVI Total",2471
2024,"South West Vancouver Island","Bedwell/Ursus",152
2024,"South West Vancouver Island","Megin",37
2024,"South West Vancouver Island","Moyeha",111
2024,"South West Vancouver Island","SWVI Total",300
2024,"Cowichan","Esc",22938
2024,"Phillips","Esc",4202
2024,"Chilko","Calib. Total Adult Esc",NA
2024,"Chilko","Esc (MR)",4666
2024,"Nanaimo","Esc (Swim/Visual)",NA
2024,"Nanaimo","Esc (AUC & MR)",4430
2024,"Fraser Sp 1.2","Esc",5984
2024,"Nicola Sp 1.2","MR Total Adult Esc",2056
2024,"Nicola Sp 1.2","Calib. Total Adult Esc",NA
2024,"Fraser Sp 1.3","Esc",13946
2024,"Lower Chilcotin","EC Total Adult Esc",1577
2024,"Lower Chilcotin","Calib. Total Adult Esc",NA
2024,"Fraser Sum 1.3","Esc",11894
2024,"Fraser Sum 0.3","Esc",167751
2024,"Lower Shuswap","Calib. Total Adult Esc",NA
2024,"Lower Shuswap","Esc (MR)",16445
2024,"Harrison","Esc",131544
2024,"Skagit Spr","Esc (Peak Ct)",NA
2024,"Skagit Spr","Esc (Redd Ct)",2276
2024,"Skagit SumFall","Esc",9386
2024,"Stillaguamish","Esc (Redd Ct)",911
2024,"Stillaguamish","Esc (tGMR)",1139
2024,"Snohomish","Esc",6593
2024,"Snohomish","Esc (tGMR)",NA
2024,"Green","Esc (Redd Ct)",5644
2024,"Green","Esc (tGMR)",NA
2024,"Nooksack","Total Esc",NA
2024,"Nooksack","Total Nat. Origin Esc",NA
2024,"Nooksack","Esc (tGMR)",NA
2024,"Lake Washington","Esc",939
2024,"Hoko","Esc",2489
2024,"Quillayute Sum","Esc",1275
2024,"Quillayute Fall","Esc",5378
2024,"Hoh Spr Sum","Esc",1835
2024,"Hoh Fall","Esc",2158
2024,"Queets SprSum","Esc",750
2024,"Queets Fall","Esc",4068
2024,"Grays Harbor Spr","Esc",1775
2024,"Grays Harbor Fall","Esc",13803
2024,"Mid-Columbia Sum","Esc",41142
2024,"Columbia Upriver Brights","Esc",101051
2024,"Coweeman","Traditional Esc",416
2024,"Coweeman","PSC Study Esc",NA
2024,"Lewis","Esc",12954
2024,"Nehalem R.","Esc",4065
2024,"Siletz Fall","Esc",4871
2024,"Siuslaw R.","Esc",9557
2024,"South Umpqua","Esc (Normative Redd Ct)",NA
2024,"South Umpqua","Esc (Redd or Carcass Ct w MR)",615.549987792969
2024,"Coquille","Esc (MR Calib.)",340.884613037109
2024,"Nehalem R.","Esc (MR Calib.)",5282.39208984375
2024,"Siletz Fall","Esc (MR Calib.)",9452
2024,"Siuslaw R.","Esc (MR Calib.)",7477.44287109375
2024,"Situk","Lower Esc Goal",NA
2024,"Situk","Upper Esc Goal",NA
2024,"Situk","Lower PSC Goal",500
2024,"Situk","Upper PSC Goal",1000
2024,"Alsek","Lower Esc Goal",NA
2024,"Alsek","Upper Esc Goal",NA
2024,"Alsek","Lower PSC Goal",3500
2024,"Alsek","Upper PSC Goal",5300
2024,"Taku","Lower Esc Goal",NA
2024,"Taku","Upper Esc Goal",NA
2024,"Taku","Lower PSC Goal",19000
2024,"Taku","Upper PSC Goal",36000
2024,"Stikine","Lower Esc Goal",NA
2024,"Stikine","Upper Esc Goal",NA
2024,"Stikine","Lower PSC Goal",14000
2024,"Stikine","Upper PSC Goal",28000
2024,"Chilkat","Lower Esc Goal",NA
2024,"Chilkat","Upper Esc Goal",NA
2024,"Chilkat","Lower PSC Goal",1750
2024,"Chilkat","Upper PSC Goal",3500
2024,"Unuk","Lower Esc Goal",NA
2024,"Unuk","Upper Esc Goal",NA
2024,"Unuk","Lower PSC Goal",1800
2024,"Unuk","Upper PSC Goal",3800
2024,"Nass","Smsy",16500
2024,"Kitsumkalum","Smsy",5214
2024,"Atnarko Wild","PSC-Agreed Goal",5009
2024,"Atnarko Wild","Smsy",5009
2024,"Cowichan","Agency Goal",NA
2024,"Cowichan","PSC Goal",6500
2024,"Nanaimo","Smsy",3000
2024,"Nicola Sp 1.2","Smsy",6600
2024,"Lower Chilcotin","Smsy",4400
2024,"Chilko","Smsy",4500
2024,"Lower Shuswap","Pre-PSC Goal: Calib. Total Adult Esc",NA
2024,"Lower Shuswap","Pre-PSC Goal: MR Esc",NA
2024,"Lower Shuswap","PSC-Agreed Goal",12300
2024,"Lower Shuswap","Agency Goal",NA
2024,"Harrison","Lower PSC Goal",NA
2024,"Harrison","Upper PSC Goal",NA
2024,"Harrison","PSC-Agreed Goal",75100
2024,"Skagit Spr","PSC-Agreed Goal",1024
2024,"Skagit Spr","Agency Goal",NA
2024,"Skagit SumFall","PSC-Agreed Goal",8201
2024,"Skagit SumFall","Agency Goal",NA
2024,"Snohomish","Agency Goal",3250
2024,"Green","Agency Goal",2744
2024,"Nooksack","Agency Goal Natural Origin",600
2024,"Lake Washington","Agency Goal",500
2024,"Hoko","Agency Goal",NA
2024,"Quillayute Sum","Agency Goal",1200
2024,"Quillayute Fall","PSC-Agreed Goal",3000
2024,"Quillayute Fall","Agency Goal",NA
2024,"Hoh Spr Sum","PSC-Agreed Goal",900
2024,"Hoh Spr Sum","Agency Goal",NA
2024,"Hoh Fall","PSC-Agreed Goal",1200
2024,"Hoh Fall","Agency Goal",NA
2024,"Queets SprSum","PSC-Agreed Goal",700
2024,"Queets SprSum","Agency Goal",NA
2024,"Queets Fall","PSC-Agreed Goal",2500
2024,"Queets Fall","Agency Goal",NA
2024,"Grays Harbor Spr","Agency Goal",1400
2024,"Grays Harbor Fall","PSC-Agreed Goal",13326
2024,"Grays Harbor Fall","Agency Goal",NA
2024,"Mid-Columbia Sum","PSC-Agreed Goal",12143
2024,"Mid-Columbia Sum","Agency Goal",NA
2024,"Columbia Upriver Brights","PSC-Agreed Goal",40000
2024,"Columbia Upriver Brights","Agency Goal",NA
2024,"Coweeman","Agency Goal",1000
2024,"Lewis","PSC-Agreed Goal",5700
2024,"Lewis","Agency Goal",NA
2024,"Nehalem R.","PSC-Agreed Goal",6989
2024,"Nehalem R.","Agency Goal",NA
2024,"Siletz Fall","PSC-Agreed Goal",2944
2024,"Siletz Fall","Agency Goal",NA
2024,"Siuslaw R.","PSC-Agreed Goal",12925
2024,"Siuslaw R.","Agency Goal",NA
2023,"Columbia Upriver Brights","Esc",103116
2024,"WCVI 14 Stream Index","Esc",13101
