"population","region","stock_code","calendar_year","river_mouth_lat","escapement","seak_t","seak_n","seak_s","nbc_t","nbc_s","wcvi_t","wcvi_s","nbcis_t","nbcis_n","nbcis_s","sbcis_t","sbcis_n","sbcis_s","nfalc_t","nfalc_s","sfalc_t","sfalc_s","wac_n","ps_n","ps_s","seakterm_t","seakterm_n","seakterm_s","canterm_n","canterm_s","usterm_t","usterm_n","usterm_s","stray","esc_pct","n_seak_t","n_seak_n","n_seak_s","n_nbc_t","n_nbc_s","n_wcvi_t","n_wcvi_s","n_nbcis_t","n_nbcis_n","n_nbcis_s","n_sbcis_t","n_sbcis_n","n_sbcis_s","n_nfalc_t","n_nfalc_s","n_sfalc_t","n_sfalc_s","n_wac_n","n_ps_n","n_ps_s","n_seakterm_t","n_seakterm_n","n_seakterm_s","n_canterm_n","n_canterm_s","n_usterm_t","n_usterm_n","n_usterm_s","n_stray","n_esc_pct","aabm_er","isbm_er","terminal_er","stray_er","marine_er","total_er"
"Atnarko River","N BC","ATN",1979,52.37,,,,,,,,,,,,,,,,,,,,,,,,,,,,,,,,,,,,,,,,,,,,,,,,,,,,,,,,,,,,,,0,0,0,,0,
"Atnarko River","N BC","ATN",1980,52.37,,,,,,,,,,,,,,,,,,,,,,,,,,,,,,,,,,,,,,,,,,,,,,,,,,,,,,,,,,,,,,0,0,0,,0,
"Atnarko River","N BC","ATN",1981,52.37,,,,,,,,,,,,,,,,,,,,,,,,,,,,,,,,,,,,,,,,,,,,,,,,,,,,,,,,,,,,,,0,0,0,,0,
"Atnarko River","N BC","ATN",1982,52.37,,,,,,,,,,,,,,,,,,,,,,,,,,,,,,,,,,,,,,,,,,,,,,,,,,,,,,,,,,,,,,0,0,0,,0,
"Atnarko River","N BC","ATN",1983,52.37,,,,,,,,,,,,,,,,,,,,,,,,,,,,,,,,,,,,,,,,,,,,,,,,,,,,,,,,,,,,,,0,0,0,,0,
"Atnarko River","N BC","ATN",1984,52.37,,,,,,,,,,,,,,,,,,,,,,,,,,,,,,,,,,,,,,,,,,,,,,,,,,,,,,,,,,,,,,0,0,0,,0,
"Atnarko River","N BC","ATN",1985,52.37,,,,,,,,,,,,,,,,,,,,,,,,,,,,,,,,,,,,,,,,,,,,,,,,,,,,,,,,,,,,,,0,0,0,,0,
"Atnarko River","N BC","ATN",1986,52.37,,,,,,,,,,,,,,,,,,,,,,,,,,,,,,,,,,,,,,,,,,,,,,,,,,,,,,,,,,,,,,0,0,0,,0,
"Atnarko River","N BC","ATN",1987,52.37,,,,,,,,,,,,,,,,,,,,,,,,,,,,,,,,,,,,,,,,,,,,,,,,,,,,,,,,,,,,,,0,0,0,,0,
"Atnarko River","N BC","ATN",1988,52.37,,32.6,43.9,0,10,6.7,0,0,2.3,0,4.5,0,0,0,0,0,0,0,0,0,0,0,0,0,0,0,0,0,0,0,0,0.326,0.439,0,0.1,0.067,0,0,0.023,0,0.045,0,0,0,0,0,0,0,0,0,0,0,0,0,0,0,0,0,0,0,0,93.2,6.8,0,0,100,100
"Atnarko River","N BC","ATN",1989,52.37,,17.6,38.5,0,18.7,1.6,0.5,0,1.4,20.6,1.1,0,0,0,0,0,0,0,0,0,0,0,0,0,0,0,0,0,0,0,0,0.176,0.385,0,0.187,0.016,0.005,0,0.014,0.206,0.011,0,0,0,0,0,0,0,0,0,0,0,0,0,0,0,0,0,0,0,0,76.9,23.1,0,0,100,100
"Atnarko River","N BC","ATN",1990,52.37,11630,20.6,4.1,0.1,1.6,0.7,0.5,0,4.3,15.2,0.5,0,0,0,0,0,0,0,0,0,0,0,0,0,3.3,0,0,0,0,0,49.1,0.206,0.041,0.001,0.016,0.007,0.005,0,0.043,0.152,0.005,0,0,0,0,0,0,0,0,0,0,0,0,0,0.033,0,0,0,0,0,0.491,27.6,20,3.3,0,47.6,50.9
"Atnarko River","N BC","ATN",1991,52.37,8952,6.7,0,0,1.1,1.1,0.5,0,0.4,20.3,0.8,0,0,0,0,0,0,0,0,0,0,0,0,0,3.4,3.3,0,0,0,0,62.5,0.067,0,0,0.011,0.011,0.005,0,0.004,0.203,0.008,0,0,0,0,0,0,0,0,0,0,0,0,0,0.034,0.033,0,0,0,0,0.625,9.4,21.5,6.7,0,30.9,37.6
"Atnarko River","N BC","ATN",1992,52.37,22015,9.6,0,0,1.9,2,0.3,0,5.3,18,1.8,0,0,0,0,0,0,0.1,0,0,0,0,0,0,3.6,2,0,0,0,0,55.4,0.096,0,0,0.019,0.02,0.003,0,0.053,0.18,0.018,0,0,0,0,0,0,0.001,0,0,0,0,0,0,0.036,0.02,0,0,0,0,0.554,13.8,25.2,5.6,0,39,44.6
"Atnarko River","N BC","ATN",1993,52.37,20961,9.7,1.4,0.5,4.6,2.1,0.4,0,1.3,12.8,1.5,0,0,0,0,0,0,0,0,0,0,0,0,0,2.3,2.1,0,0,0,0,61.1,0.097,0.014,0.005,0.046,0.021,0.004,0,0.013,0.128,0.015,0,0,0,0,0,0,0,0,0,0,0,0,0,0.023,0.021,0,0,0,0,0.611,18.7,15.6,4.4,0,34.3,38.7
"Atnarko River","N BC","ATN",1994,52.37,12257,7.4,0.2,0.3,1.6,1.8,0,0,2.6,18.1,0.7,0,0,0,0,0,0,0,0,0,0,0,0,0,2.3,1.1,0,0,0,0,63.9,0.074,0.002,0.003,0.016,0.018,0,0,0.026,0.181,0.007,0,0,0,0,0,0,0,0,0,0,0,0,0,0.023,0.011,0,0,0,0,0.639,11.3,21.4,3.4,0,32.7,36.1
"Atnarko River","N BC","ATN",1995,52.37,8150,4.4,0.1,1.2,1.1,2.9,0,0,0.3,15.2,0.6,0,0,0,0,0,0,0,0,0,0,0,0,0,5.2,3.4,0,0,0,0,65.5,0.044,0.001,0.012,0.011,0.029,0,0,0.003,0.152,0.006,0,0,0,0,0,0,0,0,0,0,0,0,0,0.052,0.034,0,0,0,0,0.655,9.7,16.1,8.6,0,25.8,34.4
"Atnarko River","N BC","ATN",1996,52.37,5962,2.6,0,0.8,0.2,0.5,0,0,0,11,1.2,0,0,0,0,0,0,0,0,0,0,0,0,0,5.4,5.7,0,0,0,0,72.6,0.026,0,0.008,0.002,0.005,0,0,0,0.11,0.012,0,0,0,0,0,0,0,0,0,0,0,0,0,0.054,0.057,0,0,0,0,0.726,4.1,12.2,11.1,0,16.3,27.4
"Atnarko River","N BC","ATN",1997,52.37,4013,4.2,0,2.6,0.2,3.4,0,0,0.5,9.4,0.8,0,0,0,0,0,0,0,0,0,0,0,0,0,8.3,4.5,0,0,0,0,66.2,0.042,0,0.026,0.002,0.034,0,0,0.005,0.094,0.008,0,0,0,0,0,0,0,0,0,0,0,0,0,0.083,0.045,0,0,0,0,0.662,10.4,10.7,12.8,0,21.1,33.9
"Atnarko River","N BC","ATN",1998,52.37,6094,7.2,0,0.4,0,5,0,0,0,12.9,1.2,0,0,0.3,0,0,0,0,0,0,0,0,0,0,10.1,3.3,0,0,0,0,59.6,0.072,0,0.004,0,0.05,0,0,0,0.129,0.012,0,0,0.003,0,0,0,0,0,0,0,0,0,0,0.101,0.033,0,0,0,0,0.596,12.6,14.4,13.4,0,27,40.4
"Atnarko River","N BC","ATN",1999,52.37,7199,5.9,0,2.1,0,3,0,0,0,7.1,1.4,0,0,0,0.2,0,0,0,0,0,0,0,0,0,4.3,3.8,0,0,0,0,72.1,0.059,0,0.021,0,0.03,0,0,0,0.071,0.014,0,0,0,0.002,0,0,0,0,0,0,0,0,0,0.043,0.038,0,0,0,0,0.721,11,8.7,8.1,0,19.7,27.8
"Atnarko River","N BC","ATN",2000,52.37,9964,6.4,0.1,0,0,3.8,0,0,0,7,0,0,0,0,0,0,0,0,0,0,0,0,0,0,7.5,4.1,0,0,0,0,71.2,0.064,0.001,0,0,0.038,0,0,0,0.07,0,0,0,0,0,0,0,0,0,0,0,0,0,0,0.075,0.041,0,0,0,0,0.712,10.3,7,11.6,0,17.3,28.9
"Atnarko River","N BC","ATN",2001,52.37,16743,6.6,0,1.9,0,2.1,0.4,0,0,13.1,0.8,0,0,0,0,0.2,0,0,0,0,0,0,0,0,9.1,4.3,0,0,0,0,61.6,0.066,0,0.019,0,0.021,0.004,0,0,0.131,0.008,0,0,0,0,0.002,0,0,0,0,0,0,0,0,0.091,0.043,0,0,0,0,0.616,11,14.1,13.4,0,25.1,38.5
"Atnarko River","N BC","ATN",2002,52.37,8550,5.1,0.1,0.4,8.9,4.1,0.8,0,0,15.5,3.3,0,0,0,0,0,0,0,0,0,0,0,0,0,7.5,2,0,0,0,0,52.1,0.051,0.001,0.004,0.089,0.041,0.008,0,0,0.155,0.033,0,0,0,0,0,0,0,0,0,0,0,0,0,0.075,0.02,0,0,0,0,0.521,19.4,18.8,9.5,0,38.2,47.7
"Atnarko River","N BC","ATN",2003,52.37,10136,5,0.1,0,2.9,6.4,0,0,0,24.1,8.7,0,0,0,0,0,0,0,0,0,0,0,0,0,8.3,1.9,0,0,0,0,42.6,0.05,0.001,0,0.029,0.064,0,0,0,0.241,0.087,0,0,0,0,0,0,0,0,0,0,0,0,0,0.083,0.019,0,0,0,0,0.426,14.4,32.8,10.2,0,47.2,57.4
"Atnarko River","N BC","ATN",2004,52.37,8230,9.7,0,0,3.7,6,0,0,0,20.1,4.9,0,0,0,0,0,0,0,0,0,0,0,0,0,7.7,1.4,0,0,0,0,46.5,0.097,0,0,0.037,0.06,0,0,0,0.201,0.049,0,0,0,0,0,0,0,0,0,0,0,0,0,0.077,0.014,0,0,0,0,0.465,19.4,25,9.1,0,44.4,53.5
"Atnarko River","N BC","ATN",2005,52.37,7619,13.7,0.2,0.9,4.5,3.5,0,0,0,16.1,9.1,0,0,0,0,0,0,0,0,0,0,0,0,0,7.4,2.4,0,0,0,0,42.2,0.137,0.002,0.009,0.045,0.035,0,0,0,0.161,0.091,0,0,0,0,0,0,0,0,0,0,0,0,0,0.074,0.024,0,0,0,0,0.422,22.8,25.2,9.8,0,48,57.8
"Atnarko River","N BC","ATN",2006,52.37,9565,8.8,0,1.3,2.4,2.7,0,0,0,8.7,5.5,0,0,0,0,0,0,0,0,0,0,0,0,0,4.6,2.8,0,0,0,0,63.4,0.088,0,0.013,0.024,0.027,0,0,0,0.087,0.055,0,0,0,0,0,0,0,0,0,0,0,0,0,0.046,0.028,0,0,0,0,0.634,15.2,14.2,7.4,0,29.4,36.8
"Atnarko River","N BC","ATN",2007,52.37,5799,10.5,0,4.5,1.3,3,0.5,0,0,15.3,14.7,0,0,0,0,0,0,0,0,0,0,0,0,0,5.2,2.4,0,0,0,0,42.7,0.105,0,0.045,0.013,0.03,0.005,0,0,0.153,0.147,0,0,0,0,0,0,0,0,0,0,0,0,0,0.052,0.024,0,0,0,0,0.427,19.8,30,7.6,0,49.8,57.4
"Atnarko River","N BC","ATN",2008,52.37,5517,6.5,0,3.1,1.6,0,0,0,0,8.8,0,0,0,0,0,0,0,0,0,0,0,0,0,0,4,0,0,0,0,0,75.9,0.065,0,0.031,0.016,0,0,0,0,0.088,0,0,0,0,0,0,0,0,0,0,0,0,0,0,0.04,0,0,0,0,0,0.759,11.2,8.8,4,0,20,24
"Atnarko River","N BC","ATN",2009,52.37,6331,8.2,0,0.2,2.9,4.8,0,0,0,20.5,12,0,0,0,0,0,0,0,0,0,0,0,0,0,6.8,3.6,0,0,0,0,40.9,0.082,0,0.002,0.029,0.048,0,0,0,0.205,0.12,0,0,0,0,0,0,0,0,0,0,0,0,0,0.068,0.036,0,0,0,0,0.409,16.1,32.5,10.4,0,48.6,59
"Atnarko River","N BC","ATN",2010,52.37,5683,10.3,0.2,1.5,2.6,1.8,0,0,0,12.8,13.8,0,0,1,0,0,0,0,0,0,0,0,0,0,6,1.4,0,0,0,0,48.8,0.103,0.002,0.015,0.026,0.018,0,0,0,0.128,0.138,0,0,0.01,0,0,0,0,0,0,0,0,0,0,0.06,0.014,0,0,0,0,0.488,16.4,27.6,7.4,0,44,51.4
"Atnarko River","N BC","ATN",2011,52.37,6061,12.4,0,1.3,7.1,3.2,0,0,0,19.5,18.6,0,0,0,0,0,0,0,0,0,0,0,0,0,6,0,0,0,0,0,31.9,0.124,0,0.013,0.071,0.032,0,0,0,0.195,0.186,0,0,0,0,0,0,0,0,0,0,0,0,0,0.06,0,0,0,0,0,0.319,24,38.1,6,0,62.1,68.1
"Atnarko River","N BC","ATN",2012,52.37,2542,11.2,0.7,1.6,2,2.7,0,0,0,14.6,15,0,0,0,0,0,0,0,0,0,0,0,0,0,6.9,0,0,0,0,0,45.5,0.112,0.007,0.016,0.02,0.027,0,0,0,0.146,0.15,0,0,0,0,0,0,0,0,0,0,0,0,0,0.069,0,0,0,0,0,0.455,18.2,29.6,6.9,0,47.8,54.7
"Atnarko River","N BC","ATN",2013,52.37,9860,5.8,0.4,1.1,1.9,5.3,0,0,0,11.5,2.1,0,0,0.2,0,0,0,0,0,0,0,0.1,0,0,5.7,2.6,0,0,0,0,63.4,0.058,0.004,0.011,0.019,0.053,0,0,0,0.115,0.021,0,0,0.002,0,0,0,0,0,0,0,0.001,0,0,0.057,0.026,0,0,0,0,0.634,14.5,13.8,8.4,0,28.3,36.7
"Atnarko River","N BC","ATN",2014,52.37,11935,6.4,0.5,1,2.7,2.3,0.2,0.1,0,7.1,7,0,0,0.1,0,0,0,0,0,0,0,0,0,0,6.9,1.9,0,0,0,0,63.8,0.064,0.005,0.01,0.027,0.023,0.002,0.001,0,0.071,0.07,0,0,0.001,0,0,0,0,0,0,0,0,0,0,0.069,0.019,0,0,0,0,0.638,13.2,14.2,8.8,0,27.4,36.2
"Atnarko River","N BC","ATN",2015,52.37,13640,3.7,0,1.1,1,3.9,0.2,0,0,7.5,6.9,0,0,0.1,0,0,0,0,0,0,0,0,0,0,4.2,0.9,0,0,0,0.1,70.5,0.037,0,0.011,0.01,0.039,0.002,0,0,0.075,0.069,0,0,0.001,0,0,0,0,0,0,0,0,0,0,0.042,0.009,0,0,0,0.001,0.705,9.9,14.5,5.1,0.1,24.4,29.6
"Atnarko River","N BC","ATN",2016,52.37,9936,5,1.3,2,1.2,3.7,0.4,0,0,4,4.8,0,0,0,0.1,0,0,0,0,0,0,0,0,0,6.2,1.7,0,0,0,0,69.6,0.05,0.013,0.02,0.012,0.037,0.004,0,0,0.04,0.048,0,0,0,0.001,0,0,0,0,0,0,0,0,0,0.062,0.017,0,0,0,0,0.696,13.6,8.9,7.9,0,22.5,30.4
"Atnarko River","N BC","ATN",2017,52.37,5418,5.6,0.2,1.7,2,2.6,0.2,0,0,11.7,10.7,0,0,0.2,0,0,0,0,0,0,0,0,0,0,8.8,1.6,0,0,0,0,54.7,0.056,0.002,0.017,0.02,0.026,0.002,0,0,0.117,0.107,0,0,0.002,0,0,0,0,0,0,0,0,0,0,0.088,0.016,0,0,0,0,0.547,12.3,22.6,10.4,0,34.9,45.3
"Atnarko River","N BC","ATN",2018,52.37,5328,2.9,0,0.6,0.8,1.2,0.1,0,0,17.3,4.4,0,0,0.5,0,0,0,0,0,0,0,0,0,0,5.9,1.5,0,0,0,0,64.9,0.029,0,0.006,0.008,0.012,0.001,0,0,0.173,0.044,0,0,0.005,0,0,0,0,0,0,0,0,0,0,0.059,0.015,0,0,0,0,0.649,5.6,22.2,7.4,0,27.8,35.2
"Atnarko River","N BC","ATN",2019,52.37,4587,1.7,0,1.3,0,4,0,0.6,0,17,5.3,0,0,0.3,0.1,0,0,0,0,0,0,0,0,0,5.8,4.1,0,0,0,0,60,0.017,0,0.013,0,0.04,0,0.006,0,0.17,0.053,0,0,0.003,0.001,0,0,0,0,0,0,0,0,0,0.058,0.041,0,0,0,0,0.6,7.6,22.7,9.9,0,30.3,40.2
"Atnarko River","N BC","ATN",2020,52.37,9835,3,0.2,0.4,0,0.3,0,0,0,19.7,2.9,0,0,0,0,0,0,0,0,0,0,0.1,0,0,3.1,0.3,0,0,0,0,70.1,0.03,0.002,0.004,0,0.003,0,0,0,0.197,0.029,0,0,0,0,0,0,0,0,0,0,0.001,0,0,0.031,0.003,0,0,0,0,0.701,3.9,22.6,3.5,0,26.5,30
"Atnarko River","N BC","ATN",2021,52.37,4779,3.7,0.7,1.2,0,0.7,0,0.3,0,6.2,6.3,0,0,0,0,0,0,0,0,0,0,0,0,0,6.4,0.6,0,0,0,0,74,0.037,0.007,0.012,0,0.007,0,0.003,0,0.062,0.063,0,0,0,0,0,0,0,0,0,0,0,0,0,0.064,0.006,0,0,0,0,0.74,6.6,12.5,7,0,19.1,26.1
"Atnarko River","N BC","ATN",2022,52.37,5139,10.3,0.3,2.1,0,5,0,0,0,3.4,6.3,0,0,0,0,0,0,0,0,0,0,0,0,0,4.1,0.9,0,0,0,0,67.7,0.103,0.003,0.021,0,0.05,0,0,0,0.034,0.063,0,0,0,0,0,0,0,0,0,0,0,0,0,0.041,0.009,0,0,0,0,0.677,17.7,9.7,5,0,27.4,32.4
"Atnarko River","N BC","ATN",2023,52.37,6903,2.2,0,0,0,4.5,0,0,0,1,10.8,0,0,0,0,0,0,0,0,0,0,0,0,0,4.1,1.9,0,0,0,0,75.4,0.022,0,0,0,0.045,0,0,0,0.01,0.108,0,0,0,0,0,0,0,0,0,0,0,0,0,0.041,0.019,0,0,0,0,0.754,6.7,11.8,6,0,18.5,24.5
"Atnarko River","N BC","ATN",2024,52.37,10479,10.7,0,0.9,0.8,2.9,0.4,0,0,0,9.2,0,0,0.9,0,0,0,0,0,0,0,0,0,0,4.5,0,0,0,0,0,69.7,0.107,0,0.009,0.008,0.029,0.004,0,0,0,0.092,0,0,0.009,0,0,0,0,0,0,0,0,0,0,0.045,0,0,0,0,0,0.697,15.7,10.1,4.5,0,25.8,30.3
"Chilkat River","SEAK","CHK",1979,59.23,,,,,,,,,,,,,,,,,,,,,,,,,,,,,,,,,,,,,,,,,,,,,,,,,,,,,,,,,,,,,,0,0,0,,0,
"Chilkat River","SEAK","CHK",1980,59.23,,,,,,,,,,,,,,,,,,,,,,,,,,,,,,,,,,,,,,,,,,,,,,,,,,,,,,,,,,,,,,0,0,0,,0,
"Chilkat River","SEAK","CHK",1981,59.23,,,,,,,,,,,,,,,,,,,,,,,,,,,,,,,,,,,,,,,,,,,,,,,,,,,,,,,,,,,,,,0,0,0,,0,
"Chilkat River","SEAK","CHK",1982,59.23,,,,,,,,,,,,,,,,,,,,,,,,,,,,,,,,,,,,,,,,,,,,,,,,,,,,,,,,,,,,,,0,0,0,,0,
"Chilkat River","SEAK","CHK",1983,59.23,,,,,,,,,,,,,,,,,,,,,,,,,,,,,,,,,,,,,,,,,,,,,,,,,,,,,,,,,,,,,,0,0,0,,0,
"Chilkat River","SEAK","CHK",1984,59.23,,,,,,,,,,,,,,,,,,,,,,,,,,,,,,,,,,,,,,,,,,,,,,,,,,,,,,,,,,,,,,0,0,0,,0,
"Chilkat River","SEAK","CHK",1985,59.23,,,,,,,,,,,,,,,,,,,,,,,,,,,,,,,,,,,,,,,,,,,,,,,,,,,,,,,,,,,,,,0,0,0,,0,
"Chilkat River","SEAK","CHK",1986,59.23,,,,,,,,,,,,,,,,,,,,,,,,,,,,,,,,,,,,,,,,,,,,,,,,,,,,,,,,,,,,,,0,0,0,,0,
"Chilkat River","SEAK","CHK",1987,59.23,,,,,,,,,,,,,,,,,,,,,,,,,,,,,,,,,,,,,,,,,,,,,,,,,,,,,,,,,,,,,,0,0,0,,0,
"Chilkat River","SEAK","CHK",1988,59.23,,,,,,,,,,,,,,,,,,,,,,,,,,,,,,,,,,,,,,,,,,,,,,,,,,,,,,,,,,,,,,0,0,0,,0,
"Chilkat River","SEAK","CHK",1989,59.23,,,,,,,,,,,,,,,,,,,,,,,,,,,,,,,,,,,,,,,,,,,,,,,,,,,,,,,,,,,,,,0,0,0,,0,
"Chilkat River","SEAK","CHK",1990,59.23,,,,,,,,,,,,,,,,,,,,,,,,,,,,,,,,,,,,,,,,,,,,,,,,,,,,,,,,,,,,,,0,0,0,,0,
"Chilkat River","SEAK","CHK",1991,59.23,5882,,,,,,,,,,,,,,,,,,,,,,,,,,,,,,,,,,,,,,,,,,,,,,,,,,,,,,,,,,,,,0,0,0,,0,
"Chilkat River","SEAK","CHK",1992,59.23,5277,,,,,,,,,,,,,,,,,,,,,,,,,,,,,,,,,,,,,,,,,,,,,,,,,,,,,,,,,,,,,0,0,0,,0,
"Chilkat River","SEAK","CHK",1993,59.23,4463,,,,,,,,,,,,,,,,,,,,,,,,,,,,,,,,,,,,,,,,,,,,,,,,,,,,,,,,,,,,,0,0,0,,0,
"Chilkat River","SEAK","CHK",1994,59.23,6792,,,,,,,,,,,,,,,,,,,,,,,,,,,,,,,,,,,,,,,,,,,,,,,,,,,,,,,,,,,,,0,0,0,,0,
"Chilkat River","SEAK","CHK",1995,59.23,3768,,,,,,,,,,,,,,,,,,,,,,,,,,,,,,,,,,,,,,,,,,,,,,,,,,,,,,,,,,,,,0,0,0,,0,
"Chilkat River","SEAK","CHK",1996,59.23,4902,,,,,,,,,,,,,,,,,,,,,,,,,,,,,,,,,,,,,,,,,,,,,,,,,,,,,,,,,,,,,0,0,0,,0,
"Chilkat River","SEAK","CHK",1997,59.23,8089,,,,,,,,,,,,,,,,,,,,,,,,,,,,,,,,,,,,,,,,,,,,,,,,,,,,,,,,,,,,,0,0,0,,0,
"Chilkat River","SEAK","CHK",1998,59.23,3656,,,,,,,,,,,,,,,,,,,,,,,,,,,,,,,,,,,,,,,,,,,,,,,,,,,,,,,,,,,,,0,0,0,,0,
"Chilkat River","SEAK","CHK",1999,59.23,2258,,,,,,,,,,,,,,,,,,,,,,,,,,,,,,,,,,,,,,,,,,,,,,,,,,,,,,,,,,,,,0,0,0,,0,
"Chilkat River","SEAK","CHK",2000,59.23,2029,,,,,,,,,,,,,,,,,,,,,,,,,,,,,,,,,,,,,,,,,,,,,,,,,,,,,,,,,,,,,0,0,0,,0,
"Chilkat River","SEAK","CHK",2001,59.23,4514,,,,,,,,,,,,,,,,,,,,,,,,,,,,,,,,,,,,,,,,,,,,,,,,,,,,,,,,,,,,,0,0,0,,0,
"Chilkat River","SEAK","CHK",2002,59.23,4034,2.5,4.8,29.1,0,0,0,0,0,0,0,0,0,0,0,0,0,0,0,0,0,0,0,0.2,0,0,0,0,0,0,63.4,0.025,0.048,0.291,0,0,0,0,0,0,0,0,0,0,0,0,0,0,0,0,0,0,0,0.002,0,0,0,0,0,0,0.634,36.4,0,0.2,0,36.4,36.6
"Chilkat River","SEAK","CHK",2003,59.23,5631,1.3,4.1,16.4,0,0,0,0,0,0,0,0,0,0,0,0,0,0,0,0,0,0,0,2.6,0,0,0,0,0,0,75.7,0.013,0.041,0.164,0,0,0,0,0,0,0,0,0,0,0,0,0,0,0,0,0,0,0,0.026,0,0,0,0,0,0,0.757,21.8,0,2.6,0,21.8,24.4
"Chilkat River","SEAK","CHK",2004,59.23,3406,4.9,7.7,13.8,0,0,0,0,0,0,0,0,0,0,0,0,0,0,0,0,0,0,0.2,0,0,0,0,0,0,0,73.3,0.049,0.077,0.138,0,0,0,0,0,0,0,0,0,0,0,0,0,0,0,0,0,0,0.002,0,0,0,0,0,0,0,0.733,26.4,0,0.2,0,26.4,26.6
"Chilkat River","SEAK","CHK",2005,59.23,3361,5.2,4.8,8.2,0,0,0,0,0,0,0,0,0,0,0,0,0,0,0,0,0,0,0,0,0,0,0,0,0,0,81.8,0.052,0.048,0.082,0,0,0,0,0,0,0,0,0,0,0,0,0,0,0,0,0,0,0,0,0,0,0,0,0,0,0.818,18.2,0,0,0,18.2,18.2
"Chilkat River","SEAK","CHK",2006,59.23,3003,3,1.2,12.9,0,0,0,0,0,0,0,0,0,0,0,0,0,0,0,0,0,0,0.7,0,0,0,0,0,0,0,82.2,0.03,0.012,0.129,0,0,0,0,0,0,0,0,0,0,0,0,0,0,0,0,0,0,0.007,0,0,0,0,0,0,0,0.822,17.1,0,0.7,0,17.1,17.8
"Chilkat River","SEAK","CHK",2007,59.23,1435,5.1,8.5,17,0,0,0,0,0,0,0,0,0,0,0,0,0,0,0,0,0,0,0,0,0,0,0,0,0,0,69.4,0.051,0.085,0.17,0,0,0,0,0,0,0,0,0,0,0,0,0,0,0,0,0,0,0,0,0,0,0,0,0,0,0.694,30.6,0,0,0,30.6,30.6
"Chilkat River","SEAK","CHK",2008,59.23,2881,4,6.5,3.9,0,0,0,0,0,0,0,0,0,0,0,0,0,0,0,0,0,0,0,0,0,0,0,0,0,0,85.6,0.04,0.065,0.039,0,0,0,0,0,0,0,0,0,0,0,0,0,0,0,0,0,0,0,0,0,0,0,0,0,0,0.856,14.4,0,0,0,14.4,14.4
"Chilkat River","SEAK","CHK",2009,59.23,4406,3.2,1.4,7.3,0,0,0,0,0,0,0,0,0,0,0,0,0,0,0,0,0,0,0,0,0,0,0,0,0,0,88.1,0.032,0.014,0.073,0,0,0,0,0,0,0,0,0,0,0,0,0,0,0,0,0,0,0,0,0,0,0,0,0,0,0.881,11.9,0,0,0,11.9,11.9
"Chilkat River","SEAK","CHK",2010,59.23,1797,4.4,8.5,11,0,0,0,0,0,0,0,0,0,0,0,0,0,0,0,0,0,0,0.8,0,0,0,0,0,0,0.3,75.1,0.044,0.085,0.11,0,0,0,0,0,0,0,0,0,0,0,0,0,0,0,0,0,0,0.008,0,0,0,0,0,0,0.003,0.751,23.9,0,0.8,0.3,23.9,25
"Chilkat River","SEAK","CHK",2011,59.23,2674,5,6.1,18,0,0,0,0,0,0,0,0,0,0,0,0,0,0,0,0,0,0,0.3,0,0,0,0,0,0,0,70.5,0.05,0.061,0.18,0,0,0,0,0,0,0,0,0,0,0,0,0,0,0,0,0,0,0.003,0,0,0,0,0,0,0,0.705,29.1,0,0.3,0,29.1,29.4
"Chilkat River","SEAK","CHK",2012,59.23,1723,7.4,12,9,0,0,0,0,0,0,0,0,0,0,0,0,0,0,0,0,0,0,1.4,0,0,0,0,0,0,0,70.2,0.074,0.12,0.09,0,0,0,0,0,0,0,0,0,0,0,0,0,0,0,0,0,0,0.014,0,0,0,0,0,0,0,0.702,28.4,0,1.4,0,28.4,29.8
"Chilkat River","SEAK","CHK",2013,59.23,1719,1.3,10.1,7.6,0,0,0,0,0,0,0,0,0,0,0,0,0,0,0,0,0,0,0,0,0,0,0,0,0,0,81,0.013,0.101,0.076,0,0,0,0,0,0,0,0,0,0,0,0,0,0,0,0,0,0,0,0,0,0,0,0,0,0,0.81,19,0,0,0,19,19
"Chilkat River","SEAK","CHK",2014,59.23,1529,0,19.3,9.2,0,0,0,0,0,0,0,0,0,0,0,0,0,0,0,0,0,0,0,0,0,0,0,0,0,0,71.5,0,0.193,0.092,0,0,0,0,0,0,0,0,0,0,0,0,0,0,0,0,0,0,0,0,0,0,0,0,0,0,0.715,28.5,0,0,0,28.5,28.5
"Chilkat River","SEAK","CHK",2015,59.23,2452,2.4,7,9,0,0,0,0,0,0,0,0,0,0,0,0,0,0,0,0,0,0,0,4.1,0,0,0,0,0,0,77.4,0.024,0.07,0.09,0,0,0,0,0,0,0,0,0,0,0,0,0,0,0,0,0,0,0,0.041,0,0,0,0,0,0,0.774,18.4,0,4.1,0,18.4,22.5
"Chilkat River","SEAK","CHK",2016,59.23,1380,3.7,1.9,0,0,0,0,0,0,0,0,0,0,0,0,0,0,0,0,0,0,0,0,0,0,0,0,0,0,0,94.4,0.037,0.019,0,0,0,0,0,0,0,0,0,0,0,0,0,0,0,0,0,0,0,0,0,0,0,0,0,0,0,0.944,5.6,0,0,0,5.6,5.6
"Chilkat River","SEAK","CHK",2017,59.23,1173,4.1,2.6,6.8,0,0,0,0,0,0,0,0,0,0,0,0,0,0,0,0,0,0,0,0,0,0,0,0,0,0,86.5,0.041,0.026,0.068,0,0,0,0,0,0,0,0,0,0,0,0,0,0,0,0,0,0,0,0,0,0,0,0,0,0,0.865,13.5,0,0,0,13.5,13.5
"Chilkat River","SEAK","CHK",2018,59.23,873,0,11.8,0.5,0,0,0,0,0,0,0,0,0,0,0,0,0,0,0,0,0,0,0,0,0,0,0,0,0,0,87.7,0,0.118,0.005,0,0,0,0,0,0,0,0,0,0,0,0,0,0,0,0,0,0,0,0,0,0,0,0,0,0,0.877,12.3,0,0,0,12.3,12.3
"Chilkat River","SEAK","CHK",2019,59.23,2028,2.5,0,0,0,0,0,0,0,0,0,0,0,0,0,0,0,0,0,0,0,0,0,0,0,0,0,0,0,0,97.5,0.025,0,0,0,0,0,0,0,0,0,0,0,0,0,0,0,0,0,0,0,0,0,0,0,0,0,0,0,0,0.975,2.5,0,0,0,2.5,2.5
"Chilkat River","SEAK","CHK",2020,59.23,3180,0.8,2,0,0,0,0,0,0,0,0,0,0,0,0,0,0,0,0,0,0,0,0,2,0,0,0,0,0,0,95.3,0.008,0.02,0,0,0,0,0,0,0,0,0,0,0,0,0,0,0,0,0,0,0,0,0.02,0,0,0,0,0,0,0.953,2.8,0,2,0,2.8,4.8
"Chilkat River","SEAK","CHK",2021,59.23,2038,0,7,0,0,0,0,0,0,0,0,0,0,0,0,0,0,0,0,0,0,0,0,0,0,0,0,0,0,0,93,0,0.07,0,0,0,0,0,0,0,0,0,0,0,0,0,0,0,0,0,0,0,0,0,0,0,0,0,0,0,0.93,7,0,0,0,7,7
"Chilkat River","SEAK","CHK",2022,59.23,1582,0.5,0.9,0.4,0,0,0,0,0,0,0,0,0,0,0,0,0,0,0,0,0,0,0,0,0,0,0,0,0,0,98.3,0.005,0.009,0.004,0,0,0,0,0,0,0,0,0,0,0,0,0,0,0,0,0,0,0,0,0,0,0,0,0,0,0.983,1.8,0,0,0,1.8,1.8
"Chilkat River","SEAK","CHK",2023,59.23,2234,0,1.9,0,0,0,0,0,0,0,0,0,0,0,0,0,0,0,0,0,0,0,0,0,0,0,0,0,0,0,98.1,0,0.019,0,0,0,0,0,0,0,0,0,0,0,0,0,0,0,0,0,0,0,0,0,0,0,0,0,0,0,0.981,1.9,0,0,0,1.9,1.9
"Chilkat River","SEAK","CHK",2024,59.23,2070,0.4,2,0,0,0,0,0,0,0,0,0,0,0,0,0,0,0,0,0,0,0,0.9,0,0,0,0,0,0,0,96.6,0.004,0.02,0,0,0,0,0,0,0,0,0,0,0,0,0,0,0,0,0,0,0,0.009,0,0,0,0,0,0,0,0.966,2.4,0,0.9,0,2.4,3.3
"Cowichan River Fall","S BC","COW",1979,48.75,7750,,,,,,,,,,,,,,,,,,,,,,,,,,,,,,,,,,,,,,,,,,,,,,,,,,,,,,,,,,,,,0,0,0,,0,
"Cowichan River Fall","S BC","COW",1980,48.75,5500,,,,,,,,,,,,,,,,,,,,,,,,,,,,,,,,,,,,,,,,,,,,,,,,,,,,,,,,,,,,,0,0,0,,0,
"Cowichan River Fall","S BC","COW",1981,48.75,5500,,,,,,,,,,,,,,,,,,,,,,,,,,,,,,,,,,,,,,,,,,,,,,,,,,,,,,,,,,,,,0,0,0,,0,
"Cowichan River Fall","S BC","COW",1982,48.75,4500,,,,,,,,,,,,,,,,,,,,,,,,,,,,,,,,,,,,,,,,,,,,,,,,,,,,,,,,,,,,,0,0,0,,0,
"Cowichan River Fall","S BC","COW",1983,48.75,4500,,,,,,,,,,,,,,,,,,,,,,,,,,,,,,,,,,,,,,,,,,,,,,,,,,,,,,,,,,,,,0,0,0,,0,
"Cowichan River Fall","S BC","COW",1984,48.75,5000,,,,,,,,,,,,,,,,,,,,,,,,,,,,,,,,,,,,,,,,,,,,,,,,,,,,,,,,,,,,,0,0,0,,0,
"Cowichan River Fall","S BC","COW",1985,48.75,3500,,,,,,,,,,,,,,,,,,,,,,,,,,,,,,,,,,,,,,,,,,,,,,,,,,,,,,,,,,,,,0,0,0,,0,
"Cowichan River Fall","S BC","COW",1986,48.75,1832,,,,,,,,,,,,,,,,,,,,,,,,,,,,,,,,,,,,,,,,,,,,,,,,,,,,,,,,,,,,,0,0,0,,0,
"Cowichan River Fall","S BC","COW",1987,48.75,1937,1,0.1,0,0,0,2,0,0.3,4.8,0,9.2,23,43.7,0.4,0,0,0,0,2,2,0,0,0,0.2,0,0,2.7,0,0.9,7.7,0.01,0.001,0,0,0,0.02,0,0.003,0.048,0,0.092,0.23,0.437,0.004,0,0,0,0,0.02,0.02,0,0,0,0.002,0,0,0.027,0,0.009,0.077,3.1,85.4,2.9,0.9,88.5,92.3
"Cowichan River Fall","S BC","COW",1988,48.75,6200,0.3,1,0,0,0,1.4,0,0.9,0.8,0,26.9,1.3,48.8,0.4,0,0,0,0,2.3,2.5,0,0,0,1,0,0,2.1,0,0.7,9.5,0.003,0.01,0,0,0,0.014,0,0.009,0.008,0,0.269,0.013,0.488,0.004,0,0,0,0,0.023,0.025,0,0,0,0.01,0,0,0.021,0,0.007,0.095,2.7,83.9,3.1,0.7,86.6,90.4
"Cowichan River Fall","S BC","COW",1989,48.75,5000,1.9,0,0,0,0,3.2,0.1,0.4,0.9,0,5.8,8.8,48.4,1,0,0,0,0,0.8,1.5,0,0,0,4.9,0,0,1.6,0,0.5,20.3,0.019,0,0,0,0,0.032,0.001,0.004,0.009,0,0.058,0.088,0.484,0.01,0,0,0,0,0.008,0.015,0,0,0,0.049,0,0,0.016,0,0.005,0.203,5.2,67.6,6.5,0.5,72.8,79.8
"Cowichan River Fall","S BC","COW",1990,48.75,5300,0,0,0,0.1,0,2.2,0.1,1.1,2.7,0.1,13.2,7.4,57.3,0.7,0.2,0,0,0,1.4,2,0,0,0,0.8,0,0,0.4,0,0.3,10.2,0,0,0,0.001,0,0.022,0.001,0.011,0.027,0.001,0.132,0.074,0.573,0.007,0.002,0,0,0,0.014,0.02,0,0,0,0.008,0,0,0.004,0,0.003,0.102,2.4,86.1,1.2,0.3,88.5,90
"Cowichan River Fall","S BC","COW",1991,48.75,6000,0.1,0,0,0.2,0,3.9,0.7,0.4,0.5,0.2,9,3.6,61.7,0.7,0,0,0,0,2,0.9,0,0,0,0.5,0,0,1,0,0.3,14.5,0.001,0,0,0.002,0,0.039,0.007,0.004,0.005,0.002,0.09,0.036,0.617,0.007,0,0,0,0,0.02,0.009,0,0,0,0.005,0,0,0.01,0,0.003,0.145,4.9,79,1.5,0.3,83.9,85.7
"Cowichan River Fall","S BC","COW",1992,48.75,8500,0.1,0.2,0,0.4,0,8.6,0.8,1,0.9,0.1,17.7,3.1,53.2,0.3,0,0,0,0,0.6,1.3,0,0,0,0.9,0,0,0.4,0,0.4,10.2,0.001,0.002,0,0.004,0,0.086,0.008,0.01,0.009,0.001,0.177,0.031,0.532,0.003,0,0,0,0,0.006,0.013,0,0,0,0.009,0,0,0.004,0,0.004,0.102,10.1,78.2,1.3,0.4,88.3,90
"Cowichan River Fall","S BC","COW",1993,48.75,5058,0.3,0,0,0.1,0,7.8,1,0.5,0.5,0,11.8,2.8,55,0.6,0,0,0,0,0,0.5,0,0,0,1.1,0,0,0.8,0,0.2,17,0.003,0,0,0.001,0,0.078,0.01,0.005,0.005,0,0.118,0.028,0.55,0.006,0,0,0,0,0,0.005,0,0,0,0.011,0,0,0.008,0,0.002,0.17,9.2,71.7,1.9,0.2,80.9,83
"Cowichan River Fall","S BC","COW",1994,48.75,5050,0.5,0,0,0.4,0,4.1,0.2,0.2,2.1,0,4.9,5.5,43.2,0.3,0,0,0,0,0.8,0.6,0,0,0,4.1,0.6,0,2.5,0,0.6,29.3,0.005,0,0,0.004,0,0.041,0.002,0.002,0.021,0,0.049,0.055,0.432,0.003,0,0,0,0,0.008,0.006,0,0,0,0.041,0.006,0,0.025,0,0.006,0.293,5.2,57.6,7.2,0.6,62.8,70.6
"Cowichan River Fall","S BC","COW",1995,48.75,14300,0.3,0,0,0,0,5.2,0.5,0,1.3,0,0,1.3,41.3,0,0,0,0,0,0.2,1,0,0,0,2.1,0.2,0,1.7,0,1.3,43.7,0.003,0,0,0,0,0.052,0.005,0,0.013,0,0,0.013,0.413,0,0,0,0,0,0.002,0.01,0,0,0,0.021,0.002,0,0.017,0,0.013,0.437,6,45.1,4,1.3,51.1,56.4
"Cowichan River Fall","S BC","COW",1996,48.75,12980,0.3,0,0,0,0,0.3,1,0,0.5,0,0,0.4,51.6,0,0,0,0,0,0,4.7,0,0,0,4.7,0.6,0,0.8,0,1.2,34,0.003,0,0,0,0,0.003,0.01,0,0.005,0,0,0.004,0.516,0,0,0,0,0,0,0.047,0,0,0,0.047,0.006,0,0.008,0,0.012,0.34,1.6,57.2,6.1,1.2,58.8,66.1
"Cowichan River Fall","S BC","COW",1997,48.75,9845,0.9,0,0,0,0,3.3,0.9,0,0.4,0.5,0,1.1,27.6,0,0,0,0,0,1.7,3.4,0,0,0,0.6,0.5,0,0.8,0,0.7,57.4,0.009,0,0,0,0,0.033,0.009,0,0.004,0.005,0,0.011,0.276,0,0,0,0,0,0.017,0.034,0,0,0,0.006,0.005,0,0.008,0,0.007,0.574,5.1,34.7,1.9,0.7,39.8,42.4
"Cowichan River Fall","S BC","COW",1998,48.75,4371,3.8,0,0,0,0,0.5,1.6,0,0,0.7,0,0.5,33.7,0,0,0,0,0,0,0,0,0,0,8.8,0,0,2.9,0,4.1,43.4,0.038,0,0,0,0,0.005,0.016,0,0,0.007,0,0.005,0.337,0,0,0,0,0,0,0,0,0,0,0.088,0,0,0.029,0,0.041,0.434,5.9,34.9,11.7,4.1,40.8,56.6
"Cowichan River Fall","S BC","COW",1999,48.75,4500,0,0,0,0,0,0,0.7,0,0,0.5,0,0,52.7,0.8,0.6,0,0,0,0.3,0,0,0,0,1.6,1.4,0,6.1,0,3.6,31.6,0,0,0,0,0,0,0.007,0,0,0.005,0,0,0.527,0.008,0.006,0,0,0,0.003,0,0,0,0,0.016,0.014,0,0.061,0,0.036,0.316,0.7,54.9,9.1,3.6,55.6,68.3
"Cowichan River Fall","S BC","COW",2000,48.75,5109,1.5,0.3,0,0,0,1.2,4.8,0,0,0,0,0,24.8,0,0,0,0,0,0,2.3,0,0,0,0.7,0.6,0,4,0,1.3,58.5,0.015,0.003,0,0,0,0.012,0.048,0,0,0,0,0,0.248,0,0,0,0,0,0,0.023,0,0,0,0.007,0.006,0,0.04,0,0.013,0.585,7.8,27.1,5.3,1.3,34.9,41.5
"Cowichan River Fall","S BC","COW",2001,48.75,3283,0.3,0,0,0,0,9.7,0,0,0,0,0,0,33.3,0.2,0,0,0,0,0.1,2.4,0,0,0,6.5,0,0,10.6,0,4.5,32.5,0.003,0,0,0,0,0.097,0,0,0,0,0,0,0.333,0.002,0,0,0,0,0.001,0.024,0,0,0,0.065,0,0,0.106,0,0.045,0.325,10,36,17.1,4.5,46,67.6
"Cowichan River Fall","S BC","COW",2002,48.75,2505,1.5,0,0,0,0,3.7,1.5,0,0,1,0,0,38.4,0.3,0,0.4,0,0,0.4,5.6,0,0,0,8.1,2.4,0,3.1,0,2.6,31,0.015,0,0,0,0,0.037,0.015,0,0,0.01,0,0,0.384,0.003,0,0.004,0,0,0.004,0.056,0,0,0,0.081,0.024,0,0.031,0,0.026,0.31,6.7,46.1,13.6,2.6,52.8,69
"Cowichan River Fall","S BC","COW",2003,48.75,2494,2.1,0.2,0,2.3,0,8.9,3.1,0.9,0,0,0,0,39.3,0.6,0,0,0,0,0,3.8,0,0,0,4.6,1.5,0,7.3,0,2.4,22.9,0.021,0.002,0,0.023,0,0.089,0.031,0.009,0,0,0,0,0.393,0.006,0,0,0,0,0,0.038,0,0,0,0.046,0.015,0,0.073,0,0.024,0.229,16.6,44.6,13.4,2.4,61.2,77
"Cowichan River Fall","S BC","COW",2004,48.75,2226,0,0.4,0,0.7,0,15.4,7.3,0,0,2,0,0,31.6,2.6,0,0,0,0,0,2,0,0,0,1.6,0,0,8.7,0,6.4,21.4,0,0.004,0,0.007,0,0.154,0.073,0,0,0.02,0,0,0.316,0.026,0,0,0,0,0,0.02,0,0,0,0.016,0,0,0.087,0,0.064,0.214,23.8,38.2,10.3,6.4,62,78.7
"Cowichan River Fall","S BC","COW",2005,48.75,1527,0,0.3,0,0.9,1.5,17.2,5.6,0,0.9,0,0,0,30.8,0.3,0.6,0,0,0,2.3,0.5,0,0,0,5.6,0,0,8.4,0,7.2,17.9,0,0.003,0,0.009,0.015,0.172,0.056,0,0.009,0,0,0,0.308,0.003,0.006,0,0,0,0.023,0.005,0,0,0,0.056,0,0,0.084,0,0.072,0.179,25.5,35.4,14,7.2,60.9,82.1
"Cowichan River Fall","S BC","COW",2006,48.75,1069,0.7,0,0,0.5,0,12.7,4.5,0,0,0,0,0,49.2,1.6,0.4,0,0,0,0.3,3.1,0,0,0,3.9,0,0,3,0,2.9,17.1,0.007,0,0,0.005,0,0.127,0.045,0,0,0,0,0,0.492,0.016,0.004,0,0,0,0.003,0.031,0,0,0,0.039,0,0,0.03,0,0.029,0.171,18.4,54.6,6.9,2.9,73,82.8
"Cowichan River Fall","S BC","COW",2007,48.75,1860,0,0,0.4,0,0,3.3,1.2,0,0.4,0,0,0,69.9,0.1,0.3,0,0,0,0.2,0,0,0,0,2.3,0,0,2.8,0,0.7,18.4,0,0,0.004,0,0,0.033,0.012,0,0.004,0,0,0,0.699,0.001,0.003,0,0,0,0.002,0,0,0,0,0.023,0,0,0.028,0,0.007,0.184,4.9,70.9,5.1,0.7,75.8,81.6
"Cowichan River Fall","S BC","COW",2008,48.75,1109,0,0,0.1,0,0,3.7,2.5,0,0,0,0,0,80.3,0.4,0,0,0,0,0,0,0,0,0,1.8,0,0,1.6,0,1.2,8.5,0,0,0.001,0,0,0.037,0.025,0,0,0,0,0,0.803,0.004,0,0,0,0,0,0,0,0,0,0.018,0,0,0.016,0,0.012,0.085,6.3,80.7,3.4,1.2,87,91.6
"Cowichan River Fall","S BC","COW",2009,48.75,540,0,0,0.3,0,0,2.8,4.6,0,0,0,0,0,71.9,0.2,0,0,0,0,0,2,0,0,0,2.5,0,0,2,0,5.5,8.3,0,0,0.003,0,0,0.028,0.046,0,0,0,0,0,0.719,0.002,0,0,0,0,0,0.02,0,0,0,0.025,0,0,0.02,0,0.055,0.083,7.7,74.1,4.5,5.5,81.8,91.8
"Cowichan River Fall","S BC","COW",2010,48.75,2419,0.1,0,0,0,0,3.7,1.4,0,0,0.7,0,0,73.3,0.5,0,0,0,0,0.3,0.9,0,0,0,0.6,0,0,2.4,0,1,15.1,0.001,0,0,0,0,0.037,0.014,0,0,0.007,0,0,0.733,0.005,0,0,0,0,0.003,0.009,0,0,0,0.006,0,0,0.024,0,0.01,0.151,5.2,75.7,3,1,80.9,84.9
"Cowichan River Fall","S BC","COW",2011,48.75,2786,0.5,0.2,0,0.1,0.1,3.6,2.8,0,0,1.9,0,0,50.6,0.9,0.2,0,0,0,0.5,2.3,0,0,0,1,0,0,2.7,0,1.1,31.7,0.005,0.002,0,0.001,0.001,0.036,0.028,0,0,0.019,0,0,0.506,0.009,0.002,0,0,0,0.005,0.023,0,0,0,0.01,0,0,0.027,0,0.011,0.317,7.3,56.4,3.7,1.1,63.7,68.5
"Cowichan River Fall","S BC","COW",2012,48.75,2668,0.5,0.1,0.1,0.3,0.1,2.5,4.1,0,0,1.4,0,0.1,45.6,1.9,0.2,0,0,0,0,3.8,0,0,0,8.6,0.1,0,2.6,0,1.2,26.7,0.005,0.001,0.001,0.003,0.001,0.025,0.041,0,0,0.014,0,0.001,0.456,0.019,0.002,0,0,0,0,0.038,0,0,0,0.086,0.001,0,0.026,0,0.012,0.267,7.7,53,11.3,1.2,60.7,73.2
"Cowichan River Fall","S BC","COW",2013,48.75,4362,0.3,0.1,0,0,0.2,1.9,2.9,0,0,0.3,0,0.1,47.5,1.6,0.2,0,0,0,0.8,2.7,0,0,0,1.8,0,0,4.2,0,3.4,32.1,0.003,0.001,0,0,0.002,0.019,0.029,0,0,0.003,0,0.001,0.475,0.016,0.002,0,0,0,0.008,0.027,0,0,0,0.018,0,0,0.042,0,0.034,0.321,5.4,53.2,6,3.4,58.6,68
"Cowichan River Fall","S BC","COW",2014,48.75,4185,1.1,0,0.3,0.6,0,4.9,5.7,0,0,1.4,0,0,53.1,1.2,0.1,0,0,0,0.2,2,0,0,0,3.7,0,0,0.9,0,1.3,23.4,0.011,0,0.003,0.006,0,0.049,0.057,0,0,0.014,0,0,0.531,0.012,0.001,0,0,0,0.002,0.02,0,0,0,0.037,0,0,0.009,0,0.013,0.234,12.6,58,4.6,1.3,70.6,76.5
"Cowichan River Fall","S BC","COW",2015,48.75,5984,0.7,0.4,0,0.2,0,0.5,3.2,0,0,3.5,0,0,46.6,1,0,0,0,0,0.1,0.9,0,0,0,2.6,0,0,1.1,0,5.8,33.5,0.007,0.004,0,0.002,0,0.005,0.032,0,0,0.035,0,0,0.466,0.01,0,0,0,0,0.001,0.009,0,0,0,0.026,0,0,0.011,0,0.058,0.335,5,52.1,3.7,5.8,57.1,66.6
"Cowichan River Fall","S BC","COW",2016,48.75,7787,0.3,0,0.1,0.1,0,0.9,1.3,0,0,0.7,0,0,45.2,0.5,0.2,0,0,0,0,0.7,0,0,0,2.2,0,0,3.1,0,1.3,43.2,0.003,0,0.001,0.001,0,0.009,0.013,0,0,0.007,0,0,0.452,0.005,0.002,0,0,0,0,0.007,0,0,0,0.022,0,0,0.031,0,0.013,0.432,2.7,47.3,5.3,1.3,50,56.6
"Cowichan River Fall","S BC","COW",2017,48.75,10590,0.2,0.1,0.6,0.2,0,3.5,4.2,0,0,2.8,0,0,34.2,0.9,0.1,0,0,0,0.2,2.2,0,0,0,3.3,0,0,3.3,0,1.1,42.9,0.002,0.001,0.006,0.002,0,0.035,0.042,0,0,0.028,0,0,0.342,0.009,0.001,0,0,0,0.002,0.022,0,0,0,0.033,0,0,0.033,0,0.011,0.429,8.8,40.4,6.6,1.1,49.2,56.9
"Cowichan River Fall","S BC","COW",2018,48.75,14353,0.7,0.1,0,0.2,0,1,2.7,0,0.3,0.9,0,0,54.1,0.5,0,0,0,0,0.1,0.8,0,0,0,13.9,0,0,1.2,0,0.7,22.9,0.007,0.001,0,0.002,0,0.01,0.027,0,0.003,0.009,0,0,0.541,0.005,0,0,0,0,0.001,0.008,0,0,0,0.139,0,0,0.012,0,0.007,0.229,4.7,56.7,15.1,0.7,61.4,77.2
"Cowichan River Fall","S BC","COW",2019,48.75,15348,0.3,0.4,0.4,0.4,0,1.3,2.1,0,0,4,0,0,59.2,0.6,0.2,0,0,0,0.1,1.4,0,0,0,0.3,0,0,1.7,0,0.4,27.4,0.003,0.004,0.004,0.004,0,0.013,0.021,0,0,0.04,0,0,0.592,0.006,0.002,0,0,0,0.001,0.014,0,0,0,0.003,0,0,0.017,0,0.004,0.274,4.9,65.5,2,0.4,70.4,72.8
"Cowichan River Fall","S BC","COW",2020,48.75,8737,0.1,0.1,0,0.2,0,0.2,0.2,0,0,0.2,0,0,22.8,0,0,0,0,0,0.1,0.6,0,0,0,0,0,0,0.9,0,0.5,74.1,0.001,0.001,0,0.002,0,0.002,0.002,0,0,0.002,0,0,0.228,0,0,0,0,0,0.001,0.006,0,0,0,0,0,0,0.009,0,0.005,0.741,0.8,23.7,0.9,0.5,24.5,25.9
"Cowichan River Fall","S BC","COW",2021,48.75,12902,0,0,0,0,0,0.5,2.6,0,0,0.3,0,0.1,32.8,0.2,0.1,0,0,0,0.3,0.3,0,0,0,0,0,0,1.3,0,0.5,60.9,0,0,0,0,0,0.005,0.026,0,0,0.003,0,0.001,0.328,0.002,0.001,0,0,0,0.003,0.003,0,0,0,0,0,0,0.013,0,0.005,0.609,3.1,34.1,1.3,0.5,37.2,39
"Cowichan River Fall","S BC","COW",2022,48.75,17574,0,0,0,0,0,1.6,0.8,0,0,1.4,0,0,33.4,0.5,0,0,0,0,0.2,0.2,0,0,0,0,0,0,0.9,0,0.4,60.6,0,0,0,0,0,0.016,0.008,0,0,0.014,0,0,0.334,0.005,0,0,0,0,0.002,0.002,0,0,0,0,0,0,0.009,0,0.004,0.606,2.4,35.7,0.9,0.4,38.1,39.4
"Cowichan River Fall","S BC","COW",2023,48.75,19855,0,0.4,0,0,0,1.4,1.2,0,0,5.5,0,0,56.7,0,0,0,0,0,0,0.9,0,0,0,0,0,0,0.3,0,0,33.4,0,0.004,0,0,0,0.014,0.012,0,0,0.055,0,0,0.567,0,0,0,0,0,0,0.009,0,0,0,0,0,0,0.003,0,0,0.334,3,63.1,0.3,0,66.1,66.4
"Cowichan River Fall","S BC","COW",2024,48.75,22938,0.1,0,0,0.3,0,0.1,1.7,0,0,1.3,0,0,22.8,0,0.3,0,0,0,0,0,0,0,0,0,0,0,0,0,0.1,73.3,0.001,0,0,0.003,0,0.001,0.017,0,0,0.013,0,0,0.228,0,0.003,0,0,0,0,0,0,0,0,0,0,0,0,0,0.001,0.733,2.2,24.4,0,0.1,26.6,26.7
"Hanford Wild Brights","Columbia R.","HAN",1979,46.55,,,,,,,,,,,,,,,,,,,,,,,,,,,,,,,,,,,,,,,,,,,,,,,,,,,,,,,,,,,,,,0,0,0,,0,
"Hanford Wild Brights","Columbia R.","HAN",1980,46.55,,,,,,,,,,,,,,,,,,,,,,,,,,,,,,,,,,,,,,,,,,,,,,,,,,,,,,,,,,,,,,0,0,0,,0,
"Hanford Wild Brights","Columbia R.","HAN",1981,46.55,,,,,,,,,,,,,,,,,,,,,,,,,,,,,,,,,,,,,,,,,,,,,,,,,,,,,,,,,,,,,,0,0,0,,0,
"Hanford Wild Brights","Columbia R.","HAN",1982,46.55,,,,,,,,,,,,,,,,,,,,,,,,,,,,,,,,,,,,,,,,,,,,,,,,,,,,,,,,,,,,,,0,0,0,,0,
"Hanford Wild Brights","Columbia R.","HAN",1983,46.55,,,,,,,,,,,,,,,,,,,,,,,,,,,,,,,,,,,,,,,,,,,,,,,,,,,,,,,,,,,,,,0,0,0,,0,
"Hanford Wild Brights","Columbia R.","HAN",1984,46.55,,,,,,,,,,,,,,,,,,,,,,,,,,,,,,,,,,,,,,,,,,,,,,,,,,,,,,,,,,,,,,0,0,0,,0,
"Hanford Wild Brights","Columbia R.","HAN",1985,46.55,,,,,,,,,,,,,,,,,,,,,,,,,,,,,,,,,,,,,,,,,,,,,,,,,,,,,,,,,,,,,,0,0,0,,0,
"Hanford Wild Brights","Columbia R.","HAN",1986,46.55,,,,,,,,,,,,,,,,,,,,,,,,,,,,,,,,,,,,,,,,,,,,,,,,,,,,,,,,,,,,,,0,0,0,,0,
"Hanford Wild Brights","Columbia R.","HAN",1987,46.55,,,,,,,,,,,,,,,,,,,,,,,,,,,,,,,,,,,,,,,,,,,,,,,,,,,,,,,,,,,,,,0,0,0,,0,
"Hanford Wild Brights","Columbia R.","HAN",1988,46.55,,5.9,0,0.4,6.3,0.2,6.4,0.9,0.5,2,0,0,0.1,0.5,0.2,0.1,0.1,0,0,1.9,0,0,0,0,0,0,0,14.8,27.1,0,32.4,0.059,0,0.004,0.063,0.002,0.064,0.009,0.005,0.02,0,0,0.001,0.005,0.002,0.001,0.001,0,0,0.019,0,0,0,0,0,0,0,0.148,0.271,0,0.324,20.1,5.4,41.9,0,25.5,67.4
"Hanford Wild Brights","Columbia R.","HAN",1989,46.55,,11.1,0,0.5,10.7,0,8,5.8,2.4,1.4,0,0,1.7,0.2,1.1,0,0.2,0,0,0,0,0,0,0,0,0,0,26.4,12.1,0,18.3,0.111,0,0.005,0.107,0,0.08,0.058,0.024,0.014,0,0,0.017,0.002,0.011,0,0.002,0,0,0,0,0,0,0,0,0,0,0.264,0.121,0,0.183,36.1,7,38.5,0,43.1,81.6
"Hanford Wild Brights","Columbia R.","HAN",1990,46.55,,8.8,0.9,0.4,5.1,0.1,8.9,3.6,0.4,0.5,0,0,0.2,0,0.7,0.7,0,0,0,0,0,0,0,0,0,0,0,20.6,5.7,0,43.3,0.088,0.009,0.004,0.051,0.001,0.089,0.036,0.004,0.005,0,0,0.002,0,0.007,0.007,0,0,0,0,0,0,0,0,0,0,0,0.206,0.057,0,0.433,27.8,2.5,26.3,0,30.3,56.6
"Hanford Wild Brights","Columbia R.","HAN",1991,46.55,,11.1,0,1.5,10.4,0.6,5.1,0,0.2,0,0,0,0,0.9,0.6,0,0.5,0.5,0,0,0,0,0,0,0,0,0,22.2,3.9,0,42.3,0.111,0,0.015,0.104,0.006,0.051,0,0.002,0,0,0,0,0.009,0.006,0,0.005,0.005,0,0,0,0,0,0,0,0,0,0.222,0.039,0,0.423,28.7,2.7,26.1,0,31.4,57.5
"Hanford Wild Brights","Columbia R.","HAN",1992,46.55,,15.5,16.8,1.5,6.3,0,14.9,0,0,0,0,0,0,0,0,1,1,0,0,0,0,0,0,0,0,0,0,14.3,1.2,0,27.5,0.155,0.168,0.015,0.063,0,0.149,0,0,0,0,0,0,0,0,0.01,0.01,0,0,0,0,0,0,0,0,0,0,0.143,0.012,0,0.275,55,2,15.5,0,57,72.5
"Hanford Wild Brights","Columbia R.","HAN",1993,46.55,,19.2,0,2.3,3.2,1.2,6.1,1.9,0,0.5,0,0,1.8,0,3.7,0,0,0,0,0,0.9,0,0,0,0,0,0,14.7,6.7,0,37.9,0.192,0,0.023,0.032,0.012,0.061,0.019,0,0.005,0,0,0.018,0,0.037,0,0,0,0,0,0.009,0,0,0,0,0,0,0.147,0.067,0,0.379,33.9,6.9,21.4,0,40.8,62.2
"Hanford Wild Brights","Columbia R.","HAN",1994,46.55,,17.1,3,0,5.2,0,4.7,0,0.2,1.1,0,0,0.3,0,0.6,0,0,0,0,0,0,0,0,0,0,0,0,5.3,12.1,0,50.3,0.171,0.03,0,0.052,0,0.047,0,0.002,0.011,0,0,0.003,0,0.006,0,0,0,0,0,0,0,0,0,0,0,0,0.053,0.121,0,0.503,30,2.2,17.4,0,32.2,49.6
"Hanford Wild Brights","Columbia R.","HAN",1995,46.55,,13.1,0,4.2,5.4,0,2.8,0,0,0,0,0,0,0,0,0,0,0,0,0,0,0,0,0,0,0,0,9.3,7,0,58.1,0.131,0,0.042,0.054,0,0.028,0,0,0,0,0,0,0,0,0,0,0,0,0,0,0,0,0,0,0,0,0.093,0.07,0,0.581,25.5,0,16.3,0,25.5,41.8
"Hanford Wild Brights","Columbia R.","HAN",1996,46.55,,12.6,0,0,0.9,0,0.7,0,0,0.6,0,0,0,0,0,0,0,0,0,0,0,0,0,0,0,0.2,0,27,7.6,0,50.2,0.126,0,0,0.009,0,0.007,0,0,0.006,0,0,0,0,0,0,0,0,0,0,0,0,0,0,0,0.002,0,0.27,0.076,0,0.502,14.2,0.6,34.8,0,14.8,49.6
"Hanford Wild Brights","Columbia R.","HAN",1997,46.55,,16.9,1.1,0.2,3.3,3.1,0.8,0,0,0,0,0,0,0,0,0,1,0,0,0,0,0,0,0,0,0,0,13.6,7,0,52.9,0.169,0.011,0.002,0.033,0.031,0.008,0,0,0,0,0,0,0,0,0,0.01,0,0,0,0,0,0,0,0,0,0,0.136,0.07,0,0.529,25.4,1,20.6,0,26.4,47
"Hanford Wild Brights","Columbia R.","HAN",1998,46.55,,13.6,0,0,11.4,1,0,0,0,0,0,0,0,0,0,0,0,0,0,0,0,0,0,0,0,0,0,17.3,6.6,0,50.1,0.136,0,0,0.114,0.01,0,0,0,0,0,0,0,0,0,0,0,0,0,0,0,0,0,0,0,0,0,0.173,0.066,0,0.501,26,0,23.9,0,26,49.9
"Hanford Wild Brights","Columbia R.","HAN",1999,46.55,,12.6,0.6,2.4,13.1,0,0,0,0,0,0,0,0,0,0,0,0,0,0,0,0,0,0,0,0,0,0,11.2,6.2,0,53.9,0.126,0.006,0.024,0.131,0,0,0,0,0,0,0,0,0,0,0,0,0,0,0,0,0,0,0,0,0,0,0.112,0.062,0,0.539,28.7,0,17.4,0,28.7,46.1
"Hanford Wild Brights","Columbia R.","HAN",2000,46.55,,20.9,0.4,3.2,0,0,0,0,0,0,0,0,0,0,0,0,0,0,0,0,0,0,0,0,0,0,0,26.3,5.7,0,43.7,0.209,0.004,0.032,0,0,0,0,0,0,0,0,0,0,0,0,0,0,0,0,0,0,0,0,0,0,0,0.263,0.057,0,0.437,24.5,0,32,0,24.5,56.5
"Hanford Wild Brights","Columbia R.","HAN",2001,46.55,,6,0.6,1.7,0,0,0,0,0,0,0,0,0,0,1,0,0.5,0,0,0,0,0,0,0,0,0,0,19.7,14.5,0,56,0.06,0.006,0.017,0,0,0,0,0,0,0,0,0,0,0.01,0,0.005,0,0,0,0,0,0,0,0,0,0,0.197,0.145,0,0.56,8.3,1.5,34.2,0,9.8,44
"Hanford Wild Brights","Columbia R.","HAN",2002,46.55,,17.9,0,1.2,0.8,0.5,2.7,0,0,0,0,0,0,0,0.9,0,0.6,0.3,0,0,0,0,0,0,0,0,0,9.4,10.6,1.9,53.2,0.179,0,0.012,0.008,0.005,0.027,0,0,0,0,0,0,0,0.009,0,0.006,0.003,0,0,0,0,0,0,0,0,0,0.094,0.106,0.019,0.532,23.1,1.8,20,1.9,24.9,46.8
"Hanford Wild Brights","Columbia R.","HAN",2003,46.55,,13.7,0,0.7,4.2,1.1,0,0.4,0,0,0,0,0,0,0.3,0.3,0.3,0,0,0,0,0,0,0,0,0,0,13.8,9.2,0,56,0.137,0,0.007,0.042,0.011,0,0.004,0,0,0,0,0,0,0.003,0.003,0.003,0,0,0,0,0,0,0,0,0,0,0.138,0.092,0,0.56,20.1,0.9,23,0,21,44
"Hanford Wild Brights","Columbia R.","HAN",2004,46.55,,18.7,2,2.8,6.5,3.3,2.9,0,0,0,0,0,0,0.4,0.2,0.4,0.2,0,0.2,0,0,0,0,0,0,0,0,12.9,4,0,45.5,0.187,0.02,0.028,0.065,0.033,0.029,0,0,0,0,0,0,0.004,0.002,0.004,0.002,0,0.002,0,0,0,0,0,0,0,0,0.129,0.04,0,0.455,36.2,1.4,16.9,0,37.6,54.5
"Hanford Wild Brights","Columbia R.","HAN",2005,46.55,,13.1,0,0,8.3,2.5,4.1,4.8,0,0,0,0,0,0,2.6,1,0.5,0,0,0,0,0,0,0,0,0,0,11.3,14.5,0,37.2,0.131,0,0,0.083,0.025,0.041,0.048,0,0,0,0,0,0,0.026,0.01,0.005,0,0,0,0,0,0,0,0,0,0,0.113,0.145,0,0.372,32.8,4.1,25.8,0,36.9,62.7
"Hanford Wild Brights","Columbia R.","HAN",2006,46.55,,18.9,0,1.2,5.3,0,2.6,4,0,0,0,0,0,0,0.4,0,0.4,0,0,0,0,0,0,0,0,0,0,14.1,18.7,0,34.4,0.189,0,0.012,0.053,0,0.026,0.04,0,0,0,0,0,0,0.004,0,0.004,0,0,0,0,0,0,0,0,0,0,0.141,0.187,0,0.344,32,0.8,32.8,0,32.8,65.6
"Hanford Wild Brights","Columbia R.","HAN",2007,46.55,,23.3,0,1.6,7.2,9,2.6,0,0,1.3,0,0,0,0,0.8,0,0.7,0,0,0,0,0,0,0,0,0,0,6.3,15.6,0,31.6,0.233,0,0.016,0.072,0.09,0.026,0,0,0.013,0,0,0,0,0.008,0,0.007,0,0,0,0,0,0,0,0,0,0,0.063,0.156,0,0.316,43.7,2.8,21.9,0,46.5,68.4
"Hanford Wild Brights","Columbia R.","HAN",2008,46.55,,33.1,0,4.8,1.6,3.5,3.5,2.6,0,0,0,0,0,0,0,0,0,0,0,0,0,0,0,0,0,0,0,16.1,6.1,0.9,27.7,0.331,0,0.048,0.016,0.035,0.035,0.026,0,0,0,0,0,0,0,0,0,0,0,0,0,0,0,0,0,0,0,0.161,0.061,0.009,0.277,49.1,0,22.2,0.9,49.1,72.2
"Hanford Wild Brights","Columbia R.","HAN",2009,46.55,,20.3,0,1.9,3.8,2.2,1.5,3.3,0,0,0,0,0,3.6,0,0,0,0,0,0,0,0,0,0,0,0,0,47.3,4.7,0,11.4,0.203,0,0.019,0.038,0.022,0.015,0.033,0,0,0,0,0,0.036,0,0,0,0,0,0,0,0,0,0,0,0,0,0.473,0.047,0,0.114,33,3.6,52,0,36.6,88.6
"Hanford Wild Brights","Columbia R.","HAN",2010,46.55,,16,0,6.5,7.8,2.9,0.7,1.7,0,0,0,0,0,0,1.5,0.5,0.4,0,0,0,0,0,0,0,0,0,0,11.3,4.4,0,46.2,0.16,0,0.065,0.078,0.029,0.007,0.017,0,0,0,0,0,0,0.015,0.005,0.004,0,0,0,0,0,0,0,0,0,0,0.113,0.044,0,0.462,35.6,2.4,15.7,0,38,53.7
"Hanford Wild Brights","Columbia R.","HAN",2011,46.55,,21.5,0.6,0,1.9,5.1,2.4,0,0,0,0,0,0,2.2,0,0.3,0.8,0.8,0.7,0,0,0,0,0,0,0,0,21.2,8.3,0,34.2,0.215,0.006,0,0.019,0.051,0.024,0,0,0,0,0,0,0.022,0,0.003,0.008,0.008,0.007,0,0,0,0,0,0,0,0,0.212,0.083,0,0.342,31.5,4.8,29.5,0,36.3,65.8
"Hanford Wild Brights","Columbia R.","HAN",2012,46.55,,14.7,0.7,4.2,4.7,4.7,5,8.4,0,0,0,0,0,0,4.4,0.2,0.4,0.7,0,0,0.3,0,0,0,0,0,0,15.2,15.1,0,21.3,0.147,0.007,0.042,0.047,0.047,0.05,0.084,0,0,0,0,0,0,0.044,0.002,0.004,0.007,0,0,0.003,0,0,0,0,0,0,0.152,0.151,0,0.213,42.4,6,30.3,0,48.4,78.7
"Hanford Wild Brights","Columbia R.","HAN",2013,46.55,,7.5,0,2.1,4.6,2.8,1.5,1.4,0,0,0,0,0,0.5,1.3,0.4,1.4,0.3,0,0,0,0,0,0,0,0,0,22.9,10.1,0,43.3,0.075,0,0.021,0.046,0.028,0.015,0.014,0,0,0,0,0,0.005,0.013,0.004,0.014,0.003,0,0,0,0,0,0,0,0,0,0.229,0.101,0,0.433,19.9,3.9,33,0,23.8,56.8
"Hanford Wild Brights","Columbia R.","HAN",2014,46.55,,13.5,0.4,2.6,4.6,1.4,2.5,0.9,0,0,0.7,0,0,0.1,1.2,0.2,2.4,0,0,0,0,0,0,0,0,0,0,17.5,9.2,0,42.8,0.135,0.004,0.026,0.046,0.014,0.025,0.009,0,0,0.007,0,0,0.001,0.012,0.002,0.024,0,0,0,0,0,0,0,0,0,0,0.175,0.092,0,0.428,25.9,4.6,26.7,0,30.5,57.2
"Hanford Wild Brights","Columbia R.","HAN",2015,46.55,,13.8,1.7,1.8,2.5,4.4,0.6,1,0,0,0.1,0,0,0.3,1.7,0.9,0.8,0,0,0,0,0,0,0,0,0,0,16.5,6,0,47.8,0.138,0.017,0.018,0.025,0.044,0.006,0.01,0,0,0.001,0,0,0.003,0.017,0.009,0.008,0,0,0,0,0,0,0,0,0,0,0.165,0.06,0,0.478,25.8,3.8,22.5,0,29.6,52.1
"Hanford Wild Brights","Columbia R.","HAN",2016,46.55,,15.6,0.5,3.5,4.9,1.7,1.8,0.3,0,0,0,0,0,0,1.1,0,0.7,0,0,0,0,0,0,0,0,0,0,19.5,8.3,0,42.1,0.156,0.005,0.035,0.049,0.017,0.018,0.003,0,0,0,0,0,0,0.011,0,0.007,0,0,0,0,0,0,0,0,0,0,0.195,0.083,0,0.421,28.3,1.8,27.8,0,30.1,57.9
"Hanford Wild Brights","Columbia R.","HAN",2017,46.55,,12.2,0,5,3.4,1.7,0.5,0.5,0,0,0,0,0,0,1.2,0.5,0.3,0,0,0,0,0,0,0,0,0,0,20.1,15.8,0,38.7,0.122,0,0.05,0.034,0.017,0.005,0.005,0,0,0,0,0,0,0.012,0.005,0.003,0,0,0,0,0,0,0,0,0,0,0.201,0.158,0,0.387,23.3,2,35.9,0,25.3,61.2
"Hanford Wild Brights","Columbia R.","HAN",2018,46.55,,6.3,0,5,5.6,2.6,0,0,0,0,0,0,0,0,1.1,0,2,0,0,0,0,0,0,0,0,0,0,12.4,7.4,0,57.6,0.063,0,0.05,0.056,0.026,0,0,0,0,0,0,0,0,0.011,0,0.02,0,0,0,0,0,0,0,0,0,0,0.124,0.074,0,0.576,19.5,3.1,19.8,0,22.6,42.4
"Hanford Wild Brights","Columbia R.","HAN",2019,46.55,,10,0,0,10.8,3.5,1.1,0,0,0,2.6,0,0,0,0,0,0,0,0,0,0,0,0,0,0,0,0,4.2,12.3,0.5,55,0.1,0,0,0.108,0.035,0.011,0,0,0,0.026,0,0,0,0,0,0,0,0,0,0,0,0,0,0,0,0,0.042,0.123,0.005,0.55,25.4,2.6,16.5,0.5,28,45
"Hanford Wild Brights","Columbia R.","HAN",2020,46.55,,13,0.9,1.5,5,1.1,0,2.2,0,0,0,0,0,0,0.7,0.8,0,0,0,0,0,0,0,0,0,0,0,9,8.8,0,57.1,0.13,0.009,0.015,0.05,0.011,0,0.022,0,0,0,0,0,0,0.007,0.008,0,0,0,0,0,0,0,0,0,0,0,0.09,0.088,0,0.571,23.7,1.5,17.8,0,25.2,43
"Hanford Wild Brights","Columbia R.","HAN",2021,46.55,,9.5,0,4.1,4.4,0,0,0,0,0,0.8,0,0,0,0.4,0,0,0,0,0,0,0,0,0,0,0,0,13.7,5.8,5.7,55.6,0.095,0,0.041,0.044,0,0,0,0,0,0.008,0,0,0,0.004,0,0,0,0,0,0,0,0,0,0,0,0,0.137,0.058,0.057,0.556,18,1.2,19.5,5.7,19.2,44.4
"Hanford Wild Brights","Columbia R.","HAN",2022,46.55,,8.6,5.3,4.1,2.5,2.7,1.5,0,0,0,0,0,0,0,1.2,0,0.3,0,0,0,0,0,0,0,0,0,0,19.5,3.7,0,50.6,0.086,0.053,0.041,0.025,0.027,0.015,0,0,0,0,0,0,0,0.012,0,0.003,0,0,0,0,0,0,0,0,0,0,0.195,0.037,0,0.506,24.7,1.5,23.2,0,26.2,49.4
"Hanford Wild Brights","Columbia R.","HAN",2023,46.55,,1.2,0,0,0,0,0,0,0,0,0,0,0,0,0,0,0,0,0,0,0,0,0,0,0,0,0,2.6,8.1,0,88,0.012,0,0,0,0,0,0,0,0,0,0,0,0,0,0,0,0,0,0,0,0,0,0,0,0,0,0.026,0.081,0,0.88,1.2,0,10.7,0,1.2,11.9
"Hanford Wild Brights","Columbia R.","HAN",2024,46.55,,,,,,,,,,,,,,,,,,,,,,,,,,,,,,,,,,,,,,,,,,,,,,,,,,,,,,,,,,,,,,0,0,0,,0,
"Harrison River","Fraser","HAR",1979,49.29,,,,,,,,,,,,,,,,,,,,,,,,,,,,,,,,,,,,,,,,,,,,,,,,,,,,,,,,,,,,,,0,0,0,,0,
"Harrison River","Fraser","HAR",1980,49.29,,,,,,,,,,,,,,,,,,,,,,,,,,,,,,,,,,,,,,,,,,,,,,,,,,,,,,,,,,,,,,0,0,0,,0,
"Harrison River","Fraser","HAR",1981,49.29,,,,,,,,,,,,,,,,,,,,,,,,,,,,,,,,,,,,,,,,,,,,,,,,,,,,,,,,,,,,,,0,0,0,,0,
"Harrison River","Fraser","HAR",1982,49.29,,,,,,,,,,,,,,,,,,,,,,,,,,,,,,,,,,,,,,,,,,,,,,,,,,,,,,,,,,,,,,0,0,0,,0,
"Harrison River","Fraser","HAR",1983,49.29,,0,0,0,0.4,0,10.5,0,1.4,1.2,0,7.6,18.4,28.1,1.3,0,0.1,0,0.3,7.1,12.1,0,0,0,0,0.9,0,0,0,0,10.5,0,0,0,0.004,0,0.105,0,0.014,0.012,0,0.076,0.184,0.281,0.013,0,0.001,0,0.003,0.071,0.121,0,0,0,0,0.009,0,0,0,0,0.105,10.9,77.6,0.9,0,88.5,89.4
"Harrison River","Fraser","HAR",1984,49.29,120835,0.1,0,0,1,0,28.9,0,3.8,0.3,0,14.8,5.7,26.5,1.7,0.1,0.3,0,0,1.8,4.3,0,0,0,0,0.4,0,0.3,0,0,9.8,0.001,0,0,0.01,0,0.289,0,0.038,0.003,0,0.148,0.057,0.265,0.017,0.001,0.003,0,0,0.018,0.043,0,0,0,0,0.004,0,0.003,0,0,0.098,30,59.3,0.7,0,89.3,90
"Harrison River","Fraser","HAR",1985,49.29,174776,0.2,0,0,1.1,0,22.9,0.4,1.7,1.3,0,7.8,3.2,24.4,0.9,0.2,0.1,0,0,3,3.2,0,0,0,0,0.4,0,0.4,0,0,28.7,0.002,0,0,0.011,0,0.229,0.004,0.017,0.013,0,0.078,0.032,0.244,0.009,0.002,0.001,0,0,0.03,0.032,0,0,0,0,0.004,0,0.004,0,0,0.287,24.6,45.8,0.8,0,70.4,71.2
"Harrison River","Fraser","HAR",1986,49.29,162594,1.6,0,0,0.4,0,17.2,0.4,2.7,1.6,0.4,18.1,9,22.5,0,0,0,0,0,0.5,4,0,0,0,0,0,0,0.5,0,0,21.1,0.016,0,0,0.004,0,0.172,0.004,0.027,0.016,0.004,0.181,0.09,0.225,0,0,0,0,0,0.005,0.04,0,0,0,0,0,0,0.005,0,0,0.211,19.6,58.8,0.5,0,78.4,78.9
"Harrison River","Fraser","HAR",1987,49.29,79036,0.9,0,0,0,0,8.9,0,0.6,1.5,0,8.4,4.6,24.9,3.3,0.4,0,0,0,5.5,2,0,0,0,0,0.9,0,1.1,0,0,37.2,0.009,0,0,0,0,0.089,0,0.006,0.015,0,0.084,0.046,0.249,0.033,0.004,0,0,0,0.055,0.02,0,0,0,0,0.009,0,0.011,0,0,0.372,9.8,51.2,2,0,61,63
"Harrison River","Fraser","HAR",1988,49.29,35114,0.4,0,0.6,0,0,3.5,2.1,1.1,1.5,0,9.8,5.8,31.7,3.3,0,0.7,0,0,6.8,5.4,0,0,0,0,0.3,0,0,0,0,27.1,0.004,0,0.006,0,0,0.035,0.021,0.011,0.015,0,0.098,0.058,0.317,0.033,0,0.007,0,0,0.068,0.054,0,0,0,0,0.003,0,0,0,0,0.271,6.6,66.1,0.3,0,72.7,73
"Harrison River","Fraser","HAR",1989,49.29,74683,0.2,0,0,0.3,0,24,0.9,0.7,0.3,0,5.4,5.5,23,5.6,0.1,0.8,0,0,4.1,4.7,0,0,0,0,0,0,0.3,0,0,24,0.002,0,0,0.003,0,0.24,0.009,0.007,0.003,0,0.054,0.055,0.23,0.056,0.001,0.008,0,0,0.041,0.047,0,0,0,0,0,0,0.003,0,0,0.24,25.4,50.2,0.3,0,75.6,75.9
"Harrison River","Fraser","HAR",1990,49.29,177373,0.4,0,0,0.8,0,19.3,1.3,0.7,0.5,0,4.6,1,11.5,6,0.1,0,0,0,2.5,6,0,0,0,1.3,0.3,0,0.1,0,0,43.5,0.004,0,0,0.008,0,0.193,0.013,0.007,0.005,0,0.046,0.01,0.115,0.06,0.001,0,0,0,0.025,0.06,0,0,0,0.013,0.003,0,0.001,0,0,0.435,21.8,32.9,1.7,0,54.7,56.4
"Harrison River","Fraser","HAR",1991,49.29,90636,0,0.1,0,0,0,28.1,0,0.4,1.1,0,8.3,2.9,12.8,10.7,0,0.9,0,0,1.9,4.5,0,0,0,1.2,0.4,0,0,0,0,26.7,0,0.001,0,0,0,0.281,0,0.004,0.011,0,0.083,0.029,0.128,0.107,0,0.009,0,0,0.019,0.045,0,0,0,0.012,0.004,0,0,0,0,0.267,28.2,43.5,1.6,0,71.7,73.3
"Harrison River","Fraser","HAR",1992,49.29,130409,0,0,0,0.4,0,17.8,0,0.2,0.1,0,12.6,1.1,11.9,12.4,0,0.2,0,0,1,6.9,0,0,0,0.7,0.2,0,0,0,0,34.5,0,0,0,0.004,0,0.178,0,0.002,0.001,0,0.126,0.011,0.119,0.124,0,0.002,0,0,0.01,0.069,0,0,0,0.007,0.002,0,0,0,0,0.345,18.2,46.4,0.9,0,64.6,65.5
"Harrison River","Fraser","HAR",1993,49.29,118997,0.9,0,0,0.4,0,19,0,0.4,0.2,0,6.3,0.8,7.5,8.9,0,0.9,0,0,0,2.1,0,0,0,2,0,0,0.6,0,0,49.8,0.009,0,0,0.004,0,0.19,0,0.004,0.002,0,0.063,0.008,0.075,0.089,0,0.009,0,0,0,0.021,0,0,0,0.02,0,0,0.006,0,0,0.498,20.3,27.1,2.6,0,47.4,50
"Harrison River","Fraser","HAR",1994,49.29,98342,0,0,0,0,0,21,2.2,0,0.5,0,9.9,3.2,7.2,2.5,0,1,0,0,2.9,2.2,0,0,0,1.9,1,0,0,0,0,44.6,0,0,0,0,0,0.21,0.022,0,0.005,0,0.099,0.032,0.072,0.025,0,0.01,0,0,0.029,0.022,0,0,0,0.019,0.01,0,0,0,0,0.446,23.2,29.4,2.9,0,52.6,55.5
"Harrison River","Fraser","HAR",1995,49.29,28616,0,0,0,0,0,17.6,0,0,1.6,0,0,0.8,18.3,6.7,0.4,1.2,0,0,3,3.5,0,0,0,2,0.8,0,0,0,4.6,39.5,0,0,0,0,0,0.176,0,0,0.016,0,0,0.008,0.183,0.067,0.004,0.012,0,0,0.03,0.035,0,0,0,0.02,0.008,0,0,0,0.046,0.395,17.6,35.5,2.8,4.6,53.1,60.5
"Harrison River","Fraser","HAR",1996,49.29,37392,0,0.1,0,0,0,1.5,0.2,0,0.5,0,0,0.1,23.3,3.3,0,0.7,0,0,0,7.8,0,0,0,0.4,0.3,0,0,0,0.1,61.6,0,0.001,0,0,0,0.015,0.002,0,0.005,0,0,0.001,0.233,0.033,0,0.007,0,0,0,0.078,0,0,0,0.004,0.003,0,0,0,0.001,0.616,1.8,35.7,0.7,0.1,37.5,38.3
"Harrison River","Fraser","HAR",1997,49.29,70514,1.7,0,0,0,0,13,3.5,0,0.5,0,0.1,0.6,19.3,7.9,0,3,0,0,2.6,6.2,0,0,0,2.2,0,0,0.3,0,0,39,0.017,0,0,0,0,0.13,0.035,0,0.005,0,0.001,0.006,0.193,0.079,0,0.03,0,0,0.026,0.062,0,0,0,0.022,0,0,0.003,0,0,0.39,18.2,40.2,2.5,0,58.4,60.9
"Harrison River","Fraser","HAR",1998,49.29,200258,0.8,0,0,0,0,0.7,0,0,0,0,0,0,3.5,4.3,0,1,0,0,0.2,0.3,0,0,0,0.3,0,0,0,0,0.9,88,0.008,0,0,0,0,0.007,0,0,0,0,0,0,0.035,0.043,0,0.01,0,0,0.002,0.003,0,0,0,0.003,0,0,0,0,0.009,0.88,1.5,9.3,0.3,0.9,10.8,12
"Harrison River","Fraser","HAR",1999,49.29,104415,0.3,0.3,0,0.5,0,0.5,1.3,0.3,0,0,0,0,10.1,13.5,0.4,0.8,0,0,0.1,0.6,0,0,0,0.6,0.2,0,0.7,0,0.9,68.8,0.003,0.003,0,0.005,0,0.005,0.013,0.003,0,0,0,0,0.101,0.135,0.004,0.008,0,0,0.001,0.006,0,0,0,0.006,0.002,0,0.007,0,0.009,0.688,2.9,25.8,1.5,0.9,28.7,31.1
"Harrison River","Fraser","HAR",2000,49.29,77754,1.7,0,0,0.6,0,13.7,4.2,0,0,0,0,0,11.7,13.2,0,2,0,0,0,0.8,0,0,0,0,0,0,0.5,0,0,51.6,0.017,0,0,0.006,0,0.137,0.042,0,0,0,0,0,0.117,0.132,0,0.02,0,0,0,0.008,0,0,0,0,0,0,0.005,0,0,0.516,20.2,27.7,0.5,0,47.9,48.4
"Harrison River","Fraser","HAR",2001,49.29,108502,0.3,0,0,0,0,6.2,2.2,0,0,0,0,0,6.7,5.5,1.5,1.3,0,0.9,0.1,2.7,0,0,0,0,0,0,0,0,0.6,71.9,0.003,0,0,0,0,0.062,0.022,0,0,0,0,0,0.067,0.055,0.015,0.013,0,0.009,0.001,0.027,0,0,0,0,0,0,0,0,0.006,0.719,8.7,18.7,0,0.6,27.4,28
"Harrison River","Fraser","HAR",2002,49.29,83011,0.4,0,0,0,0,9.1,2.3,0,0,0,0,5.7,6.7,11.5,1.2,0.4,0,0,0.5,2.2,0,0,0,0.9,0,0,1.4,0,0.2,57.6,0.004,0,0,0,0,0.091,0.023,0,0,0,0,0.057,0.067,0.115,0.012,0.004,0,0,0.005,0.022,0,0,0,0.009,0,0,0.014,0,0.002,0.576,11.8,28.2,2.3,0.2,40,42.5
"Harrison River","Fraser","HAR",2003,49.29,246986,1.6,0,0,0,0,10.5,4,0,0,0,0,0,7,9.3,2.3,0,0,0,0.3,1.6,0,0,0,1.7,0,0,0,0,0.5,61.2,0.016,0,0,0,0,0.105,0.04,0,0,0,0,0,0.07,0.093,0.023,0,0,0,0.003,0.016,0,0,0,0.017,0,0,0,0,0.005,0.612,16.1,20.5,1.7,0.5,36.6,38.8
"Harrison River","Fraser","HAR",2004,49.29,139126,1.6,0,0,0.9,0,17.7,6.5,0,0,0,0,0,0.7,15.8,0.5,0,0,0,0.2,3.1,0,0,0,2.4,0,0,0,0,0,50.6,0.016,0,0,0.009,0,0.177,0.065,0,0,0,0,0,0.007,0.158,0.005,0,0,0,0.002,0.031,0,0,0,0.024,0,0,0,0,0,0.506,26.7,20.3,2.4,0,47,49.4
"Harrison River","Fraser","HAR",2005,49.29,88589,0,0,0,0.3,0,12,10.7,0,0,0,0,0,15.2,5.1,2.1,0.3,0,0,0,0.4,0,0,0,4.3,0,0,0.3,0,1,48.3,0,0,0,0.003,0,0.12,0.107,0,0,0,0,0,0.152,0.051,0.021,0.003,0,0,0,0.004,0,0,0,0.043,0,0,0.003,0,0.01,0.483,23,23.1,4.6,1,46.1,51.7
"Harrison River","Fraser","HAR",2006,49.29,60421,1.1,0,0,0.7,0,19.6,11.6,0,0,0,0,0,2.7,12.6,0.9,1.2,0,0,0,0.5,0,0,0,0,0,0,0,0,0,49.1,0.011,0,0,0.007,0,0.196,0.116,0,0,0,0,0,0.027,0.126,0.009,0.012,0,0,0,0.005,0,0,0,0,0,0,0,0,0,0.491,33,17.9,0,0,50.9,50.9
"Harrison River","Fraser","HAR",2007,49.29,76483,0,0,0,0,0,8.3,1.6,0,0,0,0,0,18.6,0.9,0,0,0,0,0,0.3,0,0,0,0,0,0,0,0,0,70.2,0,0,0,0,0,0.083,0.016,0,0,0,0,0,0.186,0.009,0,0,0,0,0,0.003,0,0,0,0,0,0,0,0,0,0.702,9.9,19.8,0,0,29.7,29.7
"Harrison River","Fraser","HAR",2008,49.29,41603,0.3,0.2,0,0,0,19.5,11.8,0,0,0,0,0.1,31,3.6,0.8,0,0,0,1.2,0.6,0,0,0,0.3,0,0,0.3,0,0,30.3,0.003,0.002,0,0,0,0.195,0.118,0,0,0,0,0.001,0.31,0.036,0.008,0,0,0,0.012,0.006,0,0,0,0.003,0,0,0.003,0,0,0.303,31.8,37.3,0.6,0,69.1,69.7
"Harrison River","Fraser","HAR",2009,49.29,70142,0,0,0,0.2,0,1.3,4.1,0,0,0,0,0,13.8,1.1,0.2,0,0,0,0.1,0.9,0,0,0,1.4,1.4,0,0,0,0,75.4,0,0,0,0.002,0,0.013,0.041,0,0,0,0,0,0.138,0.011,0.002,0,0,0,0.001,0.009,0,0,0,0.014,0.014,0,0,0,0,0.754,5.6,16.1,2.8,0,21.7,24.5
"Harrison River","Fraser","HAR",2010,49.29,103558,0.5,0,0,0.2,0,3.6,4.4,0,0,1.1,0,0,11.7,3.7,0.9,0,0,0,0.5,0.6,0,0,0,1,0.3,0,0.1,0,0,71.2,0.005,0,0,0.002,0,0.036,0.044,0,0,0.011,0,0,0.117,0.037,0.009,0,0,0,0.005,0.006,0,0,0,0.01,0.003,0,0.001,0,0,0.712,8.7,18.5,1.4,0,27.2,28.6
"Harrison River","Fraser","HAR",2011,49.29,123647,0.2,0,0,0.1,0.2,2.9,5.8,0,0,0.4,0,0.7,18.9,2.7,0.5,0,0,0,0.3,1,0,0,0,1.1,0,0,0.1,0,0,65,0.002,0,0,0.001,0.002,0.029,0.058,0,0,0.004,0,0.007,0.189,0.027,0.005,0,0,0,0.003,0.01,0,0,0,0.011,0,0,0.001,0,0,0.65,9.2,24.5,1.2,0,33.7,34.9
"Harrison River","Fraser","HAR",2012,49.29,44467,0.2,0,0,0,0,1.1,0.8,0,0,0,0,0.1,18.7,3.2,0.3,0.2,0,0,0.1,2.1,0,0,0,0.3,0.8,0,0.1,0,0,71.9,0.002,0,0,0,0,0.011,0.008,0,0,0,0,0.001,0.187,0.032,0.003,0.002,0,0,0.001,0.021,0,0,0,0.003,0.008,0,0.001,0,0,0.719,2.1,24.7,1.2,0,26.8,28
"Harrison River","Fraser","HAR",2013,49.29,42953,0,0.1,0.2,0,0.1,1.9,3.2,0,0,0.1,0,1.1,12.9,4.9,0.7,0.3,0,0,0.2,1.6,0,0,0,0,0.5,0,0.4,0,1.2,70.6,0,0.001,0.002,0,0.001,0.019,0.032,0,0,0.001,0,0.011,0.129,0.049,0.007,0.003,0,0,0.002,0.016,0,0,0,0,0.005,0,0.004,0,0.012,0.706,5.5,21.8,0.9,1.2,27.3,29.4
"Harrison River","Fraser","HAR",2014,49.29,44686,0.4,0.1,0.9,0,0,3.8,1,0,0,0,0.1,1.8,17.8,4.8,0.7,0.8,0,0,0.5,1,0,0,0,3.1,0,0,0.1,0,0,63.2,0.004,0.001,0.009,0,0,0.038,0.01,0,0,0,0.001,0.018,0.178,0.048,0.007,0.008,0,0,0.005,0.01,0,0,0,0.031,0,0,0.001,0,0,0.632,6.2,27.5,3.2,0,33.7,36.9
"Harrison River","Fraser","HAR",2015,49.29,101516,0.2,0.1,0,0.4,0,0.9,1.1,0,0,0,0,1.2,14.4,3.2,0,0.9,0,0.2,0.2,0.8,0,0,0,2,0.7,0,0,0,0,73.6,0.002,0.001,0,0.004,0,0.009,0.011,0,0,0,0,0.012,0.144,0.032,0,0.009,0,0.002,0.002,0.008,0,0,0,0.02,0.007,0,0,0,0,0.736,2.7,20.9,2.7,0,23.6,26.3
"Harrison River","Fraser","HAR",2016,49.29,41327,0.5,0.2,0,0.2,0,0.7,3.6,0,0,0,0,0.2,14.9,1.4,0.4,0.1,0,0,0,0.2,0,0,0,1.6,0.4,0,0,0,0.8,74.9,0.005,0.002,0,0.002,0,0.007,0.036,0,0,0,0,0.002,0.149,0.014,0.004,0.001,0,0,0,0.002,0,0,0,0.016,0.004,0,0,0,0.008,0.749,5.2,17.2,2,0.8,22.4,25.2
"Harrison River","Fraser","HAR",2017,49.29,29799,0,0,0,0.4,0,1.9,5.3,0,0,0.4,0,0.6,34.6,7.1,0.3,0.1,0,0,0,0.5,0,0,0,0.6,0,0,0.2,0,0,48,0,0,0,0.004,0,0.019,0.053,0,0,0.004,0,0.006,0.346,0.071,0.003,0.001,0,0,0,0.005,0,0,0,0.006,0,0,0.002,0,0,0.48,7.6,43.6,0.8,0,51.2,52
"Harrison River","Fraser","HAR",2018,49.29,46094,0.2,0.2,0,0.4,0,0.5,3.9,0,0,0.3,0,0.9,20.4,5.6,0.2,0.1,0,0,0.4,0.6,0,0,0,3.1,0.1,0,0.1,0,0,63.3,0.002,0.002,0,0.004,0,0.005,0.039,0,0,0.003,0,0.009,0.204,0.056,0.002,0.001,0,0,0.004,0.006,0,0,0,0.031,0.001,0,0.001,0,0,0.633,5.2,28.5,3.3,0,33.7,37
"Harrison River","Fraser","HAR",2019,49.29,45186,0.3,0.2,0,0,0,1.3,0.7,0,0,0.3,0,1,27.1,3.6,0.3,0,0,0,0,0.5,0,0,0,1.8,0.9,0,0,0,0.9,61.1,0.003,0.002,0,0,0,0.013,0.007,0,0,0.003,0,0.01,0.271,0.036,0.003,0,0,0,0,0.005,0,0,0,0.018,0.009,0,0,0,0.009,0.611,2.5,32.8,2.7,0.9,35.3,38.9
"Harrison River","Fraser","HAR",2020,49.29,43087,0.4,0,0.3,0,0,0.9,0,0,0,0,0,0.8,17.2,0.9,0.2,0,0,0,0,1.3,0,0,0,2.4,0,0,0,0,0,75.7,0.004,0,0.003,0,0,0.009,0,0,0,0,0,0.008,0.172,0.009,0.002,0,0,0,0,0.013,0,0,0,0.024,0,0,0,0,0,0.757,1.6,20.4,2.4,0,22,24.4
"Harrison River","Fraser","HAR",2021,49.29,36449,0.3,0,0,0.1,0,0.6,0.9,0,0,0,0,0.7,19.6,4.2,0.7,0,0,0,0.2,0.8,0,0,0,1,0,0,0,0,0,71,0.003,0,0,0.001,0,0.006,0.009,0,0,0,0,0.007,0.196,0.042,0.007,0,0,0,0.002,0.008,0,0,0,0.01,0,0,0,0,0,0.71,1.9,26.2,1,0,28.1,29.1
"Harrison River","Fraser","HAR",2022,49.29,81649,0.3,0,0,0.1,0,0.4,1.1,0,0,0,0,0.6,3.3,1.2,0.4,0.2,0,0,0,0.4,0,0,0,2.9,0,0,0.1,0,0,89,0.003,0,0,0.001,0,0.004,0.011,0,0,0,0,0.006,0.033,0.012,0.004,0.002,0,0,0,0.004,0,0,0,0.029,0,0,0.001,0,0,0.89,1.9,6.1,3,0,8,11
"Harrison River","Fraser","HAR",2023,49.29,146498,0,0.2,0,0.8,0,0.5,0,0,0,0,0,0.4,22.6,1.4,0.3,0,0,0,0.1,1.4,0,0,0,0.4,0,0,0,0,0,71.9,0,0.002,0,0.008,0,0.005,0,0,0,0,0,0.004,0.226,0.014,0.003,0,0,0,0.001,0.014,0,0,0,0.004,0,0,0,0,0,0.719,1.5,26.2,0.4,0,27.7,28.1
"Harrison River","Fraser","HAR",2024,49.29,131544,0,0.1,0,0.5,0,0.8,1.2,0,0,0.2,0,0.9,10,0.5,0.2,0,0,0,0,0,0,0,0,0.2,0,0,0,0,0.2,85.3,0,0.001,0,0.005,0,0.008,0.012,0,0,0.002,0,0.009,0.1,0.005,0.002,0,0,0,0,0,0,0,0,0.002,0,0,0,0,0.002,0.853,2.6,11.8,0.2,0.2,14.4,14.8
"Lewis River Wild","Columbia R.","LRW",1979,45.86,8023,2.8,0,0.1,1.4,0,5.4,0,0.8,2.6,0,0.2,0.9,0,1.7,7.7,0.2,0,0,2.1,1.4,0,0,0,0,0,0,7.7,45.4,6.9,12.8,0.028,0,0.001,0.014,0,0.054,0,0.008,0.026,0,0.002,0.009,0,0.017,0.077,0.002,0,0,0.021,0.014,0,0,0,0,0,0,0.077,0.454,0.069,0.128,9.7,17.6,53.1,6.9,27.3,87.3
"Lewis River Wild","Columbia R.","LRW",1980,45.86,13839,4.1,0,0.1,4,0,17.3,0,1,2.5,0,2.4,0.4,0,6,2.2,0.2,0,0,0.7,2.6,0,0,0,0,0,0,9.2,11,0.4,35.9,0.041,0,0.001,0.04,0,0.173,0,0.01,0.025,0,0.024,0.004,0,0.06,0.022,0.002,0,0,0.007,0.026,0,0,0,0,0,0,0.092,0.11,0.004,0.359,25.5,18,20.2,0.4,43.5,64.1
"Lewis River Wild","Columbia R.","LRW",1981,45.86,19297,7.4,0,0.1,3.6,0,6.7,0,1.5,0.1,0,0,0.5,2.3,1.7,2.5,0.6,0.1,0,0.1,0.2,0,0,0,0,0,0,4.1,13.5,2.9,52.3,0.074,0,0.001,0.036,0,0.067,0,0.015,0.001,0,0,0.005,0.023,0.017,0.025,0.006,0.001,0,0.001,0.002,0,0,0,0,0,0,0.041,0.135,0.029,0.523,17.8,9.6,17.6,2.9,27.4,47.9
"Lewis River Wild","Columbia R.","LRW",1982,45.86,8370,7.1,1,0.2,3.2,0,10.1,0,1.6,0.7,0,0.5,0.8,0,2.9,6.9,1,0,0.9,0.4,0.7,0,0,0,0,0,0,4.6,16.2,1.4,39.9,0.071,0.01,0.002,0.032,0,0.101,0,0.016,0.007,0,0.005,0.008,0,0.029,0.069,0.01,0,0.009,0.004,0.007,0,0,0,0,0,0,0.046,0.162,0.014,0.399,21.6,16.4,20.8,1.4,38,60.2
"Lewis River Wild","Columbia R.","LRW",1983,45.86,13540,13.9,0.3,0,3.6,0,8.2,0,3.1,0,0,0,0,0.2,1.7,3.3,0,0.1,0,0,0,0,0,0,0,0,0,1.3,3.7,1.7,58.6,0.139,0.003,0,0.036,0,0.082,0,0.031,0,0,0,0,0.002,0.017,0.033,0,0.001,0,0,0,0,0,0,0,0,0,0.013,0.037,0.017,0.586,26,8.4,5,1.7,34.4,41.1
"Lewis River Wild","Columbia R.","LRW",1984,45.86,7132,9.4,0,0,5.2,0,3.4,0,0.5,1.8,0,0,0.4,0,0.8,0,0.1,0,0,0,0,0,0,0,0,0,0,14.6,9.6,5.2,49,0.094,0,0,0.052,0,0.034,0,0.005,0.018,0,0,0.004,0,0.008,0,0.001,0,0,0,0,0,0,0,0,0,0,0.146,0.096,0.052,0.49,18,3.6,24.2,5.2,21.6,51
"Lewis River Wild","Columbia R.","LRW",1985,45.86,7491,1.7,0.5,0,5.3,0,7.8,0.1,0.3,1.1,0,0,3.1,0,0.3,1.6,0.3,0,0,0.4,0.1,0,0,0,0,0,0,16,21.6,8.7,30.9,0.017,0.005,0,0.053,0,0.078,0.001,0.003,0.011,0,0,0.031,0,0.003,0.016,0.003,0,0,0.004,0.001,0,0,0,0,0,0,0.16,0.216,0.087,0.309,15.4,7.2,37.6,8.7,22.6,68.9
"Lewis River Wild","Columbia R.","LRW",1986,45.86,10472,6.2,0,0,2.1,0,7.1,2.2,2.1,0.9,0,0,0,0,1.5,0.6,1.6,0,0,0,0,0,0,0,0,0,0,26.4,11.6,1,36.7,0.062,0,0,0.021,0,0.071,0.022,0.021,0.009,0,0,0,0,0.015,0.006,0.016,0,0,0,0,0,0,0,0,0,0,0.264,0.116,0.01,0.367,17.6,6.7,38,1,24.3,63.3
"Lewis River Wild","Columbia R.","LRW",1987,45.86,12210,5.6,0,0,5.4,0,9.6,1,1.5,0,0,0,0,0,1.2,1,1.8,0,0.3,0,0.4,0,0,0,0,0,0,23.9,5,2.2,41.2,0.056,0,0,0.054,0,0.096,0.01,0.015,0,0,0,0,0,0.012,0.01,0.018,0,0.003,0,0.004,0,0,0,0,0,0,0.239,0.05,0.022,0.412,21.6,6.2,28.9,2.2,27.8,58.9
"Lewis River Wild","Columbia R.","LRW",1988,45.86,11165,5,0,0,3.5,0,10.9,0,0,0.5,0,0,0.2,0,4.1,0.7,1,0.5,0,0,1.4,0,0,0,0,0,0,21.7,14.1,1.7,34.5,0.05,0,0,0.035,0,0.109,0,0,0.005,0,0,0.002,0,0.041,0.007,0.01,0.005,0,0,0.014,0,0,0,0,0,0,0.217,0.141,0.017,0.345,19.4,8.4,35.8,1.7,27.8,65.3
"Lewis River Wild","Columbia R.","LRW",1989,45.86,20058,2.3,0.6,0.3,5.2,0.5,5.8,0,0.3,0.6,0,0,0.8,0.5,3.1,0.7,2.4,0,0.2,0,0,0,0,0,0,0,0,8.8,6.6,4.4,56.9,0.023,0.006,0.003,0.052,0.005,0.058,0,0.003,0.006,0,0,0.008,0.005,0.031,0.007,0.024,0,0.002,0,0,0,0,0,0,0,0,0.088,0.066,0.044,0.569,14.7,8.6,15.4,4.4,23.3,43.1
"Lewis River Wild","Columbia R.","LRW",1990,45.86,15378,7.5,0,0,1.9,0,13.5,0,0.5,0.7,0.6,0,0,0.8,2.6,1.9,1.5,0,0,0,1.3,0,0,0,0,0,0,3.2,2.1,1.6,60.3,0.075,0,0,0.019,0,0.135,0,0.005,0.007,0.006,0,0,0.008,0.026,0.019,0.015,0,0,0,0.013,0,0,0,0,0,0,0.032,0.021,0.016,0.603,22.9,9.9,5.3,1.6,32.8,39.7
"Lewis River Wild","Columbia R.","LRW",1991,45.86,8787,7.1,0.2,0,4.1,1.2,6.6,0,0.5,0,0,0,0.6,0,1.4,0.6,1.1,0.6,0,0,0,0,0,0,0,0,0,15.3,6,1.4,53.3,0.071,0.002,0,0.041,0.012,0.066,0,0.005,0,0,0,0.006,0,0.014,0.006,0.011,0.006,0,0,0,0,0,0,0,0,0,0.153,0.06,0.014,0.533,19.2,4.8,21.3,1.4,24,46.7
"Lewis River Wild","Columbia R.","LRW",1992,45.86,5508,1.9,0,0,4.4,0,6.6,0,1.9,0,0,0,0,0.8,1.4,0.4,1.9,0.4,0,0,1.1,0,0,0,0,0,0,4.3,21.8,2.2,50.8,0.019,0,0,0.044,0,0.066,0,0.019,0,0,0,0,0.008,0.014,0.004,0.019,0.004,0,0,0.011,0,0,0,0,0,0,0.043,0.218,0.022,0.508,12.9,7.9,26.1,2.2,20.8,49.1
"Lewis River Wild","Columbia R.","LRW",1993,45.86,6462,4.3,0,1.1,5.6,0,8.5,0,0,0.4,0,0,1.5,0,1.4,0.4,0,0,0,0,0,0,0,0,0,0,0,6.4,8.6,5.5,56.2,0.043,0,0.011,0.056,0,0.085,0,0,0.004,0,0,0.015,0,0.014,0.004,0,0,0,0,0,0,0,0,0,0,0,0.064,0.086,0.055,0.562,19.5,3.7,15,5.5,23.2,43.7
"Lewis River Wild","Columbia R.","LRW",1994,45.86,8456,8.6,0,0,5.2,0,3.7,0,0,0,0,0,1.4,0,0.6,0,0,0,0,0,0,0,0,0,0,0,0,1.4,0,3.9,75.2,0.086,0,0,0.052,0,0.037,0,0,0,0,0,0.014,0,0.006,0,0,0,0,0,0,0,0,0,0,0,0,0.014,0,0.039,0.752,17.5,2,1.4,3.9,19.5,24.8
"Lewis River Wild","Columbia R.","LRW",1995,45.86,9715,7.7,0,2.4,3.8,0,6.3,0,0,0.4,0,0,0.1,0,0,0,0,0,0,0,0,0,0,0,0,0,0,0,24.4,2.3,52.6,0.077,0,0.024,0.038,0,0.063,0,0,0.004,0,0,0.001,0,0,0,0,0,0,0,0,0,0,0,0,0,0,0,0.244,0.023,0.526,20.2,0.5,24.4,2.3,20.7,47.4
"Lewis River Wild","Columbia R.","LRW",1996,45.86,13077,8.9,0,0,0.2,0,0.4,0,0,0,0,0,0,0,0.6,0,2.3,0,0,0,0,0,0,0,0,0.2,0,0.9,4.7,0.3,81.5,0.089,0,0,0.002,0,0.004,0,0,0,0,0,0,0,0.006,0,0.023,0,0,0,0,0,0,0,0,0.002,0,0.009,0.047,0.003,0.815,9.5,2.9,5.8,0.3,12.4,18.5
"Lewis River Wild","Columbia R.","LRW",1997,45.86,8168,13.7,0,0,4.8,0,0,0,0,0,0,0,0.1,0,0,0,0,0,0,0,0,0,0,0,0,0,0,0,3.2,0,78.3,0.137,0,0,0.048,0,0,0,0,0,0,0,0.001,0,0,0,0,0,0,0,0,0,0,0,0,0,0,0,0.032,0,0.783,18.5,0.1,3.2,0,18.6,21.8
"Lewis River Wild","Columbia R.","LRW",1998,45.86,5173,7.4,0,0,4.7,0,0,0,0,0,0,0,0,0,0,0,0,0,0,0,0,0,0,0,0,0,0,2.1,2.4,8.5,74.8,0.074,0,0,0.047,0,0,0,0,0,0,0,0,0,0,0,0,0,0,0,0,0,0,0,0,0,0,0.021,0.024,0.085,0.748,12.1,0,4.5,8.5,12.1,25.1
"Lewis River Wild","Columbia R.","LRW",1999,45.86,2417,16,0,0.7,8.1,0,1.1,0.6,0,0,0,0,0,0,0.6,0,0.1,0,0,0,0,0,0,0,0,0,0,0,0,1.7,71,0.16,0,0.007,0.081,0,0.011,0.006,0,0,0,0,0,0,0.006,0,0.001,0,0,0,0,0,0,0,0,0,0,0,0,0.017,0.71,26.5,0.7,0,1.7,27.2,28.9
"Lewis River Wild","Columbia R.","LRW",2000,45.86,8741,6.7,0,0.5,0,0,0.4,0.2,0,0,0,0,0,0,1,0.2,0.3,0,0,0,0,0,0,0,0,0,0,13.3,3.3,8.2,66,0.067,0,0.005,0,0,0.004,0.002,0,0,0,0,0,0,0.01,0.002,0.003,0,0,0,0,0,0,0,0,0,0,0.133,0.033,0.082,0.66,7.8,1.5,16.6,8.2,9.3,34.1
"Lewis River Wild","Columbia R.","LRW",2001,45.86,11274,5.6,0,2.5,0,0,9.2,4,0,0,0,0,0,0,5,2.3,1.4,0.7,0,0,0,0,0,0,0,0,0,2.4,2.9,2.9,61.1,0.056,0,0.025,0,0,0.092,0.04,0,0,0,0,0,0,0.05,0.023,0.014,0.007,0,0,0,0,0,0,0,0,0,0.024,0.029,0.029,0.611,21.3,9.4,5.3,2.9,30.7,38.9
"Lewis River Wild","Columbia R.","LRW",2002,45.86,13293,14.5,0,1.6,0,0,5.6,5.7,0,0,0,0,0,0,3.1,2.4,3.5,0,0,0,0,0,0,0,0,0,0,4.6,2.5,4,52.5,0.145,0,0.016,0,0,0.056,0.057,0,0,0,0,0,0,0.031,0.024,0.035,0,0,0,0,0,0,0,0,0,0,0.046,0.025,0.04,0.525,27.4,9,7.1,4,36.4,47.5
"Lewis River Wild","Columbia R.","LRW",2003,45.86,12912,10.5,0,0,1.7,1.2,4.8,1.2,0,0,0,0,0,0,6.3,1.2,3.9,0,0,0,0,0,0,0,0,0,0,6.3,6.1,1.4,55.5,0.105,0,0,0.017,0.012,0.048,0.012,0,0,0,0,0,0,0.063,0.012,0.039,0,0,0,0,0,0,0,0,0,0,0.063,0.061,0.014,0.555,19.4,11.4,12.4,1.4,30.8,44.6
"Lewis River Wild","Columbia R.","LRW",2004,45.86,12928,6.6,0,0.3,3.3,0.6,2.2,0,0,0,0,0,0,0.3,0.7,0,0.1,0.1,0,0,0,0,0,0,0,0,0,2.4,1.9,0.4,81.1,0.066,0,0.003,0.033,0.006,0.022,0,0,0,0,0,0,0.003,0.007,0,0.001,0.001,0,0,0,0,0,0,0,0,0,0.024,0.019,0.004,0.811,13,1.2,4.3,0.4,14.2,18.9
"Lewis River Wild","Columbia R.","LRW",2005,45.86,9775,4.2,0,0,13.7,3,4.7,0,0,0,0,0,0,0,2,0.9,0,0,0,0,0,0,0,0,0,0,0,11.4,9.3,0.3,50.6,0.042,0,0,0.137,0.03,0.047,0,0,0,0,0,0,0,0.02,0.009,0,0,0,0,0,0,0,0,0,0,0,0.114,0.093,0.003,0.506,25.6,2.9,20.7,0.3,28.5,49.5
"Lewis River Wild","Columbia R.","LRW",2006,45.86,5066,14.7,0,1.2,6.8,1.3,8.1,1.9,0,0,0,0,0,2,1.3,0.5,0.4,0,0,0,0,0,0,0,0,0,0,5.3,18.7,1.4,36.5,0.147,0,0.012,0.068,0.013,0.081,0.019,0,0,0,0,0,0.02,0.013,0.005,0.004,0,0,0,0,0,0,0,0,0,0,0.053,0.187,0.014,0.365,34,4.2,24,1.4,38.2,63.6
"Lewis River Wild","Columbia R.","LRW",2007,45.86,3708,36.1,0,2,7,0,2.3,0,0,0,0,0,0,0,0.9,3.2,6.2,0,0,0,0,0,0,0,0,0,0,2.8,0,1.5,38,0.361,0,0.02,0.07,0,0.023,0,0,0,0,0,0,0,0.009,0.032,0.062,0,0,0,0,0,0,0,0,0,0,0.028,0,0.015,0.38,47.4,10.3,2.8,1.5,57.7,62
"Lewis River Wild","Columbia R.","LRW",2008,45.86,5485,7,0,0,0,0,11.1,0,0,0,19,0,0,0,5,0.6,0,0,0,0,1.5,0,0,0,0,0,0,0.8,3.7,0,51.3,0.07,0,0,0,0,0.111,0,0,0,0.19,0,0,0,0.05,0.006,0,0,0,0,0.015,0,0,0,0,0,0,0.008,0.037,0,0.513,18.1,26.1,4.5,0,44.2,48.7
"Lewis River Wild","Columbia R.","LRW",2009,45.86,6283,17.1,0,0,3,5.2,5.9,21,0,0,0,0,0,4.8,0,1,0,0,0,0,0,0,0,0,0,0,0,0.7,3.4,0,38,0.171,0,0,0.03,0.052,0.059,0.21,0,0,0,0,0,0.048,0,0.01,0,0,0,0,0,0,0,0,0,0,0,0.007,0.034,0,0.38,52.2,5.8,4.1,0,58,62.1
"Lewis River Wild","Columbia R.","LRW",2010,45.86,9294,6.3,0,0,4.5,3.1,1.6,3.4,0,0,0,0,0,0,4,4,0,0,0,0,0,0,0,0,0,0,0,0,7.8,0,65.3,0.063,0,0,0.045,0.031,0.016,0.034,0,0,0,0,0,0,0.04,0.04,0,0,0,0,0,0,0,0,0,0,0,0,0.078,0,0.653,18.9,8,7.8,0,26.9,34.7
"Lewis River Wild","Columbia R.","LRW",2011,45.86,8205,12.6,0,2.1,11.7,1.1,4.5,5.8,0,0,0,0,0,0,1,5.4,2,0,0,0,0,0,0,0,0,0,0,1.5,20.2,1.7,30.4,0.126,0,0.021,0.117,0.011,0.045,0.058,0,0,0,0,0,0,0.01,0.054,0.02,0,0,0,0,0,0,0,0,0,0,0.015,0.202,0.017,0.304,37.8,8.4,21.7,1.7,46.2,69.6
"Lewis River Wild","Columbia R.","LRW",2012,45.86,8143,12.1,2.2,0.8,3.4,5.8,6.3,0,0,0,0,0,0,0,3.3,1.3,0,0,0,0,0,0,0,0,0,0,0,5.2,16.2,1.2,42.3,0.121,0.022,0.008,0.034,0.058,0.063,0,0,0,0,0,0,0,0.033,0.013,0,0,0,0,0,0,0,0,0,0,0,0.052,0.162,0.012,0.423,30.6,4.6,21.4,1.2,35.2,57.8
"Lewis River Wild","Columbia R.","LRW",2013,45.86,16624,1.8,0,2.1,2.8,2.3,3.5,1.8,0,0,0,0,0,0,1.6,1.3,2.9,0,0,0,0,0,0,0,0,0,0,1.9,34.3,1.2,42.8,0.018,0,0.021,0.028,0.023,0.035,0.018,0,0,0,0,0,0,0.016,0.013,0.029,0,0,0,0,0,0,0,0,0,0,0.019,0.343,0.012,0.428,14.3,5.8,36.2,1.2,20.1,57.5
"Lewis River Wild","Columbia R.","LRW",2014,45.86,19518,9,0.4,0,7,0,4.3,0,0,0,0,0,0,0.8,7.5,1.4,8.2,0,0,0,0,0,0,0,0,0,0,3.1,0,0.4,57.9,0.09,0.004,0,0.07,0,0.043,0,0,0,0,0,0,0.008,0.075,0.014,0.082,0,0,0,0,0,0,0,0,0,0,0.031,0,0.004,0.579,20.7,17.9,3.1,0.4,38.6,42.1
"Lewis River Wild","Columbia R.","LRW",2015,45.86,18771,6.4,0,1.5,5.9,4.2,0.4,0,0,0,0,0,0,0,0.9,1.2,0.9,0,0,0,0,0,0,0,0,0,0,9.4,2.5,0,66.7,0.064,0,0.015,0.059,0.042,0.004,0,0,0,0,0,0,0,0.009,0.012,0.009,0,0,0,0,0,0,0,0,0,0,0.094,0.025,0,0.667,18.4,3,11.9,0,21.4,33.3
"Lewis River Wild","Columbia R.","LRW",2016,45.86,9087,7.1,0,12.7,4.6,0,1.8,4.4,0,0,0,0,0,0,0,0,0,0,0,0,0,0,0,0,0,0,0,3.7,9.2,0,56.6,0.071,0,0.127,0.046,0,0.018,0.044,0,0,0,0,0,0,0,0,0,0,0,0,0,0,0,0,0,0,0,0.037,0.092,0,0.566,30.6,0,12.9,0,30.6,43.5
"Lewis River Wild","Columbia R.","LRW",2017,45.86,7459,4.1,1.1,0,4.5,0,0,0,0,0,0,0,0,0,0,0,13.6,0,0,0,0,0,0,0,0,0,0,0,4.2,1.1,71.6,0.041,0.011,0,0.045,0,0,0,0,0,0,0,0,0,0,0,0.136,0,0,0,0,0,0,0,0,0,0,0,0.042,0.011,0.716,9.7,13.6,4.2,1.1,23.3,28.6
"Lewis River Wild","Columbia R.","LRW",2018,45.86,4540,3.8,0,0,6.3,0,0,10.6,0,0,0,0,0,0,2.7,1.5,2.8,0,0,0,0,0,0,0,0,0,0,0,37.1,0,35.2,0.038,0,0,0.063,0,0,0.106,0,0,0,0,0,0,0.027,0.015,0.028,0,0,0,0,0,0,0,0,0,0,0,0.371,0,0.352,20.7,7,37.1,0,27.7,64.8
"Lewis River Wild","Columbia R.","LRW",2019,45.86,11710,2.4,38.6,0,5.6,0,2,0,0,0,0,0,0,0,1.2,0,1.2,0,0,0,0,0,0,0,0,0,0,0,0,0.3,48.8,0.024,0.386,0,0.056,0,0.02,0,0,0,0,0,0,0,0.012,0,0.012,0,0,0,0,0,0,0,0,0,0,0,0,0.003,0.488,48.6,2.4,0,0.3,51,51.3
"Lewis River Wild","Columbia R.","LRW",2020,45.86,25449,11.8,0,0.8,4,0,0.9,0,0,0,0,0,0,0,1.7,1.3,0.3,0,0,0,0,0,0,0,0,0,0,1.7,2.3,1.3,73.8,0.118,0,0.008,0.04,0,0.009,0,0,0,0,0,0,0,0.017,0.013,0.003,0,0,0,0,0,0,0,0,0,0,0.017,0.023,0.013,0.738,17.5,3.3,4,1.3,20.8,26.1
"Lewis River Wild","Columbia R.","LRW",2021,45.86,12751,14.9,9.3,0,16.6,0,0.7,0,0,0,0,0,0,0,2.9,0,0,0,0,0,0,0,0,0,0,0,0,0,4.9,2.7,48,0.149,0.093,0,0.166,0,0.007,0,0,0,0,0,0,0,0.029,0,0,0,0,0,0,0,0,0,0,0,0,0,0.049,0.027,0.48,41.5,2.9,4.9,2.7,44.4,52
"Lewis River Wild","Columbia R.","LRW",2022,45.86,6833,21,3.4,0,8.1,7.7,1,0,0,0,0,0,0,0,9.7,0,2.8,0,0,0,0,0,0,0,0,0,0,1.8,4.6,3,36.9,0.21,0.034,0,0.081,0.077,0.01,0,0,0,0,0,0,0,0.097,0,0.028,0,0,0,0,0,0,0,0,0,0,0.018,0.046,0.03,0.369,41.2,12.5,6.4,3,53.7,63.1
"Lewis River Wild","Columbia R.","LRW",2023,45.86,7607,18,0,0,11.3,12.9,0,0,0,0,0,0,0,0,0,0,0,0,0,0,0,0,0,0,0,0,0,0,10.3,1.3,46.1,0.18,0,0,0.113,0.129,0,0,0,0,0,0,0,0,0,0,0,0,0,0,0,0,0,0,0,0,0,0,0.103,0.013,0.461,42.2,0,10.3,1.3,42.2,53.8
"Lewis River Wild","Columbia R.","LRW",2024,45.86,12954,,,,,,,,,,,,,,,,,,,,,,,,,,,,,,,,,,,,,,,,,,,,,,,,,,,,,,,,,,,,,0,0,0,,0,
"Queets Fall Fingerling","WA Coast","QUE",1979,47.53,3900,22.4,0,0.5,39.6,0,28.5,0,9,0,0,0,0,0,0,0,0,0,0,0,0,0,0,0,0,0,0,0,0,0,0,0.224,0,0.005,0.396,0,0.285,0,0.09,0,0,0,0,0,0,0,0,0,0,0,0,0,0,0,0,0,0,0,0,0,0,91,9,0,0,100,100
"Queets Fall Fingerling","WA Coast","QUE",1980,47.53,3200,25.6,0,0.3,28.9,0,17.4,0,10.8,11.7,1.7,0,0.4,0,0,0,0,0,0,0,3.2,0,0,0,0,0,0,0,0,0,0,0.256,0,0.003,0.289,0,0.174,0,0.108,0.117,0.017,0,0.004,0,0,0,0,0,0,0,0.032,0,0,0,0,0,0,0,0,0,0,72.2,27.8,0,0,100,100
"Queets Fall Fingerling","WA Coast","QUE",1981,47.53,4250,14.5,0,0.2,16.3,0.2,11.6,0,1.4,1.8,0,0,1.1,0,0.3,0,1.7,0,0,0,3,0,0,0,0,0,0,27.1,0,0,20.8,0.145,0,0.002,0.163,0.002,0.116,0,0.014,0.018,0,0,0.011,0,0.003,0,0.017,0,0,0,0.03,0,0,0,0,0,0,0.271,0,0,0.208,42.8,9.3,27.1,0,52.1,79.2
"Queets Fall Fingerling","WA Coast","QUE",1982,47.53,4150,13.5,1.6,0.1,20.4,0,13.6,0,0,0.8,1.4,0,0,0,0,0,0,0,0,0,0,0,0,0,0,0,0,25.7,0,0,23,0.135,0.016,0.001,0.204,0,0.136,0,0,0.008,0.014,0,0,0,0,0,0,0,0,0,0,0,0,0,0,0,0,0.257,0,0,0.23,49.2,2.2,25.7,0,51.4,77.1
"Queets Fall Fingerling","WA Coast","QUE",1983,47.53,2750,43.5,0,0,14.4,0,4.7,0,0,0.6,0,0,1.4,0,0.8,0,0,0,0,1,0,0,0,0,0,0,0,16.2,0,0,17.4,0.435,0,0,0.144,0,0.047,0,0,0.006,0,0,0.014,0,0.008,0,0,0,0,0.01,0,0,0,0,0,0,0,0.162,0,0,0.174,62.6,3.8,16.2,0,66.4,82.6
"Queets Fall Fingerling","WA Coast","QUE",1984,47.53,4350,16.8,0.7,0,25.9,2.8,9.2,0,0,0,0,0,0,0,2.5,0,0,0,0,0,0,0,0,0,0,0,0,25,0,0,17.1,0.168,0.007,0,0.259,0.028,0.092,0,0,0,0,0,0,0,0.025,0,0,0,0,0,0,0,0,0,0,0,0,0.25,0,0,0.171,55.4,2.5,25,0,57.9,82.9
"Queets Fall Fingerling","WA Coast","QUE",1985,47.53,4150,23,0,0,30.4,0,2.2,0,0,0,0,0,1.4,0,0,0,0,0,0,0,1.5,0,0,0,0,0,0,12.9,0,0,28.6,0.23,0,0,0.304,0,0.022,0,0,0,0,0,0.014,0,0,0,0,0,0,0,0.015,0,0,0,0,0,0,0.129,0,0,0.286,55.6,2.9,12.9,0,58.5,71.4
"Queets Fall Fingerling","WA Coast","QUE",1986,47.53,7894,25.1,0,1.2,11.3,0,6.7,0,1.5,0,0,0,1,0,0,0,0,0,0,0,0.1,0,0,0,0,0,0,7.1,0,0,45.9,0.251,0,0.012,0.113,0,0.067,0,0.015,0,0,0,0.01,0,0,0,0,0,0,0,0.001,0,0,0,0,0,0,0.071,0,0,0.459,44.3,2.6,7.1,0,46.9,54
"Queets Fall Fingerling","WA Coast","QUE",1987,47.53,6557,26.6,1.7,0.1,12.7,1,1.5,0,1.4,0.4,0,0,0,0,0.4,0,0,0,0,0,0.7,0,0,0,0,0,0,20.3,0,0,33.5,0.266,0.017,0.001,0.127,0.01,0.015,0,0.014,0.004,0,0,0,0,0.004,0,0,0,0,0,0.007,0,0,0,0,0,0,0.203,0,0,0.335,43.6,2.9,20.3,0,46.5,66.8
"Queets Fall Fingerling","WA Coast","QUE",1988,47.53,9494,21.7,1.6,1.4,8.5,0.9,5.3,0,2,0.4,0,0,0,1,0,0,0,0,0,0,3.3,0,0,0,0,0,0,13.6,0,0,40.2,0.217,0.016,0.014,0.085,0.009,0.053,0,0.02,0.004,0,0,0,0.01,0,0,0,0,0,0,0.033,0,0,0,0,0,0,0.136,0,0,0.402,39.4,6.7,13.6,0,46.1,59.7
"Queets Fall Fingerling","WA Coast","QUE",1989,47.53,9324,11.8,0.3,0.2,11.6,0.2,10.6,0,0.7,0.3,0,0,0,0,0,0,0,0,0,0,2,0,0,0,0,0,0,26.3,0,0,35.9,0.118,0.003,0.002,0.116,0.002,0.106,0,0.007,0.003,0,0,0,0,0,0,0,0,0,0,0.02,0,0,0,0,0,0,0.263,0,0,0.359,34.7,3,26.3,0,37.7,64
"Queets Fall Fingerling","WA Coast","QUE",1990,47.53,10569,15.1,0.5,0.3,6.3,2.6,7.2,0,0.3,0.3,0,0,0,0,0,0,0,0,0,0,0,0,0,0,0,0,0,12.8,0,0,54.6,0.151,0.005,0.003,0.063,0.026,0.072,0,0.003,0.003,0,0,0,0,0,0,0,0,0,0,0,0,0,0,0,0,0,0.128,0,0,0.546,32,0.6,12.8,0,32.6,45.4
"Queets Fall Fingerling","WA Coast","QUE",1991,47.53,4795,24.6,0.3,0.8,10.3,1.2,6.1,0,0,0,0,0,0,0,0,0.3,0,0,0,0,0.5,0,0,0,0,0,0,14.6,0,0,41.3,0.246,0.003,0.008,0.103,0.012,0.061,0,0,0,0,0,0,0,0,0.003,0,0,0,0,0.005,0,0,0,0,0,0,0.146,0,0,0.413,43.3,0.8,14.6,0,44.1,58.7
"Queets Fall Fingerling","WA Coast","QUE",1992,47.53,4911,14.5,6.3,2.6,11,1.9,16.6,0,0,0.1,0,0,0,0,0,0.3,0,0,0,0,0,0,0,0,0,0,0,15.5,0,0,31.2,0.145,0.063,0.026,0.11,0.019,0.166,0,0,0.001,0,0,0,0,0,0.003,0,0,0,0,0,0,0,0,0,0,0,0.155,0,0,0.312,52.9,0.4,15.5,0,53.3,68.8
"Queets Fall Fingerling","WA Coast","QUE",1993,47.53,3463,20.4,2.4,0.6,12.8,1.4,13.2,0,0.4,0,0,0,0,0,0.4,2,0,0,0,0,1,0,0,0,0,0,0,14.1,0,0,31.4,0.204,0.024,0.006,0.128,0.014,0.132,0,0.004,0,0,0,0,0,0.004,0.02,0,0,0,0,0.01,0,0,0,0,0,0,0.141,0,0,0.314,50.8,3.8,14.1,0,54.6,68.7
"Queets Fall Fingerling","WA Coast","QUE",1994,47.53,4233,22.6,1.1,0.4,21.2,1.4,3.9,0.5,0.2,0.3,0,0,0,0.7,0,0,0,0,0,0,0,0,0,0,0,0,0,19.6,0,0,28.1,0.226,0.011,0.004,0.212,0.014,0.039,0.005,0.002,0.003,0,0,0,0.007,0,0,0,0,0,0,0,0,0,0,0,0,0,0.196,0,0,0.281,51.1,1.2,19.6,0,52.3,71.9
"Queets Fall Fingerling","WA Coast","QUE",1995,47.53,3127,21.5,0,1.7,6.4,3.8,0.8,0,0,0.1,0,0,0,0.6,0.7,0,0,0,0,0.2,0,0,0,0,0,0,0,26.2,0.5,0,37.4,0.215,0,0.017,0.064,0.038,0.008,0,0,0.001,0,0,0,0.006,0.007,0,0,0,0,0.002,0,0,0,0,0,0,0,0.262,0.005,0,0.374,34.2,1.6,26.7,0,35.8,62.5
"Queets Fall Fingerling","WA Coast","QUE",1996,47.53,4218,21.3,0,2.6,0.8,0,0.4,0,0.2,0,0,0,0,0,0,0,0,0,0,0,0,0,0,0,0,0.1,0,16.5,0,0,58,0.213,0,0.026,0.008,0,0.004,0,0.002,0,0,0,0,0,0,0,0,0,0,0,0,0,0,0,0,0.001,0,0.165,0,0,0.58,25.1,0.2,16.6,0,25.3,41.9
"Queets Fall Fingerling","WA Coast","QUE",1997,47.53,2872,37.9,0.6,0,7.8,0,0.3,0,0.3,0,0,0,0,0,0,0,0,0,0,0,0,0,0,0,0,0,0,19.2,0,0,34,0.379,0.006,0,0.078,0,0.003,0,0.003,0,0,0,0,0,0,0,0,0,0,0,0,0,0,0,0,0,0,0.192,0,0,0.34,46.6,0.3,19.2,0,46.9,66.1
"Queets Fall Fingerling","WA Coast","QUE",1998,47.53,3875,24.9,0,3.5,18.9,0,0,0,0,0,0,0,0,0,0,0.7,0,0,0,0,0,0,0,0,0,0,0,9.6,3.8,0,38.7,0.249,0,0.035,0.189,0,0,0,0,0,0,0,0,0,0,0.007,0,0,0,0,0,0,0,0,0,0,0,0.096,0.038,0,0.387,47.3,0.7,13.4,0,48,61.4
"Queets Fall Fingerling","WA Coast","QUE",1999,47.53,1929,10.6,0,2.8,2.6,0,0,0,0,0,0,0,0,0,0,0.3,0,0,0,0,0,0,0,0,0,0,0,8.6,0,0,75.1,0.106,0,0.028,0.026,0,0,0,0,0,0,0,0,0,0,0.003,0,0,0,0,0,0,0,0,0,0,0,0.086,0,0,0.751,16,0.3,8.6,0,16.3,24.9
"Queets Fall Fingerling","WA Coast","QUE",2000,47.53,3410,19.5,0,5.1,9.7,0,0,0,0,0,0,0,0,0,0,0,0,0,0,0,0,0,0,0,0,0,0,2.4,0,0,63.3,0.195,0,0.051,0.097,0,0,0,0,0,0,0,0,0,0,0,0,0,0,0,0,0,0,0,0,0,0,0.024,0,0,0.633,34.3,0,2.4,0,34.3,36.7
"Queets Fall Fingerling","WA Coast","QUE",2001,47.53,2872,11.4,0,3.5,2.2,0,0,0,0,0,0,0,0,0,0.5,0.2,0,0,0,0,0,0,0,0,0,0,0,14.6,0,0,67.5,0.114,0,0.035,0.022,0,0,0,0,0,0,0,0,0,0.005,0.002,0,0,0,0,0,0,0,0,0,0,0,0.146,0,0,0.675,17.1,0.7,14.6,0,17.8,32.4
"Queets Fall Fingerling","WA Coast","QUE",2002,47.53,2419,22.1,0,2.6,4.1,2.5,0,0,0,0,0,0,0,0.2,0,0.2,0,0,0,0,0,0,0,0,0,0,0,17.4,0,11.1,39.9,0.221,0,0.026,0.041,0.025,0,0,0,0,0,0,0,0.002,0,0.002,0,0,0,0,0,0,0,0,0,0,0,0.174,0,0.111,0.399,31.3,0.4,17.4,11.1,31.7,60.2
"Queets Fall Fingerling","WA Coast","QUE",2003,47.53,4886,14.5,0,2.7,7.5,3.8,0,0.2,0,0,0,0,0,0,0,0.5,0,0,0,0,0,0,0,0,0,0,0,11.6,0,0.2,58.9,0.145,0,0.027,0.075,0.038,0,0.002,0,0,0,0,0,0,0,0.005,0,0,0,0,0,0,0,0,0,0,0,0.116,0,0.002,0.589,28.7,0.5,11.6,0.2,29.2,41
"Queets Fall Fingerling","WA Coast","QUE",2004,47.53,4978,13.7,0.7,2.5,6.1,6.7,2,0,0,0,0,0,0,0,0.1,0.2,0,0,0,0,0,0,0,0,0,0,0,9.2,0,0.1,58.7,0.137,0.007,0.025,0.061,0.067,0.02,0,0,0,0,0,0,0,0.001,0.002,0,0,0,0,0,0,0,0,0,0,0,0.092,0,0.001,0.587,31.7,0.3,9.2,0.1,32,41.3
"Queets Fall Fingerling","WA Coast","QUE",2005,47.53,4401,14.4,0,2.7,5.8,1.5,2.8,0,0,0,0,0,0,0.6,0,0.3,0,0,0,0,0,0,0,0,0,0,0,15.7,0,0.1,56,0.144,0,0.027,0.058,0.015,0.028,0,0,0,0,0,0,0.006,0,0.003,0,0,0,0,0,0,0,0,0,0,0,0.157,0,0.001,0.56,27.2,0.9,15.7,0.1,28.1,43.9
"Queets Fall Fingerling","WA Coast","QUE",2006,47.53,2931,18.9,0.2,3.2,10.7,3.1,3.1,0.8,0,0,0,0,0,0,0.4,0,0,0,0,0,0,0,0,0,0,0,0,12.9,0,0.9,45.9,0.189,0.002,0.032,0.107,0.031,0.031,0.008,0,0,0,0,0,0,0.004,0,0,0,0,0,0,0,0,0,0,0,0,0.129,0,0.009,0.459,40,0.4,12.9,0.9,40.4,54.2
"Queets Fall Fingerling","WA Coast","QUE",2007,47.53,768,29.6,0,7.2,9.9,13.9,0,0,0,0,0,0,0,0,2.3,0.2,0,0,0.2,0,0,0,0,0,0,0,0,12.9,0,0,24,0.296,0,0.072,0.099,0.139,0,0,0,0,0,0,0,0,0.023,0.002,0,0,0.002,0,0,0,0,0,0,0,0,0.129,0,0,0.24,60.6,2.7,12.9,0,63.3,76.2
"Queets Fall Fingerling","WA Coast","QUE",2008,47.53,2971,16.5,0,2.5,7.9,6.4,0.7,2.1,0,0,0,0,0,0,0,0,0,0,0,0,0,0,0,0,0,0,0,18.6,0,0,45.3,0.165,0,0.025,0.079,0.064,0.007,0.021,0,0,0,0,0,0,0,0,0,0,0,0,0,0,0,0,0,0,0,0.186,0,0,0.453,36.1,0,18.6,0,36.1,54.7
"Queets Fall Fingerling","WA Coast","QUE",2009,47.53,4010,26.7,1.5,5.9,9.5,4.3,0.2,1.4,0,0,0,0,0,0,0,0,0,0,0,0,0,0,0,0,0,0,0,16.6,0,0.3,33.6,0.267,0.015,0.059,0.095,0.043,0.002,0.014,0,0,0,0,0,0,0,0,0,0,0,0,0,0,0,0,0,0,0,0.166,0,0.003,0.336,49.5,0,16.6,0.3,49.5,66.4
"Queets Fall Fingerling","WA Coast","QUE",2010,47.53,3861,20.8,0,5.2,4.5,5.2,0,0.5,0,0,0,0,0,0.1,0.2,0.3,0,0,0,0,0,0,0,0,0,0,0,14,0,0,49.3,0.208,0,0.052,0.045,0.052,0,0.005,0,0,0,0,0,0.001,0.002,0.003,0,0,0,0,0,0,0,0,0,0,0,0.14,0,0,0.493,36.2,0.6,14,0,36.8,50.8
"Queets Fall Fingerling","WA Coast","QUE",2011,47.53,3710,22.3,0.2,5.8,5.7,5,0.1,0.2,0,0,0.5,0,0,0,0.3,0.1,0,0,0,0,0,0,0,0,0,0,0,19.8,0,0,40,0.223,0.002,0.058,0.057,0.05,0.001,0.002,0,0,0.005,0,0,0,0.003,0.001,0,0,0,0,0,0,0,0,0,0,0,0.198,0,0,0.4,39.3,0.9,19.8,0,40.2,60
"Queets Fall Fingerling","WA Coast","QUE",2012,47.53,3586,35,0.2,6.4,8,9.5,0.8,0.8,0,0,0,0,0,0.1,0.7,0,0,0,0,0,0,0.4,0,0,0,0,0,19.1,0,0.4,18.5,0.35,0.002,0.064,0.08,0.095,0.008,0.008,0,0,0,0,0,0.001,0.007,0,0,0,0,0,0,0.004,0,0,0,0,0,0.191,0,0.004,0.185,60.7,0.8,19.5,0.4,61.5,81.4
"Queets Fall Fingerling","WA Coast","QUE",2013,47.53,2502,18.4,0.9,12.1,8.1,14.5,0.4,0.5,0,0,0.2,0,0,0,0.8,0.3,0,0,0,0,0,0,0,0,0,0,0,18.5,0,0,25.3,0.184,0.009,0.121,0.081,0.145,0.004,0.005,0,0,0.002,0,0,0,0.008,0.003,0,0,0,0,0,0,0,0,0,0,0,0.185,0,0,0.253,54.9,1.3,18.5,0,56.2,74.7
"Queets Fall Fingerling","WA Coast","QUE",2014,47.53,3684,24,1.1,7.3,7.3,6.8,0.7,0.5,0,0,0,0,0,0,0.3,0.3,0,0,0,0,0.1,0,0,0,0,0,0,13.2,0,0,38.4,0.24,0.011,0.073,0.073,0.068,0.007,0.005,0,0,0,0,0,0,0.003,0.003,0,0,0,0,0.001,0,0,0,0,0,0,0.132,0,0,0.384,47.7,0.7,13.2,0,48.4,61.6
"Queets Fall Fingerling","WA Coast","QUE",2015,47.53,5313,18.3,0,7,7.3,8.4,0.4,0.7,0,0,0,0,0,0,0.6,0.3,0,0,0,0,0,0,0,0,0,0,0,6.5,0,2.5,48.1,0.183,0,0.07,0.073,0.084,0.004,0.007,0,0,0,0,0,0,0.006,0.003,0,0,0,0,0,0,0,0,0,0,0,0.065,0,0.025,0.481,42.1,0.9,6.5,2.5,43,52
"Queets Fall Fingerling","WA Coast","QUE",2016,47.53,2915,27.8,0.1,3.5,17.5,2.2,0.2,0,0,0,0,0,0,0,0,0,0,0,0,0,0,0,0,0,0,0,0,10,0,1.5,37.3,0.278,0.001,0.035,0.175,0.022,0.002,0,0,0,0,0,0,0,0,0,0,0,0,0,0,0,0,0,0,0,0,0.1,0,0.015,0.373,51.3,0,10,1.5,51.3,62.8
"Queets Fall Fingerling","WA Coast","QUE",2017,47.53,2707,13.3,0,5.2,8.6,2.9,1.2,0.7,0,0,0,0,0,0,0,0,0,0,0,0,0,0,0,0,0,0,0,24.1,0,0,44,0.133,0,0.052,0.086,0.029,0.012,0.007,0,0,0,0,0,0,0,0,0,0,0,0,0,0,0,0,0,0,0,0.241,0,0,0.44,31.9,0,24.1,0,31.9,56
"Queets Fall Fingerling","WA Coast","QUE",2018,47.53,2095,20.5,0,7.1,20.2,3.4,0.9,0,0,0,0,0,0,1,0.2,0,0,0,0,0,0,0,0,0,0,0,0,13.5,0,0,33.3,0.205,0,0.071,0.202,0.034,0.009,0,0,0,0,0,0,0.01,0.002,0,0,0,0,0,0,0,0,0,0,0,0,0.135,0,0,0.333,52.1,1.2,13.5,0,53.3,66.8
"Queets Fall Fingerling","WA Coast","QUE",2019,47.53,2504,20.6,0.6,1.1,20.5,7.3,1,0.4,0,0,0.6,0,0,0.9,1.2,0.3,0,0.3,0,0,0,0,0,0,0,0,0,18.2,0,0,27,0.206,0.006,0.011,0.205,0.073,0.01,0.004,0,0,0.006,0,0,0.009,0.012,0.003,0,0.003,0,0,0,0,0,0,0,0,0,0.182,0,0,0.27,51.5,3.3,18.2,0,54.8,73
"Queets Fall Fingerling","WA Coast","QUE",2020,47.53,3459,30.7,1.3,5.9,11.9,0,0.6,0,0,0,0,0,0,0,0.3,0,0,0,0,0,0,0,0,0,0,0,0,23.7,0,0,25.7,0.307,0.013,0.059,0.119,0,0.006,0,0,0,0,0,0,0,0.003,0,0,0,0,0,0,0,0,0,0,0,0,0.237,0,0,0.257,50.4,0.3,23.7,0,50.7,74.4
"Queets Fall Fingerling","WA Coast","QUE",2021,47.53,3187,30.1,0.4,4.7,15.8,6.2,1.9,0.5,0,0,1.2,0,0,0,0.3,0,0,0,0,0,0,0,0,0,0,0,0,15.1,0,0,24,0.301,0.004,0.047,0.158,0.062,0.019,0.005,0,0,0.012,0,0,0,0.003,0,0,0,0,0,0,0,0,0,0,0,0,0.151,0,0,0.24,59.6,1.5,15.1,0,61.1,76.2
"Queets Fall Fingerling","WA Coast","QUE",2022,47.53,1643,24.1,1.1,7,16.6,3.4,0.4,0,0,0,0,0,0,0.3,0,0,0,0,0,0,0,0,0,0,0,0,0,27.2,0,0,19.8,0.241,0.011,0.07,0.166,0.034,0.004,0,0,0,0,0,0,0.003,0,0,0,0,0,0,0,0,0,0,0,0,0,0.272,0,0,0.198,52.6,0.3,27.2,0,52.9,80.1
"Queets Fall Fingerling","WA Coast","QUE",2023,47.53,2058,26.5,0,9.2,12.8,6.7,2,0.4,0,0,0,0,0,0.4,0.3,0,0,0,0,0,0,0,0,0,0,0,0,14.4,0,0,27.3,0.265,0,0.092,0.128,0.067,0.02,0.004,0,0,0,0,0,0.004,0.003,0,0,0,0,0,0,0,0,0,0,0,0,0.144,0,0,0.273,57.6,0.7,14.4,0,58.3,72.7
"Queets Fall Fingerling","WA Coast","QUE",2024,47.53,4068,,,,,,,,,,,,,,,,,,,,,,,,,,,,,,,,,,,,,,,,,,,,,,,,,,,,,,,,,,,,,0,0,0,,0,
"Hoh","WA Coast","Hoh",1979,47.75,1700,22.4,0,0.5,39.6,0,28.5,0,9,0,0,0,0,0,0,0,0,0,0,0,0,0,0,0,0,0,0,0,0,0,0,0.224,0,0.005,0.396,0,0.285,0,0.09,0,0,0,0,0,0,0,0,0,0,0,0,0,0,0,0,0,0,0,0,0,0,91,9,0,0,100,100
"Hoh","WA Coast","Hoh",1980,47.75,2200,25.6,0,0.3,28.9,0,17.4,0,10.8,11.7,1.7,0,0.4,0,0,0,0,0,0,0,3.2,0,0,0,0,0,0,0,0,0,0,0.256,0,0.003,0.289,0,0.174,0,0.108,0.117,0.017,0,0.004,0,0,0,0,0,0,0,0.032,0,0,0,0,0,0,0,0,0,0,72.2,27.8,0,0,100,100
"Hoh","WA Coast","Hoh",1981,47.75,3100,14.5,0,0.2,16.3,0.2,11.6,0,1.4,1.8,0,0,1.1,0,0.3,0,1.7,0,0,0,3,0,0,0,0,0,0,10.8,0,0,37.1,0.145,0,0.002,0.163,0.002,0.116,0,0.014,0.018,0,0,0.011,0,0.003,0,0.017,0,0,0,0.03,0,0,0,0,0,0,0.108,0,0,0.371,42.8,9.3,10.8,0,52.1,62.9
"Hoh","WA Coast","Hoh",1982,47.75,4500,13.5,1.6,0.1,20.4,0,13.6,0,0,0.8,1.4,0,0,0,0,0,0,0,0,0,0,0,0,0,0,0,0,10.8,0.1,0,37.8,0.135,0.016,0.001,0.204,0,0.136,0,0,0.008,0.014,0,0,0,0,0,0,0,0,0,0,0,0,0,0,0,0,0.108,0.001,0,0.378,49.2,2.2,10.9,0,51.4,62.3
"Hoh","WA Coast","Hoh",1983,47.75,2500,43.5,0,0,14.4,0,4.7,0,0,0.6,0,0,1.4,0,0.8,0,0,0,0,1,0,0,0,0,0,0,0,6.5,1.7,0,25.4,0.435,0,0,0.144,0,0.047,0,0,0.006,0,0,0.014,0,0.008,0,0,0,0,0.01,0,0,0,0,0,0,0,0.065,0.017,0,0.254,62.6,3.8,8.2,0,66.4,74.6
"Hoh","WA Coast","Hoh",1984,47.75,1900,16.8,0.7,0,25.9,2.8,9.2,0,0,0,0,0,0,0,2.5,0,0,0,0,0,0,0,0,0,0,0,0,9.9,1.4,0,30.8,0.168,0.007,0,0.259,0.028,0.092,0,0,0,0,0,0,0,0.025,0,0,0,0,0,0,0,0,0,0,0,0,0.099,0.014,0,0.308,55.4,2.5,11.3,0,57.9,69.2
"Hoh","WA Coast","Hoh",1985,47.75,1725,23,0,0,30.4,0,2.2,0,0,0,0,0,1.4,0,0,0,0,0,0,0,1.5,0,0,0,0,0,0,14.7,0.4,0,26.3,0.23,0,0,0.304,0,0.022,0,0,0,0,0,0.014,0,0,0,0,0,0,0,0.015,0,0,0,0,0,0,0.147,0.004,0,0.263,55.6,2.9,15.1,0,58.5,73.6
"Hoh","WA Coast","Hoh",1986,47.75,4981,25.1,0,1.2,11.3,0,6.7,0,1.5,0,0,0,1,0,0,0,0,0,0,0,0.1,0,0,0,0,0,0,7.5,1.5,0,44,0.251,0,0.012,0.113,0,0.067,0,0.015,0,0,0,0.01,0,0,0,0,0,0,0,0.001,0,0,0,0,0,0,0.075,0.015,0,0.44,44.3,2.6,9,0,46.9,55.9
"Hoh","WA Coast","Hoh",1987,47.75,4006,26.6,1.7,0.1,12.7,1,1.5,0,1.4,0.4,0,0,0,0,0.4,0,0,0,0,0,0.7,0,0,0,0,0,0,16.1,2.6,0,35,0.266,0.017,0.001,0.127,0.01,0.015,0,0.014,0.004,0,0,0,0,0.004,0,0,0,0,0,0.007,0,0,0,0,0,0,0.161,0.026,0,0.35,43.6,2.9,18.7,0,46.5,65.2
"Hoh","WA Coast","Hoh",1988,47.75,4128,21.7,1.6,1.4,8.5,0.9,5.3,0,2,0.4,0,0,0,1,0,0,0,0,0,0,3.3,0,0,0,0,0,0,20.4,1.6,0,31.7,0.217,0.016,0.014,0.085,0.009,0.053,0,0.02,0.004,0,0,0,0.01,0,0,0,0,0,0,0.033,0,0,0,0,0,0,0.204,0.016,0,0.317,39.4,6.7,22,0,46.1,68.1
"Hoh","WA Coast","Hoh",1989,47.75,5148,11.8,0.3,0.2,11.6,0.2,10.6,0,0.7,0.3,0,0,0,0,0,0,0,0,0,0,2,0,0,0,0,0,0,23.7,1.7,0,36.9,0.118,0.003,0.002,0.116,0.002,0.106,0,0.007,0.003,0,0,0,0,0,0,0,0,0,0,0.02,0,0,0,0,0,0,0.237,0.017,0,0.369,34.7,3,25.4,0,37.7,63.1
"Hoh","WA Coast","Hoh",1990,47.75,4236,15.1,0.5,0.3,6.3,2.6,7.2,0,0.3,0.3,0,0,0,0,0,0,0,0,0,0,0,0,0,0,0,0,0,20.6,1.8,0,45.1,0.151,0.005,0.003,0.063,0.026,0.072,0,0.003,0.003,0,0,0,0,0,0,0,0,0,0,0,0,0,0,0,0,0,0.206,0.018,0,0.451,32,0.6,22.4,0,32.6,55
"Hoh","WA Coast","Hoh",1991,47.75,1420,24.6,0.3,0.8,10.3,1.2,6.1,0,0,0,0,0,0,0,0,0.3,0,0,0,0,0.5,0,0,0,0,0,0,23,2.7,0,30.2,0.246,0.003,0.008,0.103,0.012,0.061,0,0,0,0,0,0,0,0,0.003,0,0,0,0,0.005,0,0,0,0,0,0,0.23,0.027,0,0.302,43.3,0.8,25.7,0,44.1,69.8
"Hoh","WA Coast","Hoh",1992,47.75,4003,14.5,6.3,2.6,11,1.9,16.6,0,0,0.1,0,0,0,0,0,0.3,0,0,0,0,0,0,0,0,0,0,0,8.7,1.6,0,36.4,0.145,0.063,0.026,0.11,0.019,0.166,0,0,0.001,0,0,0,0,0,0.003,0,0,0,0,0,0,0,0,0,0,0,0.087,0.016,0,0.364,52.9,0.4,10.3,0,53.3,63.6
"Hoh","WA Coast","Hoh",1993,47.75,2280,20.4,2.4,0.6,12.8,1.4,13.2,0,0.4,0,0,0,0,0,0.4,2,0,0,0,0,1,0,0,0,0,0,0,7.6,2.7,0,35.1,0.204,0.024,0.006,0.128,0.014,0.132,0,0.004,0,0,0,0,0,0.004,0.02,0,0,0,0,0.01,0,0,0,0,0,0,0.076,0.027,0,0.351,50.8,3.8,10.3,0,54.6,64.9
"Hoh","WA Coast","Hoh",1994,47.75,3967,22.6,1.1,0.4,21.2,1.4,3.9,0.5,0.2,0.3,0,0,0,0.7,0,0,0,0,0,0,0,0,0,0,0,0,0,2.9,1,0,43.8,0.226,0.011,0.004,0.212,0.014,0.039,0.005,0.002,0.003,0,0,0,0.007,0,0,0,0,0,0,0,0,0,0,0,0,0,0.029,0.01,0,0.438,51.1,1.2,3.9,0,52.3,56.2
"Hoh","WA Coast","Hoh",1995,47.75,2202,21.5,0,1.7,6.4,3.8,0.8,0,0,0.1,0,0,0,0.6,0.7,0,0,0,0,0.2,0,0,0,0,0,0,0,11.5,4.2,0,48.5,0.215,0,0.017,0.064,0.038,0.008,0,0,0.001,0,0,0,0.006,0.007,0,0,0,0,0.002,0,0,0,0,0,0,0,0.115,0.042,0,0.485,34.2,1.6,15.7,0,35.8,51.5
"Hoh","WA Coast","Hoh",1996,47.75,3022,21.3,0,2.6,0.8,0,0.4,0,0.2,0,0,0,0,0,0,0,0,0,0,0,0,0,0,0,0,0.1,0,15.6,3.4,0,55.5,0.213,0,0.026,0.008,0,0.004,0,0.002,0,0,0,0,0,0,0,0,0,0,0,0,0,0,0,0,0.001,0,0.156,0.034,0,0.555,25.1,0.2,19.1,0,25.3,44.4
"Hoh","WA Coast","Hoh",1997,47.75,1773,37.9,0.6,0,7.8,0,0.3,0,0.3,0,0,0,0,0,0,0,0,0,0,0,0,0,0,0,0,0,0,19.4,2.8,0,31,0.379,0.006,0,0.078,0,0.003,0,0.003,0,0,0,0,0,0,0,0,0,0,0,0,0,0,0,0,0,0,0.194,0.028,0,0.31,46.6,0.3,22.2,0,46.9,69.1
"Hoh","WA Coast","Hoh",1998,47.75,4257,24.9,0,3.5,18.9,0,0,0,0,0,0,0,0,0,0,0.7,0,0,0,0,0,0,0,0,0,0,0,8.4,2.5,0,41.1,0.249,0,0.035,0.189,0,0,0,0,0,0,0,0,0,0,0.007,0,0,0,0,0,0,0,0,0,0,0,0.084,0.025,0,0.411,47.3,0.7,10.9,0,48,58.9
"Hoh","WA Coast","Hoh",1999,47.75,1924,10.6,0,2.8,2.6,0,0,0,0,0,0,0,0,0,0,0.3,0,0,0,0,0,0,0,0,0,0,0,17.4,11.5,0,54.9,0.106,0,0.028,0.026,0,0,0,0,0,0,0,0,0,0,0.003,0,0,0,0,0,0,0,0,0,0,0,0.174,0.115,0,0.549,16,0.3,28.9,0,16.3,45.2
"Hoh","WA Coast","Hoh",2000,47.75,1749,19.5,0,5.1,9.7,0,0,0,0,0,0,0,0,0,0,0,0,0,0,0,0,0,0,0,0,0,0,10.4,11.7,0,43.6,0.195,0,0.051,0.097,0,0,0,0,0,0,0,0,0,0,0,0,0,0,0,0,0,0,0,0,0,0,0.104,0.117,0,0.436,34.3,0,22.1,0,34.3,56.4
"Hoh","WA Coast","Hoh",2001,47.75,2560,11.4,0,3.5,2.2,0,0,0,0,0,0,0,0,0,0.5,0.2,0,0,0,0,0,0,0,0,0,0,0,18.6,11.3,0,52.2,0.114,0,0.035,0.022,0,0,0,0,0,0,0,0,0,0.005,0.002,0,0,0,0,0,0,0,0,0,0,0,0.186,0.113,0,0.522,17.1,0.7,29.9,0,17.8,47.7
"Hoh","WA Coast","Hoh",2002,47.75,4415,22.1,0,2.6,4.1,2.5,0,0,0,0,0,0,0,0.2,0,0.2,0,0,0,0,0,0,0,0,0,0,0,11.4,1,11.1,44.8,0.221,0,0.026,0.041,0.025,0,0,0,0,0,0,0,0.002,0,0.002,0,0,0,0,0,0,0,0,0,0,0,0.114,0.01,0.111,0.448,31.3,0.4,12.4,11.1,31.7,55.2
"Hoh","WA Coast","Hoh",2003,47.75,1649,14.5,0,2.7,7.5,3.8,0,0.2,0,0,0,0,0,0,0,0.5,0,0,0,0,0,0,0,0,0,0,0,14.5,5.7,0.2,50.3,0.145,0,0.027,0.075,0.038,0,0.002,0,0,0,0,0,0,0,0.005,0,0,0,0,0,0,0,0,0,0,0,0.145,0.057,0.002,0.503,28.7,0.5,20.2,0.2,29.2,49.6
"Hoh","WA Coast","Hoh",2004,47.75,3282,13.7,0.7,2.5,6.1,6.7,2,0,0,0,0,0,0,0,0.1,0.2,0,0,0,0,0,0,0,0,0,0,0,12.2,5.8,0.1,50,0.137,0.007,0.025,0.061,0.067,0.02,0,0,0,0,0,0,0,0.001,0.002,0,0,0,0,0,0,0,0,0,0,0,0.122,0.058,0.001,0.5,31.7,0.3,18,0.1,32,50.1
"Hoh","WA Coast","Hoh",2005,47.75,4180,14.4,0,2.7,5.8,1.5,2.8,0,0,0,0,0,0,0.6,0,0.3,0,0,0,0,0,0,0,0,0,0,0,12.5,2.9,0.1,56.3,0.144,0,0.027,0.058,0.015,0.028,0,0,0,0,0,0,0.006,0,0.003,0,0,0,0,0,0,0,0,0,0,0,0.125,0.029,0.001,0.563,27.2,0.9,15.4,0.1,28.1,43.6
"Hoh","WA Coast","Hoh",2006,47.75,1535,18.9,0.2,3.2,10.7,3.1,3.1,0.8,0,0,0,0,0,0,0.4,0,0,0,0,0,0,0,0,0,0,0,0,15.2,5,0.9,38.6,0.189,0.002,0.032,0.107,0.031,0.031,0.008,0,0,0,0,0,0,0.004,0,0,0,0,0,0,0,0,0,0,0,0,0.152,0.05,0.009,0.386,40,0.4,20.2,0.9,40.4,61.5
"Hoh","WA Coast","Hoh",2007,47.75,1556,29.6,0,7.2,9.9,13.9,0,0,0,0,0,0,0,0,2.3,0.2,0,0,0,0,0,0,0,0,0,0,0,10.4,2.9,0,23.8,0.296,0,0.072,0.099,0.139,0,0,0,0,0,0,0,0,0.023,0.002,0,0,0,0,0,0,0,0,0,0,0,0.104,0.029,0,0.238,60.6,2.5,13.3,0,63.1,76.4
"Hoh","WA Coast","Hoh",2008,47.75,2999,16.5,0,2.5,7.9,6.4,0.7,2.1,0,0,0,0,0,0,0,0,0,0,0,0,0,0,0,0,0,0,0,10.5,4.4,0,49,0.165,0,0.025,0.079,0.064,0.007,0.021,0,0,0,0,0,0,0,0,0,0,0,0,0,0,0,0,0,0,0,0.105,0.044,0,0.49,36.1,0,14.9,0,36.1,51
"Hoh","WA Coast","Hoh",2009,47.75,2081,26.7,1.5,5.9,9.5,4.3,0.2,1.4,0,0,0,0,0,0,0,0,0,0,0,0,0,0,0,0,0,0,0,9.8,2.4,0.3,38.1,0.267,0.015,0.059,0.095,0.043,0.002,0.014,0,0,0,0,0,0,0,0,0,0,0,0,0,0,0,0,0,0,0,0.098,0.024,0.003,0.381,49.5,0,12.2,0.3,49.5,62
"Hoh","WA Coast","Hoh",2010,47.75,2599,20.8,0,5.2,4.5,5.2,0,0.5,0,0,0,0,0,0.1,0.2,0.3,0,0,0,0,0,0,0,0,0,0,0,6.4,5.6,0,51.3,0.208,0,0.052,0.045,0.052,0,0.005,0,0,0,0,0,0.001,0.002,0.003,0,0,0,0,0,0,0,0,0,0,0,0.064,0.056,0,0.513,36.2,0.6,12,0,36.8,48.8
"Hoh","WA Coast","Hoh",2011,47.75,1293,22.3,0.2,5.8,5.7,5,0.1,0.2,0,0,0.5,0,0,0,0.3,0.1,0,0,0,0,0,0,0,0,0,0,0,13.7,10.3,0,35.8,0.223,0.002,0.058,0.057,0.05,0.001,0.002,0,0,0.005,0,0,0,0.003,0.001,0,0,0,0,0,0,0,0,0,0,0,0.137,0.103,0,0.358,39.3,0.9,24,0,40.2,64.2
"Hoh","WA Coast","Hoh",2012,47.75,1937,35,0.2,6.4,8,9.5,0.8,0.8,0,0,0,0,0,0.1,0.7,0,0,0,0,0,0,0.4,0,0,0,0,0,10.7,2.7,0.4,24.2,0.35,0.002,0.064,0.08,0.095,0.008,0.008,0,0,0,0,0,0.001,0.007,0,0,0,0,0,0,0.004,0,0,0,0,0,0.107,0.027,0.004,0.242,60.7,0.8,13.8,0.4,61.5,75.7
"Hoh","WA Coast","Hoh",2013,47.75,1269,18.4,0.9,12.1,8.1,14.5,0.4,0.5,0,0,0.2,0,0,0,0.8,0.3,0,0,0,0,0,0,0,0,0,0,0,21.1,5.9,0,16.9,0.184,0.009,0.121,0.081,0.145,0.004,0.005,0,0,0.002,0,0,0,0.008,0.003,0,0,0,0,0,0,0,0,0,0,0,0.211,0.059,0,0.169,54.9,1.3,27,0,56.2,83.2
"Hoh","WA Coast","Hoh",2014,47.75,1933,24,1.1,7.3,7.3,6.8,0.7,0.5,0,0,0,0,0,0,0.3,0.3,0,0,0,0,0.1,0,0,0,0,0,0,11.7,2.5,0,37.4,0.24,0.011,0.073,0.073,0.068,0.007,0.005,0,0,0,0,0,0,0.003,0.003,0,0,0,0,0.001,0,0,0,0,0,0,0.117,0.025,0,0.374,47.7,0.7,14.2,0,48.4,62.6
"Hoh","WA Coast","Hoh",2015,47.75,1795,18.3,0,7,7.3,8.4,0.4,0.7,0,0,0,0,0,0,0.6,0.3,0,0,0,0,0,0,0,0,0,0,0,10.4,4,2.5,40.2,0.183,0,0.07,0.073,0.084,0.004,0.007,0,0,0,0,0,0,0.006,0.003,0,0,0,0,0,0,0,0,0,0,0,0.104,0.04,0.025,0.402,42.1,0.9,14.4,2.5,43,59.9
"Hoh","WA Coast","Hoh",2016,47.75,2831,27.8,0.1,3.5,17.5,2.2,0.2,0,0,0,0,0,0,0,0,0,0,0,0,0,0,0,0,0,0,0,0,2.1,0.7,1.5,44.5,0.278,0.001,0.035,0.175,0.022,0.002,0,0,0,0,0,0,0,0,0,0,0,0,0,0,0,0,0,0,0,0,0.021,0.007,0.015,0.445,51.3,0,2.8,1.5,51.3,55.6
"Hoh","WA Coast","Hoh",2017,47.75,1808,13.3,0,5.2,8.6,2.9,1.2,0.7,0,0,0,0,0,0,0,0,0,0,0,0,0,0,0,0,0,0,0,13.9,5.8,0,48.3,0.133,0,0.052,0.086,0.029,0.012,0.007,0,0,0,0,0,0,0,0,0,0,0,0,0,0,0,0,0,0,0,0.139,0.058,0,0.483,31.9,0,19.7,0,31.9,51.6
"Hoh","WA Coast","Hoh",2018,47.75,2478,20.5,0,7.1,20.2,3.4,0.9,0,0,0,0,0,0,1,0.2,0,0,0,0,0,0,0,0,0,0,0,0,2.4,1.6,0,42.8,0.205,0,0.071,0.202,0.034,0.009,0,0,0,0,0,0,0.01,0.002,0,0,0,0,0,0,0,0,0,0,0,0,0.024,0.016,0,0.428,52.1,1.2,4,0,53.3,57.3
"Hoh","WA Coast","Hoh",2019,47.75,1552,20.6,0.6,1.1,20.5,7.3,1,0.4,0,0,0.6,0,0,0.9,1.2,0.3,0,0.3,0,0,0,0,0,0,0,0,0,13,5.1,0,27.1,0.206,0.006,0.011,0.205,0.073,0.01,0.004,0,0,0.006,0,0,0.009,0.012,0.003,0,0.003,0,0,0,0,0,0,0,0,0,0.13,0.051,0,0.271,51.5,3.3,18.1,0,54.8,72.9
"Hoh","WA Coast","Hoh",2020,47.75,2273,30.7,1.3,5.9,11.9,0,0.6,0,0,0,0,0,0,0,0.3,0,0,0,0,0,0,0,0,0,0,0,0,14.8,4.2,0,30.3,0.307,0.013,0.059,0.119,0,0.006,0,0,0,0,0,0,0,0.003,0,0,0,0,0,0,0,0,0,0,0,0,0.148,0.042,0,0.303,50.4,0.3,19,0,50.7,69.7
"Hoh","WA Coast","Hoh",2021,47.75,2622,30.1,0.4,4.7,15.8,6.2,1.9,0.5,0,0,1.2,0,0,0,0.3,0,0,0,0,0,0,0,0,0,0,0,0,11.1,2,0,25.9,0.301,0.004,0.047,0.158,0.062,0.019,0.005,0,0,0.012,0,0,0,0.003,0,0,0,0,0,0,0,0,0,0,0,0,0.111,0.02,0,0.259,59.6,1.5,13.1,0,61.1,74.2
"Hoh","WA Coast","Hoh",2022,47.75,1866,24.1,1.1,7,16.6,3.4,0.4,0,0,0,0,0,0,0.3,0,0,0,0,0,0,0,0,0,0,0,0,0,8.4,2.8,0,35.8,0.241,0.011,0.07,0.166,0.034,0.004,0,0,0,0,0,0,0.003,0,0,0,0,0,0,0,0,0,0,0,0,0,0.084,0.028,0,0.358,52.6,0.3,11.2,0,52.9,64.1
"Hoh","WA Coast","Hoh",2023,47.75,2323,26.5,0,9.2,12.8,6.7,2,0.4,0,0,0,0,0,0.4,0.3,0,0,0,0,0,0,0,0,0,0,0,0,8.5,3.9,0,29.3,0.265,0,0.092,0.128,0.067,0.02,0.004,0,0,0,0,0,0.004,0.003,0,0,0,0,0,0,0,0,0,0,0,0,0.085,0.039,0,0.293,57.6,0.7,12.4,0,58.3,70.7
"Hoh","WA Coast","Hoh",2024,47.75,2158,,,,,,,,,,,,,,,,,,,,,,,,,,,,,,,,,,,,,,,,,,,,,,,,,,,,,,,,,,,,,0,0,0,,0,
"Quillayute","WA Coast","Quillayute",1979,47.91,3900,22.4,0,0.5,39.6,0,28.5,0,9,0,0,0,0,0,0,0,0,0,0,0,0,0,0,0,0,0,0,0,0,0,0,0.224,0,0.005,0.396,0,0.285,0,0.09,0,0,0,0,0,0,0,0,0,0,0,0,0,0,0,0,0,0,0,0,0,0,91,9,0,0,100,100
"Quillayute","WA Coast","Quillayute",1980,47.91,6700,25.6,0,0.3,28.9,0,17.4,0,10.8,11.7,1.7,0,0.4,0,0,0,0,0,0,0,3.2,0,0,0,0,0,0,0,0,0,0,0.256,0,0.003,0.289,0,0.174,0,0.108,0.117,0.017,0,0.004,0,0,0,0,0,0,0,0.032,0,0,0,0,0,0,0,0,0,0,72.2,27.8,0,0,100,100
"Quillayute","WA Coast","Quillayute",1981,47.91,5963,14.5,0,0.2,16.3,0.2,11.6,0,1.4,1.8,0,0,1.1,0,0.3,0,1.7,0,0,0,3,0,0,0,0,0,0,7.1,0.6,0,40.2,0.145,0,0.002,0.163,0.002,0.116,0,0.014,0.018,0,0,0.011,0,0.003,0,0.017,0,0,0,0.03,0,0,0,0,0,0,0.071,0.006,0,0.402,42.8,9.3,7.7,0,52.1,59.8
"Quillayute","WA Coast","Quillayute",1982,47.91,7107,13.5,1.6,0.1,20.4,0,13.6,0,0,0.8,1.4,0,0,0,0,0,0,0,0,0,0,0,0,0,0,0,0,12.4,0.4,0,35.9,0.135,0.016,0.001,0.204,0,0.136,0,0,0.008,0.014,0,0,0,0,0,0,0,0,0,0,0,0,0,0,0,0,0.124,0.004,0,0.359,49.2,2.2,12.8,0,51.4,64.2
"Quillayute","WA Coast","Quillayute",1983,47.91,3069,43.5,0,0,14.4,0,4.7,0,0,0.6,0,0,1.4,0,0.8,0,0,0,0,1,0,0,0,0,0,0,0,14.3,0.7,0,18.6,0.435,0,0,0.144,0,0.047,0,0,0.006,0,0,0.014,0,0.008,0,0,0,0,0.01,0,0,0,0,0,0,0,0.143,0.007,0,0.186,62.6,3.8,15,0,66.4,81.4
"Quillayute","WA Coast","Quillayute",1984,47.91,9128,16.8,0.7,0,25.9,2.8,9.2,0,0,0,0,0,0,0,2.5,0,0,0,0,0,0,0,0,0,0,0,0,4.9,0.4,0,36.8,0.168,0.007,0,0.259,0.028,0.092,0,0,0,0,0,0,0,0.025,0,0,0,0,0,0,0,0,0,0,0,0,0.049,0.004,0,0.368,55.4,2.5,5.3,0,57.9,63.2
"Quillayute","WA Coast","Quillayute",1985,47.91,6145,23,0,0,30.4,0,2.2,0,0,0,0,0,1.4,0,0,0,0,0,0,0,1.5,0,0,0,0,0,0,10.1,0.9,0,30.4,0.23,0,0,0.304,0,0.022,0,0,0,0,0,0.014,0,0,0,0,0,0,0,0.015,0,0,0,0,0,0,0.101,0.009,0,0.304,55.6,2.9,11,0,58.5,69.5
"Quillayute","WA Coast","Quillayute",1986,47.91,10006,25.1,0,1.2,11.3,0,6.7,0,1.5,0,0,0,1,0,0,0,0,0,0,0,0.1,0,0,0,0,0,0,11,2.3,0,39.7,0.251,0,0.012,0.113,0,0.067,0,0.015,0,0,0,0.01,0,0,0,0,0,0,0,0.001,0,0,0,0,0,0,0.11,0.023,0,0.397,44.3,2.6,13.3,0,46.9,60.2
"Quillayute","WA Coast","Quillayute",1987,47.91,12352,26.6,1.7,0.1,12.7,1,1.5,0,1.4,0.4,0,0,0,0,0.4,0,0,0,0,0,0.7,0,0,0,0,0,0,20.1,1,0,32.6,0.266,0.017,0.001,0.127,0.01,0.015,0,0.014,0.004,0,0,0,0,0.004,0,0,0,0,0,0.007,0,0,0,0,0,0,0.201,0.01,0,0.326,43.6,2.9,21.1,0,46.5,67.6
"Quillayute","WA Coast","Quillayute",1988,47.91,15168,21.7,1.6,1.4,8.5,0.9,5.3,0,2,0.4,0,0,0,1,0,0,0,0,0,0,3.3,0,0,0,0,0,0,15.2,2.2,0,36.3,0.217,0.016,0.014,0.085,0.009,0.053,0,0.02,0.004,0,0,0,0.01,0,0,0,0,0,0,0.033,0,0,0,0,0,0,0.152,0.022,0,0.363,39.4,6.7,17.4,0,46.1,63.5
"Quillayute","WA Coast","Quillayute",1989,47.91,9951,11.8,0.3,0.2,11.6,0.2,10.6,0,0.7,0.3,0,0,0,0,0,0,0,0,0,0,2,0,0,0,0,0,0,24.8,1.6,0,35.9,0.118,0.003,0.002,0.116,0.002,0.106,0,0.007,0.003,0,0,0,0,0,0,0,0,0,0,0.02,0,0,0,0,0,0,0.248,0.016,0,0.359,34.7,3,26.4,0,37.7,64.1
"Quillayute","WA Coast","Quillayute",1990,47.91,13711,15.1,0.5,0.3,6.3,2.6,7.2,0,0.3,0.3,0,0,0,0,0,0,0,0,0,0,0,0,0,0,0,0,0,11.3,1.5,0,54.7,0.151,0.005,0.003,0.063,0.026,0.072,0,0.003,0.003,0,0,0,0,0,0,0,0,0,0,0,0,0,0,0,0,0,0.113,0.015,0,0.547,32,0.6,12.8,0,32.6,45.4
"Quillayute","WA Coast","Quillayute",1991,47.91,6292,24.6,0.3,0.8,10.3,1.2,6.1,0,0,0,0,0,0,0,0,0.3,0,0,0,0,0.5,0,0,0,0,0,0,7.2,2.7,0,46.1,0.246,0.003,0.008,0.103,0.012,0.061,0,0,0,0,0,0,0,0,0.003,0,0,0,0,0.005,0,0,0,0,0,0,0.072,0.027,0,0.461,43.3,0.8,9.9,0,44.1,54
"Quillayute","WA Coast","Quillayute",1992,47.91,6342,14.5,6.3,2.6,11,1.9,16.6,0,0,0.1,0,0,0,0,0,0.3,0,0,0,0,0,0,0,0,0,0,0,7.3,1.2,0,38.2,0.145,0.063,0.026,0.11,0.019,0.166,0,0,0.001,0,0,0,0,0,0.003,0,0,0,0,0,0,0,0,0,0,0,0.073,0.012,0,0.382,52.9,0.4,8.5,0,53.3,61.8
"Quillayute","WA Coast","Quillayute",1993,47.91,5254,20.4,2.4,0.6,12.8,1.4,13.2,0,0.4,0,0,0,0,0,0.4,2,0,0,0,0,1,0,0,0,0,0,0,3.6,0.2,0,41.6,0.204,0.024,0.006,0.128,0.014,0.132,0,0.004,0,0,0,0,0,0.004,0.02,0,0,0,0,0.01,0,0,0,0,0,0,0.036,0.002,0,0.416,50.8,3.8,3.8,0,54.6,58.4
"Quillayute","WA Coast","Quillayute",1994,47.91,4932,22.6,1.1,0.4,21.2,1.4,3.9,0.5,0.2,0.3,0,0,0,0.7,0,0,0,0,0,0,0,0,0,0,0,0,0,4.2,2.2,0,41.4,0.226,0.011,0.004,0.212,0.014,0.039,0.005,0.002,0.003,0,0,0,0.007,0,0,0,0,0,0,0,0,0,0,0,0,0,0.042,0.022,0,0.414,51.1,1.2,6.4,0,52.3,58.7
"Quillayute","WA Coast","Quillayute",1995,47.91,5532,21.5,0,1.7,6.4,3.8,0.8,0,0,0.1,0,0,0,0.6,0.7,0,0,0,0,0.2,0,0,0,0,0,0,0,5.8,5.6,0,52.8,0.215,0,0.017,0.064,0.038,0.008,0,0,0.001,0,0,0,0.006,0.007,0,0,0,0,0.002,0,0,0,0,0,0,0,0.058,0.056,0,0.528,34.2,1.6,11.4,0,35.8,47.2
"Quillayute","WA Coast","Quillayute",1996,47.91,7316,21.3,0,2.6,0.8,0,0.4,0,0.2,0,0,0,0,0,0,0,0,0,0,0,0,0,0,0,0,0.1,0,11.9,4,0,58.7,0.213,0,0.026,0.008,0,0.004,0,0.002,0,0,0,0,0,0,0,0,0,0,0,0,0,0,0,0,0.001,0,0.119,0.04,0,0.587,25.1,0.2,16,0,25.3,41.3
"Quillayute","WA Coast","Quillayute",1997,47.91,5405,37.9,0.6,0,7.8,0,0.3,0,0.3,0,0,0,0,0,0,0,0,0,0,0,0,0,0,0,0,0,0,2.9,2.7,0,47.5,0.379,0.006,0,0.078,0,0.003,0,0.003,0,0,0,0,0,0,0,0,0,0,0,0,0,0,0,0,0,0,0.029,0.027,0,0.475,46.6,0.3,5.6,0,46.9,52.5
"Quillayute","WA Coast","Quillayute",1998,47.91,6752,24.9,0,3.5,18.9,0,0,0,0,0,0,0,0,0,0,0.7,0,0,0,0,0,0,0,0,0,0,0,5.7,2.1,0,44.2,0.249,0,0.035,0.189,0,0,0,0,0,0,0,0,0,0,0.007,0,0,0,0,0,0,0,0,0,0,0,0.057,0.021,0,0.442,47.3,0.7,7.8,0,48,55.8
"Quillayute","WA Coast","Quillayute",1999,47.91,3334,10.6,0,2.8,2.6,0,0,0,0,0,0,0,0,0,0,0.3,0,0,0,0,0,0,0,0,0,0,0,21.6,3.4,0,58.7,0.106,0,0.028,0.026,0,0,0,0,0,0,0,0,0,0,0.003,0,0,0,0,0,0,0,0,0,0,0,0.216,0.034,0,0.587,16,0.3,25,0,16.3,41.3
"Quillayute","WA Coast","Quillayute",2000,47.91,3730,19.5,0,5.1,9.7,0,0,0,0,0,0,0,0,0,0,0,0,0,0,0,0,0,0,0,0,0,0,9.7,4.9,0,51.1,0.195,0,0.051,0.097,0,0,0,0,0,0,0,0,0,0,0,0,0,0,0,0,0,0,0,0,0,0,0.097,0.049,0,0.511,34.3,0,14.6,0,34.3,48.9
"Quillayute","WA Coast","Quillayute",2001,47.91,5136,11.4,0,3.5,2.2,0,0,0,0,0,0,0,0,0,0.5,0.2,0,0,0,0,0,0,0,0,0,0,0,19.1,7.1,0,55.9,0.114,0,0.035,0.022,0,0,0,0,0,0,0,0,0,0.005,0.002,0,0,0,0,0,0,0,0,0,0,0,0.191,0.071,0,0.559,17.1,0.7,26.2,0,17.8,44
"Quillayute","WA Coast","Quillayute",2002,47.91,6067,22.1,0,2.6,4.1,2.5,0,0,0,0,0,0,0,0.2,0,0.2,0,0,0,0,0,0,0,0,0,0,0,18.9,1.6,11.1,36.8,0.221,0,0.026,0.041,0.025,0,0,0,0,0,0,0,0.002,0,0.002,0,0,0,0,0,0,0,0,0,0,0,0.189,0.016,0.111,0.368,31.3,0.4,20.5,11.1,31.7,63.3
"Quillayute","WA Coast","Quillayute",2003,47.91,7398,14.5,0,2.7,7.5,3.8,0,0.2,0,0,0,0,0,0,0,0.5,0,0,0,0,0,0,0,0,0,0,0,10.8,4.7,0.2,55.1,0.145,0,0.027,0.075,0.038,0,0.002,0,0,0,0,0,0,0,0.005,0,0,0,0,0,0,0,0,0,0,0,0.108,0.047,0.002,0.551,28.7,0.5,15.5,0.2,29.2,44.9
"Quillayute","WA Coast","Quillayute",2004,47.91,3831,13.7,0.7,2.5,6.1,6.7,2,0,0,0,0,0,0,0,0.1,0.2,0,0,0,0,0,0,0,0,0,0,0,12.2,13.2,0.1,42.5,0.137,0.007,0.025,0.061,0.067,0.02,0,0,0,0,0,0,0,0.001,0.002,0,0,0,0,0,0,0,0,0,0,0,0.122,0.132,0.001,0.425,31.7,0.3,25.4,0.1,32,57.5
"Quillayute","WA Coast","Quillayute",2005,47.91,6406,14.4,0,2.7,5.8,1.5,2.8,0,0,0,0,0,0,0.6,0,0.3,0,0,0,0,0,0,0,0,0,0,0,12.2,4.3,0.1,55.2,0.144,0,0.027,0.058,0.015,0.028,0,0,0,0,0,0,0.006,0,0.003,0,0,0,0,0,0,0,0,0,0,0,0.122,0.043,0.001,0.552,27.2,0.9,16.5,0.1,28.1,44.7
"Quillayute","WA Coast","Quillayute",2006,47.91,5642,18.9,0.2,3.2,10.7,3.1,3.1,0.8,0,0,0,0,0,0,0.4,0,0,0,0,0,0,0,0,0,0,0,0,15.2,0.3,0.9,43.3,0.189,0.002,0.032,0.107,0.031,0.031,0.008,0,0,0,0,0,0,0.004,0,0,0,0,0,0,0,0,0,0,0,0,0.152,0.003,0.009,0.433,40,0.4,15.5,0.9,40.4,56.8
"Quillayute","WA Coast","Quillayute",2007,47.91,3066,29.6,0,7.2,9.9,13.9,0,0,0,0,0,0,0,0,2.3,0.2,0,0,0,0,0,0,0,0,0,0,0,8.1,1.5,0,27.5,0.296,0,0.072,0.099,0.139,0,0,0,0,0,0,0,0,0.023,0.002,0,0,0,0,0,0,0,0,0,0,0,0.081,0.015,0,0.275,60.6,2.5,9.6,0,63.1,72.7
"Quillayute","WA Coast","Quillayute",2008,47.91,3612,16.5,0,2.5,7.9,6.4,0.7,2.1,0,0,0,0,0,0,0,0,0,0,0,0,0,0,0,0,0,0,0,17.3,2.6,0,43.9,0.165,0,0.025,0.079,0.064,0.007,0.021,0,0,0,0,0,0,0,0,0,0,0,0,0,0,0,0,0,0,0,0.173,0.026,0,0.439,36.1,0,19.9,0,36.1,56
"Quillayute","WA Coast","Quillayute",2009,47.91,3130,26.7,1.5,5.9,9.5,4.3,0.2,1.4,0,0,0,0,0,0,0,0,0,0,0,0,0,0,0,0,0,0,0,20.5,3,0.3,26.8,0.267,0.015,0.059,0.095,0.043,0.002,0.014,0,0,0,0,0,0,0,0,0,0,0,0,0,0,0,0,0,0,0,0.205,0.03,0.003,0.268,49.5,0,23.5,0.3,49.5,73.3
"Quillayute","WA Coast","Quillayute",2010,47.91,4635,20.8,0,5.2,4.5,5.2,0,0.5,0,0,0,0,0,0.1,0.2,0.3,0,0,0,0,0,0,0,0,0,0,0,16.3,5,0,41.9,0.208,0,0.052,0.045,0.052,0,0.005,0,0,0,0,0,0.001,0.002,0.003,0,0,0,0,0,0,0,0,0,0,0,0.163,0.05,0,0.419,36.2,0.6,21.3,0,36.8,58.1
"Quillayute","WA Coast","Quillayute",2011,47.91,3963,22.3,0.2,5.8,5.7,5,0.1,0.2,0,0,0.5,0,0,0,0.3,0.1,0,0,0,0,0,0,0,0,0,0,0,17.2,7.5,0,35,0.223,0.002,0.058,0.057,0.05,0.001,0.002,0,0,0.005,0,0,0,0.003,0.001,0,0,0,0,0,0,0,0,0,0,0,0.172,0.075,0,0.35,39.3,0.9,24.7,0,40.2,64.9
"Quillayute","WA Coast","Quillayute",2012,47.91,3518,35,0.2,6.4,8,9.5,0.8,0.8,0,0,0,0,0,0.1,0.7,0,0,0,0,0,0,0.4,0,0,0,0,0,15.9,2,0.4,19.8,0.35,0.002,0.064,0.08,0.095,0.008,0.008,0,0,0,0,0,0.001,0.007,0,0,0,0,0,0,0.004,0,0,0,0,0,0.159,0.02,0.004,0.198,60.7,0.8,18.3,0.4,61.5,80.2
"Quillayute","WA Coast","Quillayute",2013,47.91,3901,18.4,0.9,12.1,8.1,14.5,0.4,0.5,0,0,0.2,0,0,0,0.8,0.3,0,0,0,0,0,0,0,0,0,0,0,12.5,6.4,0,24.9,0.184,0.009,0.121,0.081,0.145,0.004,0.005,0,0,0.002,0,0,0,0.008,0.003,0,0,0,0,0,0,0,0,0,0,0,0.125,0.064,0,0.249,54.9,1.3,18.9,0,56.2,75.1
"Quillayute","WA Coast","Quillayute",2014,47.91,2782,24,1.1,7.3,7.3,6.8,0.7,0.5,0,0,0,0,0,0,0.3,0.3,0,0,0,0,0.1,0,0,0,0,0,0,29.1,2.9,0,19.6,0.24,0.011,0.073,0.073,0.068,0.007,0.005,0,0,0,0,0,0,0.003,0.003,0,0,0,0,0.001,0,0,0,0,0,0,0.291,0.029,0,0.196,47.7,0.7,32,0,48.4,80.4
"Quillayute","WA Coast","Quillayute",2015,47.91,3440,18.3,0,7,7.3,8.4,0.4,0.7,0,0,0,0,0,0,0.6,0.3,0,0,0,0,0,0,0,0,0,0,0,19.4,7,2.5,28.2,0.183,0,0.07,0.073,0.084,0.004,0.007,0,0,0,0,0,0,0.006,0.003,0,0,0,0,0,0,0,0,0,0,0,0.194,0.07,0.025,0.282,42.1,0.9,26.4,2.5,43,71.9
"Quillayute","WA Coast","Quillayute",2016,47.91,3654,27.8,0.1,3.5,17.5,2.2,0.2,0,0,0,0,0,0,0,0,0,0,0,0,0,0,0,0,0,0,0,0,12.5,0.3,1.5,34.5,0.278,0.001,0.035,0.175,0.022,0.002,0,0,0,0,0,0,0,0,0,0,0,0,0,0,0,0,0,0,0,0,0.125,0.003,0.015,0.345,51.3,0,12.8,1.5,51.3,65.6
"Quillayute","WA Coast","Quillayute",2017,47.91,3604,13.3,0,5.2,8.6,2.9,1.2,0.7,0,0,0,0,0,0,0,0,0,0,0,0,0,0,0,0,0,0,0,33.9,3.3,0,30.8,0.133,0,0.052,0.086,0.029,0.012,0.007,0,0,0,0,0,0,0,0,0,0,0,0,0,0,0,0,0,0,0,0.339,0.033,0,0.308,31.9,0,37.2,0,31.9,69.1
"Quillayute","WA Coast","Quillayute",2018,47.91,3937,20.5,0,7.1,20.2,3.4,0.9,0,0,0,0,0,0,1,0.2,0,0,0,0,0,0,0,0,0,0,0,0,14.2,5.1,0,27.5,0.205,0,0.071,0.202,0.034,0.009,0,0,0,0,0,0,0.01,0.002,0,0,0,0,0,0,0,0,0,0,0,0,0.142,0.051,0,0.275,52.1,1.2,19.3,0,53.3,72.6
"Quillayute","WA Coast","Quillayute",2019,47.91,7765,20.6,0.6,1.1,20.5,7.3,1,0.4,0,0,0.6,0,0,0.9,1.2,0.3,0,0.3,0,0,0,0,0,0,0,0,0,6.8,3.8,0,34.6,0.206,0.006,0.011,0.205,0.073,0.01,0.004,0,0,0.006,0,0,0.009,0.012,0.003,0,0.003,0,0,0,0,0,0,0,0,0,0.068,0.038,0,0.346,51.5,3.3,10.6,0,54.8,65.4
"Quillayute","WA Coast","Quillayute",2020,47.91,8672,30.7,1.3,5.9,11.9,0,0.6,0,0,0,0,0,0,0,0.3,0,0,0,0,0,0,0,0,0,0,0,0,7.3,3.4,0,38.8,0.307,0.013,0.059,0.119,0,0.006,0,0,0,0,0,0,0,0.003,0,0,0,0,0,0,0,0,0,0,0,0,0.073,0.034,0,0.388,50.4,0.3,10.7,0,50.7,61.4
"Quillayute","WA Coast","Quillayute",2021,47.91,5568,30.1,0.4,4.7,15.8,6.2,1.9,0.5,0,0,1.2,0,0,0,0.3,0,0,0,0,0,0,0,0,0,0,0,0,4.1,3.4,0,31.6,0.301,0.004,0.047,0.158,0.062,0.019,0.005,0,0,0.012,0,0,0,0.003,0,0,0,0,0,0,0,0,0,0,0,0,0.041,0.034,0,0.316,59.6,1.5,7.5,0,61.1,68.6
"Quillayute","WA Coast","Quillayute",2022,47.91,8369,24.1,1.1,7,16.6,3.4,0.4,0,0,0,0,0,0,0.3,0,0,0,0,0,0,0,0,0,0,0,0,0,6.4,0.7,0,39.9,0.241,0.011,0.07,0.166,0.034,0.004,0,0,0,0,0,0,0.003,0,0,0,0,0,0,0,0,0,0,0,0,0,0.064,0.007,0,0.399,52.6,0.3,7.1,0,52.9,60
"Quillayute","WA Coast","Quillayute",2023,47.91,6682,26.5,0,9.2,12.8,6.7,2,0.4,0,0,0,0,0,0.4,0.3,0,0,0,0,0,0,0,0,0,0,0,0,10.5,0.8,0,30.5,0.265,0,0.092,0.128,0.067,0.02,0.004,0,0,0,0,0,0.004,0.003,0,0,0,0,0,0,0,0,0,0,0,0,0.105,0.008,0,0.305,57.6,0.7,11.3,0,58.3,69.6
"Quillayute","WA Coast","Quillayute",2024,47.91,5378,,,,,,,,,,,,,,,,,,,,,,,,,,,,,,,,,,,,,,,,,,,,,,,,,,,,,,,,,,,,,0,0,0,,0,
"Lower Shuswap River Summer","Fraser","SHU",1979,50.83,16453,,,,,,,,,,,,,,,,,,,,,,,,,,,,,,,,,,,,,,,,,,,,,,,,,,,,,,,,,,,,,0,0,0,,0,
"Lower Shuswap River Summer","Fraser","SHU",1980,50.83,5723,11.6,0,0.3,18.6,0,2.2,0,0.5,1.2,0,0.3,7.2,21.1,0,0,0,0,0,0.1,0,0,0,0,0,0,0,0,0,0,36.8,0.116,0,0.003,0.186,0,0.022,0,0.005,0.012,0,0.003,0.072,0.211,0,0,0,0,0,0.001,0,0,0,0,0,0,0,0,0,0,0.368,32.7,30.4,0,0,63.1,63.1
"Lower Shuswap River Summer","Fraser","SHU",1981,50.83,8248,14.2,0,0.2,3.9,0,0.7,0,1.9,6.5,0,1.8,4.4,0,0,0,0,0,0,2.6,0,0,0,0,1.1,0,0,0,0,0,62.7,0.142,0,0.002,0.039,0,0.007,0,0.019,0.065,0,0.018,0.044,0,0,0,0,0,0,0.026,0,0,0,0,0.011,0,0,0,0,0,0.627,19,17.2,1.1,0,36.2,37.3
"Lower Shuswap River Summer","Fraser","SHU",1982,50.83,3347,28.7,1.2,0.4,12.5,0,6.3,0,1.2,4.3,0,0.8,11.9,4.8,0,0,0,0,0,10.5,0,0,0,0,0.7,0,0,1.5,0,0,15.1,0.287,0.012,0.004,0.125,0,0.063,0,0.012,0.043,0,0.008,0.119,0.048,0,0,0,0,0,0.105,0,0,0,0,0.007,0,0,0.015,0,0,0.151,49.1,33.5,2.2,0,82.6,84.8
"Lower Shuswap River Summer","Fraser","SHU",1983,50.83,5396,27.7,1.9,0,23.1,0,0,0,7.7,4.4,0,0,14.5,0,0,0,0,0,0,2.3,0,0,0,0,0.3,0,0,0,0,0,18.1,0.277,0.019,0,0.231,0,0,0,0.077,0.044,0,0,0.145,0,0,0,0,0,0,0.023,0,0,0,0,0.003,0,0,0,0,0,0.181,52.7,28.9,0.3,0,81.6,81.9
"Lower Shuswap River Summer","Fraser","SHU",1984,50.83,7582,20.4,0,0,19.1,0,0,0,3.1,4.7,0,0,16.8,0,0,0,0,0,0,0,0,0,0,0,0.5,0,0,0,0,0,35.5,0.204,0,0,0.191,0,0,0,0.031,0.047,0,0,0.168,0,0,0,0,0,0,0,0,0,0,0,0.005,0,0,0,0,0,0.355,39.5,24.6,0.5,0,64.1,64.6
"Lower Shuswap River Summer","Fraser","SHU",1985,50.83,10539,,,,,,,,,,,,,,,,,,,,,,,,,,,,,,,,,,,,,,,,,,,,,,,,,,,,,,,,,,,,,0,0,0,,0,
"Lower Shuswap River Summer","Fraser","SHU",1986,50.83,20334,10.4,0.6,0,16.3,0.4,6.7,0,3.1,3.5,0.4,0.4,46.4,7.9,0,0.1,0,0,0,3.6,0.3,0,0,0,0,0,0,0,0,0,0,0.104,0.006,0,0.163,0.004,0.067,0,0.031,0.035,0.004,0.004,0.464,0.079,0,0.001,0,0,0,0.036,0.003,0,0,0,0,0,0,0,0,0,0,34.4,65.7,0,0,100.1,100.1
"Lower Shuswap River Summer","Fraser","SHU",1987,50.83,16453,7.8,2.3,0.1,11.8,0,2.2,0,2.5,0.7,0.8,0.9,8.3,4.5,0,0,0,0,0,2.8,0,0,0,0,0.8,7.1,0,0,0,0.3,47.1,0.078,0.023,0.001,0.118,0,0.022,0,0.025,0.007,0.008,0.009,0.083,0.045,0,0,0,0,0,0.028,0,0,0,0,0.008,0.071,0,0,0,0.003,0.471,24.2,20.5,7.9,0.3,44.7,52.9
"Lower Shuswap River Summer","Fraser","SHU",1988,50.83,20334,7.6,0.2,0.1,9.6,0.3,5,0.1,1.7,1.3,0,0,6.3,2.9,0,0.1,0,0,0.1,1.2,0.2,0,0,0,0.9,1.5,0,0.3,0,0.2,60.6,0.076,0.002,0.001,0.096,0.003,0.05,0.001,0.017,0.013,0,0,0.063,0.029,0,0.001,0,0,0.001,0.012,0.002,0,0,0,0.009,0.015,0,0.003,0,0.002,0.606,22.9,13.8,2.7,0.2,36.7,39.6
"Lower Shuswap River Summer","Fraser","SHU",1989,50.83,18378,5.2,4,0,7.2,0,1.1,0,0.6,0.2,0,0,12.3,0.4,0,0,0,0,0,0.9,0.1,0,0,0,1.1,0.4,0,0.5,0,0,66.1,0.052,0.04,0,0.072,0,0.011,0,0.006,0.002,0,0,0.123,0.004,0,0,0,0,0,0.009,0.001,0,0,0,0.011,0.004,0,0.005,0,0,0.661,17.5,14.5,2,0,32,34
"Lower Shuswap River Summer","Fraser","SHU",1990,50.83,23779,27.7,0,0.8,19.2,0.4,3.7,3.1,1.8,1.1,0.9,0,2.1,1.6,0,0,0,0,0,0,0.5,0,0,0,7.7,1.5,0,0,0,1.2,26.7,0.277,0,0.008,0.192,0.004,0.037,0.031,0.018,0.011,0.009,0,0.021,0.016,0,0,0,0,0,0,0.005,0,0,0,0.077,0.015,0,0,0,0.012,0.267,54.9,8,9.2,1.2,62.9,73.3
"Lower Shuswap River Summer","Fraser","SHU",1991,50.83,15795,33.9,0,0.7,22,0.5,3.1,0,1.4,1.3,0,0,5.4,1.4,0,0,0,0,0,3.3,0,0,0,0,5.1,0.7,0,0,0,0.2,21.1,0.339,0,0.007,0.22,0.005,0.031,0,0.014,0.013,0,0,0.054,0.014,0,0,0,0,0,0.033,0,0,0,0,0.051,0.007,0,0,0,0.002,0.211,60.2,12.8,5.8,0.2,73,79
"Lower Shuswap River Summer","Fraser","SHU",1992,50.83,20358,13.9,0,0,17.4,0,4.2,0,6.4,1.6,0,0,4.7,5.1,0,0,0,0,0,0,2.5,0,0,0,4.9,4.3,0,0,0,0,35.1,0.139,0,0,0.174,0,0.042,0,0.064,0.016,0,0,0.047,0.051,0,0,0,0,0,0,0.025,0,0,0,0.049,0.043,0,0,0,0,0.351,35.5,20.3,9.2,0,55.8,65
"Lower Shuswap River Summer","Fraser","SHU",1993,50.83,13828,7.6,1.9,0,13.2,0,10,0,1.1,0.7,0,0,7.1,1.3,0.4,0,0,0,0,0,0,4.5,0,0,8.6,3.3,0,0,0,0,40.3,0.076,0.019,0,0.132,0,0.1,0,0.011,0.007,0,0,0.071,0.013,0.004,0,0,0,0,0,0,0.045,0,0,0.086,0.033,0,0,0,0,0.403,32.7,10.6,16.4,0,43.3,59.7
"Lower Shuswap River Summer","Fraser","SHU",1994,50.83,36410,9.5,0,1.2,17.4,1.6,8.1,0,10,0.8,0,1,4.3,1.8,0,0,0,0,0,3,0,0,0,0,9.7,0,0,0,0,0.5,31.1,0.095,0,0.012,0.174,0.016,0.081,0,0.1,0.008,0,0.01,0.043,0.018,0,0,0,0,0,0.03,0,0,0,0,0.097,0,0,0,0,0.005,0.311,37.8,20.9,9.7,0.5,58.7,68.9
"Lower Shuswap River Summer","Fraser","SHU",1995,50.83,14177,16.5,0,3.6,11.2,4.3,3.1,0,0.8,0.3,1.7,0,3.3,2.8,0,0,0,0,0,2.2,0,0,0,0,7.8,0.5,0,0.8,0,0.6,40.5,0.165,0,0.036,0.112,0.043,0.031,0,0.008,0.003,0.017,0,0.033,0.028,0,0,0,0,0,0.022,0,0,0,0,0.078,0.005,0,0.008,0,0.006,0.405,38.7,11.1,9.1,0.6,49.8,59.5
"Lower Shuswap River Summer","Fraser","SHU",1996,50.83,35358,16,0,0,0.5,1,0.3,1.1,0,0.1,1.4,0,0.5,4.2,0,0,0,0,0,0,0,0,0,0,8.1,1.3,0,0,0,0,65.4,0.16,0,0,0.005,0.01,0.003,0.011,0,0.001,0.014,0,0.005,0.042,0,0,0,0,0,0,0,0,0,0,0.081,0.013,0,0,0,0,0.654,18.9,6.2,9.4,0,25.1,34.5
"Lower Shuswap River Summer","Fraser","SHU",1997,50.83,19393,13.1,0.8,0,8.6,2.2,0.6,0,0.2,0.2,0.8,0,3.6,5.7,0,0,0,0,0,2.1,0,0,0,0,15.7,0,0,0.3,0,0,46.1,0.131,0.008,0,0.086,0.022,0.006,0,0.002,0.002,0.008,0,0.036,0.057,0,0,0,0,0,0.021,0,0,0,0,0.157,0,0,0.003,0,0,0.461,25.3,12.6,16,0,37.9,53.9
"Lower Shuswap River Summer","Fraser","SHU",1998,50.83,34338,21.1,0.5,9.5,7,14.8,0,0,0,0,1.2,0,0.4,7.8,0,0,0,0,0,0.7,0,0,0,0,5.3,0.7,0,0,0,1.2,29.9,0.211,0.005,0.095,0.07,0.148,0,0,0,0,0.012,0,0.004,0.078,0,0,0,0,0,0.007,0,0,0,0,0.053,0.007,0,0,0,0.012,0.299,52.9,10.1,6,1.2,63,70.2
"Lower Shuswap River Summer","Fraser","SHU",1999,50.83,46369,15.4,0,6.6,0.7,4.5,0,0,0,0,0.3,0,0,4.6,0,0,0,0,0,0,0,0,0,0,5.3,0.3,0,0,0,0,62.4,0.154,0,0.066,0.007,0.045,0,0,0,0,0.003,0,0,0.046,0,0,0,0,0,0,0,0,0,0,0.053,0.003,0,0,0,0,0.624,27.2,4.9,5.6,0,32.1,37.7
"Lower Shuswap River Summer","Fraser","SHU",2000,50.83,27800,10.7,0,11.3,0,5.8,0,0,0,0,0,0,0,3.7,0,0.5,0,0,0,0.1,0,0,0,0,6.1,1.4,0,0,0,0.9,59.6,0.107,0,0.113,0,0.058,0,0,0,0,0,0,0,0.037,0,0.005,0,0,0,0.001,0,0,0,0,0.061,0.014,0,0,0,0.009,0.596,27.8,4.3,7.5,0.9,32.1,40.5
"Lower Shuswap River Summer","Fraser","SHU",2001,50.83,35743,7.9,1.2,0.5,0,0,0,0,0.7,0,1,0.1,0.7,9.7,0.2,0,0,0,0,0.2,0,0,0,0,1.6,1.6,0,0.2,0,0,74.4,0.079,0.012,0.005,0,0,0,0,0.007,0,0.01,0.001,0.007,0.097,0.002,0,0,0,0,0.002,0,0,0,0,0.016,0.016,0,0.002,0,0,0.744,9.6,12.6,3.4,0,22.2,25.6
"Lower Shuswap River Summer","Fraser","SHU",2002,50.83,54219,18.3,0,2.5,12.6,4.4,1.3,0,0.1,0,1.5,0,0,3.7,0,0,0,0,0,0,0,0,0,0,8.5,0.5,0,0,0,0,46.6,0.183,0,0.025,0.126,0.044,0.013,0,0.001,0,0.015,0,0,0.037,0,0,0,0,0,0,0,0,0,0,0.085,0.005,0,0,0,0,0.466,39.1,5.3,9,0,44.4,53.4
"Lower Shuswap River Summer","Fraser","SHU",2003,50.83,39910,9.7,0.8,1.7,8,2.5,0,0,2.5,0,0.5,0,0,7.1,0.2,0,0.1,0,0,0.4,0,0,0,0,4.4,2.3,0,0,0,0,59.8,0.097,0.008,0.017,0.08,0.025,0,0,0.025,0,0.005,0,0,0.071,0.002,0,0.001,0,0,0.004,0,0,0,0,0.044,0.023,0,0,0,0,0.598,22.7,10.8,6.7,0,33.5,40.2
"Lower Shuswap River Summer","Fraser","SHU",2004,50.83,16963,18.2,0,2.2,9.4,4.5,0.8,0,0,0,4.6,0,0,5.5,0.3,0,0,0,0,1.1,0,0,0,0,11.7,2.7,0,0,0,0,39.1,0.182,0,0.022,0.094,0.045,0.008,0,0,0,0.046,0,0,0.055,0.003,0,0,0,0,0.011,0,0,0,0,0.117,0.027,0,0,0,0,0.391,35.1,11.5,14.4,0,46.6,61
"Lower Shuswap River Summer","Fraser","SHU",2005,50.83,17893,12.3,0,1.5,9.8,3.2,0.3,6.3,0,0,1.1,0,0,27.4,0.1,0,0,0,0,0.3,0,0,0,0,5.8,3.1,0,0,0,0,28.6,0.123,0,0.015,0.098,0.032,0.003,0.063,0,0,0.011,0,0,0.274,0.001,0,0,0,0,0.003,0,0,0,0,0.058,0.031,0,0,0,0,0.286,33.4,28.9,8.9,0,62.3,71.2
"Lower Shuswap River Summer","Fraser","SHU",2006,50.83,59085,10,0,2.3,10.9,6.2,0.3,1.7,0,0,2.3,0,0,23.6,0.2,0,0,0,0,0.6,0,0,0,0,6,2.8,0,0,0,0.7,32.5,0.1,0,0.023,0.109,0.062,0.003,0.017,0,0,0.023,0,0,0.236,0.002,0,0,0,0,0.006,0,0,0,0,0.06,0.028,0,0,0,0.007,0.325,31.4,26.7,8.8,0.7,58.1,67.6
"Lower Shuswap River Summer","Fraser","SHU",2007,50.83,15926,8,0.3,11.2,4,7.4,0,2.4,0,0,0,0,0.3,7.7,0,0,0,0,0,0,0,0,0,0,4.7,4.7,0,0,0,0,49.3,0.08,0.003,0.112,0.04,0.074,0,0.024,0,0,0,0,0.003,0.077,0,0,0,0,0,0,0,0,0,0,0.047,0.047,0,0,0,0,0.493,33.3,8,9.4,0,41.3,50.7
"Lower Shuswap River Summer","Fraser","SHU",2008,50.83,14921,6.1,0,0.4,5.6,5.3,0,2.3,0,0,0,0,0,35.8,0,0,0,0,0,0,0,0,0,0,1.9,2.1,0,0,0,0,40.5,0.061,0,0.004,0.056,0.053,0,0.023,0,0,0,0,0,0.358,0,0,0,0,0,0,0,0,0,0,0.019,0.021,0,0,0,0,0.405,19.7,35.8,4,0,55.5,59.5
"Lower Shuswap River Summer","Fraser","SHU",2009,50.83,25288,7,0,2.4,5.1,3.1,0.6,2.6,0,0,1.7,0,0,24.9,0.1,0,0,0,0,0,0.1,0,0,0,7.8,4.8,0,0,0,0.2,39.5,0.07,0,0.024,0.051,0.031,0.006,0.026,0,0,0.017,0,0,0.249,0.001,0,0,0,0,0,0.001,0,0,0,0.078,0.048,0,0,0,0.002,0.395,20.8,26.8,12.6,0.2,47.6,60.4
"Lower Shuswap River Summer","Fraser","SHU",2010,50.83,71354,9,0,1.9,9.5,2.7,0,0.6,0,0,1.3,0,0,15.5,0.2,0.1,0.1,0,0,1.1,0,0,0,0,8.7,1.8,0,0.3,0,1.1,46.3,0.09,0,0.019,0.095,0.027,0,0.006,0,0,0.013,0,0,0.155,0.002,0.001,0.001,0,0,0.011,0,0,0,0,0.087,0.018,0,0.003,0,0.011,0.463,23.7,18.3,10.8,1.1,42,53.9
"Lower Shuswap River Summer","Fraser","SHU",2011,50.83,18895,7.2,0.1,2.2,6.2,3.9,1.1,0.7,0,0,0,0,1.1,22.2,0.5,0,0,0,0,0.2,0.2,0,0,0,7.7,2.6,0,0,0,0,43.9,0.072,0.001,0.022,0.062,0.039,0.011,0.007,0,0,0,0,0.011,0.222,0.005,0,0,0,0,0.002,0.002,0,0,0,0.077,0.026,0,0,0,0,0.439,21.4,24.2,10.3,0,45.6,55.9
"Lower Shuswap River Summer","Fraser","SHU",2012,50.83,4091,5.9,0,6,6.2,5.3,0.9,1.7,0,0,2.7,0,0.3,16.6,0.2,0.2,0.1,0,0,0,1.1,0,0,0,3.8,4.3,0,0,0,0,44.7,0.059,0,0.06,0.062,0.053,0.009,0.017,0,0,0.027,0,0.003,0.166,0.002,0.002,0.001,0,0,0,0.011,0,0,0,0.038,0.043,0,0,0,0,0.447,26,21.2,8.1,0,47.2,55.3
"Lower Shuswap River Summer","Fraser","SHU",2013,50.83,28797,7.1,0.1,1.1,7.2,4.2,0.2,1,0,0,0.3,0,1.6,12.4,0.6,0,0,0,0,0.3,0.4,0,0,0,2.4,1.9,0,0,0,0.9,58.4,0.071,0.001,0.011,0.072,0.042,0.002,0.01,0,0,0.003,0,0.016,0.124,0.006,0,0,0,0,0.003,0.004,0,0,0,0.024,0.019,0,0,0,0.009,0.584,20.9,15.6,4.3,0.9,36.5,41.7
"Lower Shuswap River Summer","Fraser","SHU",2014,50.83,43952,10.7,0.2,2.5,6.9,3.1,3.1,1.6,0,0,0.4,0,2.9,5.7,1.9,0.4,0.1,0,0,0.5,0.4,0,0,0,7.9,1.7,0,0,0,0.9,49.2,0.107,0.002,0.025,0.069,0.031,0.031,0.016,0,0,0.004,0,0.029,0.057,0.019,0.004,0.001,0,0,0.005,0.004,0,0,0,0.079,0.017,0,0,0,0.009,0.492,28.1,12.3,9.6,0.9,40.4,50.9
"Lower Shuswap River Summer","Fraser","SHU",2015,50.83,39440,6.4,0.1,0.4,3.6,2.3,0.5,1.9,0,0,0.8,0,0.5,11.5,2.1,0.4,0,0,0,0.8,0.5,0,0,0,2.8,3,0,0.1,0,1.3,61,0.064,0.001,0.004,0.036,0.023,0.005,0.019,0,0,0.008,0,0.005,0.115,0.021,0.004,0,0,0,0.008,0.005,0,0,0,0.028,0.03,0,0.001,0,0.013,0.61,15.2,16.6,5.9,1.3,31.8,39
"Lower Shuswap River Summer","Fraser","SHU",2016,50.83,6438,9.7,0.5,2.5,8.7,3.3,1.9,0.4,0,0,0.8,0,0.4,7.9,0.2,0,0,0,0,0,0.2,0,0,0,2.5,1.9,0,0.3,0,0,58.9,0.097,0.005,0.025,0.087,0.033,0.019,0.004,0,0,0.008,0,0.004,0.079,0.002,0,0,0,0,0,0.002,0,0,0,0.025,0.019,0,0.003,0,0,0.589,27,9.5,4.7,0,36.5,41.2
"Lower Shuswap River Summer","Fraser","SHU",2017,50.83,13430,11.9,0,2.8,7.2,3.5,1.4,2.1,0,0,0,0,0.3,11.5,0.3,0.3,0,0,0,0,0.5,0,0,0,2.5,1.7,0,0.1,0,0.5,53.4,0.119,0,0.028,0.072,0.035,0.014,0.021,0,0,0,0,0.003,0.115,0.003,0.003,0,0,0,0,0.005,0,0,0,0.025,0.017,0,0.001,0,0.005,0.534,28.9,12.9,4.3,0.5,41.8,46.6
"Lower Shuswap River Summer","Fraser","SHU",2018,50.83,17120,4.4,0,1,3.2,2.7,0.9,2.5,0,0,0.4,0,1.4,11.4,0.2,0.1,0,0,0,0.5,0.4,0,0,0,4.8,2.5,0,0,0,0.2,63.4,0.044,0,0.01,0.032,0.027,0.009,0.025,0,0,0.004,0,0.014,0.114,0.002,0.001,0,0,0,0.005,0.004,0,0,0,0.048,0.025,0,0,0,0.002,0.634,14.7,14.4,7.3,0.2,29.1,36.6
"Lower Shuswap River Summer","Fraser","SHU",2019,50.83,29649,1.8,1.2,0.5,0.2,2,0.4,0.3,0,0,1.1,0,0.5,5.3,0.2,0.1,0,0,0,0.2,0.4,0,0,0,3.3,2.6,0,0,0,0.9,79,0.018,0.012,0.005,0.002,0.02,0.004,0.003,0,0,0.011,0,0.005,0.053,0.002,0.001,0,0,0,0.002,0.004,0,0,0,0.033,0.026,0,0,0,0.009,0.79,6.4,7.8,5.9,0.9,14.2,21
"Lower Shuswap River Summer","Fraser","SHU",2020,50.83,25528,4.7,0.1,1.2,0.1,0.5,0.2,0.7,0,0,0.1,0,0.9,5.1,0,0.1,0,0,0,0,0.1,0,0,0,8.9,5.2,0,0,0,1.1,70.9,0.047,0.001,0.012,0.001,0.005,0.002,0.007,0,0,0.001,0,0.009,0.051,0,0.001,0,0,0,0,0.001,0,0,0,0.089,0.052,0,0,0,0.011,0.709,7.5,6.3,14.1,1.1,13.8,29
"Lower Shuswap River Summer","Fraser","SHU",2021,50.83,29507,4.2,0.3,2.5,0.2,1,1,0.5,0,0,0.8,0,0.8,4,0,0,0,0,0,0.1,0,0,0,0,5.8,3.3,0,0,0,3,72.4,0.042,0.003,0.025,0.002,0.01,0.01,0.005,0,0,0.008,0,0.008,0.04,0,0,0,0,0,0.001,0,0,0,0,0.058,0.033,0,0,0,0.03,0.724,9.7,5.7,9.1,3,15.4,27.5
"Lower Shuswap River Summer","Fraser","SHU",2022,50.83,33914,5.9,0,1.8,0,3.1,0,0.6,0,0,1.2,0,0.9,5.2,0.5,0,0,0,0,0.1,0.1,0,0,0,6.2,5.1,0,0,0,0.7,68.3,0.059,0,0.018,0,0.031,0,0.006,0,0,0.012,0,0.009,0.052,0.005,0,0,0,0,0.001,0.001,0,0,0,0.062,0.051,0,0,0,0.007,0.683,11.4,8,11.3,0.7,19.4,31.4
"Lower Shuswap River Summer","Fraser","SHU",2023,50.83,74517,2.4,0,0.5,0.3,3.8,0,0.5,0,0,0.8,0,1.2,4.3,0,0,0,0,0,0,0.2,0,0,0,2.2,2.6,0,0,0,1,80.1,0.024,0,0.005,0.003,0.038,0,0.005,0,0,0.008,0,0.012,0.043,0,0,0,0,0,0,0.002,0,0,0,0.022,0.026,0,0,0,0.01,0.801,7.5,6.5,4.8,1,14,19.8
"Lower Shuswap River Summer","Fraser","SHU",2024,50.83,16445,3,0.5,1.3,0.8,0.4,0.3,1.1,0,0,0.4,0,0.8,10.3,0.2,0.1,0,0,0,0,0,0,0,0,14.9,6.6,0,0,0,0.7,58.8,0.03,0.005,0.013,0.008,0.004,0.003,0.011,0,0,0.004,0,0.008,0.103,0.002,0.001,0,0,0,0,0,0,0,0,0.149,0.066,0,0,0,0.007,0.588,7.4,11.8,21.5,0.7,19.2,41.4
"Skagit Spring Fingerling","Puget Sound","SKF",1979,48.35,818,,,,,,,,,,,,,,,,,,,,,,,,,,,,,,,,,,,,,,,,,,,,,,,,,,,,,,,,,,,,,0,0,0,,0,
"Skagit Spring Fingerling","Puget Sound","SKF",1980,48.35,1408,,,,,,,,,,,,,,,,,,,,,,,,,,,,,,,,,,,,,,,,,,,,,,,,,,,,,,,,,,,,,0,0,0,,0,
"Skagit Spring Fingerling","Puget Sound","SKF",1981,48.35,1045,,,,,,,,,,,,,,,,,,,,,,,,,,,,,,,,,,,,,,,,,,,,,,,,,,,,,,,,,,,,,0,0,0,,0,
"Skagit Spring Fingerling","Puget Sound","SKF",1982,48.35,753,,,,,,,,,,,,,,,,,,,,,,,,,,,,,,,,,,,,,,,,,,,,,,,,,,,,,,,,,,,,,0,0,0,,0,
"Skagit Spring Fingerling","Puget Sound","SKF",1983,48.35,554,,,,,,,,,,,,,,,,,,,,,,,,,,,,,,,,,,,,,,,,,,,,,,,,,,,,,,,,,,,,,0,0,0,,0,
"Skagit Spring Fingerling","Puget Sound","SKF",1984,48.35,696,,,,,,,,,,,,,,,,,,,,,,,,,,,,,,,,,,,,,,,,,,,,,,,,,,,,,,,,,,,,,0,0,0,,0,
"Skagit Spring Fingerling","Puget Sound","SKF",1985,48.35,2634,,,,,,,,,,,,,,,,,,,,,,,,,,,,,,,,,,,,,,,,,,,,,,,,,,,,,,,,,,,,,0,0,0,,0,
"Skagit Spring Fingerling","Puget Sound","SKF",1986,48.35,1922,,,,,,,,,,,,,,,,,,,,,,,,,,,,,,,,,,,,,,,,,,,,,,,,,,,,,,,,,,,,,0,0,0,,0,
"Skagit Spring Fingerling","Puget Sound","SKF",1987,48.35,1745,0,0,0,2.5,0,11.8,0,0.9,0,0,0,2.8,52.7,0.4,0,0,0,0,15.6,13.2,0,0,0,0,0,0,0,0,0,0,0,0,0,0.025,0,0.118,0,0.009,0,0,0,0.028,0.527,0.004,0,0,0,0,0.156,0.132,0,0,0,0,0,0,0,0,0,0,14.3,85.6,0,0,99.9,99.9
"Skagit Spring Fingerling","Puget Sound","SKF",1988,48.35,1743,0,0,0,5,0,31.4,0.7,1.9,4.1,0,0.4,4.1,18.2,1.9,0,0,0,0,1.8,4.8,0,0,0,0,0,0,0,0,0,25.6,0,0,0,0.05,0,0.314,0.007,0.019,0.041,0,0.004,0.041,0.182,0.019,0,0,0,0,0.018,0.048,0,0,0,0,0,0,0,0,0,0.256,37.1,37.2,0,0,74.3,74.3
"Skagit Spring Fingerling","Puget Sound","SKF",1989,48.35,1400,0,0,0,0,0,9,0,0,1.7,0,2,5.6,34.7,3.4,0,0,0,0,2.5,7.4,0,0,0,0,0,0,13.6,0,0,20.1,0,0,0,0,0,0.09,0,0,0.017,0,0.02,0.056,0.347,0.034,0,0,0,0,0.025,0.074,0,0,0,0,0,0,0.136,0,0,0.201,9,57.3,13.6,0,66.3,79.9
"Skagit Spring Fingerling","Puget Sound","SKF",1990,48.35,1511,0,0,0,0,0,21.5,8.2,0,0,0,0,0,12.1,1,0,0,0,0,0,1.6,0,0,0,0,0,0,1.5,0,0,54.2,0,0,0,0,0,0.215,0.082,0,0,0,0,0,0.121,0.01,0,0,0,0,0,0.016,0,0,0,0,0,0,0.015,0,0,0.542,29.7,14.7,1.5,0,44.4,45.9
"Skagit Spring Fingerling","Puget Sound","SKF",1991,48.35,1236,0,0,0,0,0,0.2,0,0,0,0,0,0,28.2,0,0,0,0,0,0,0,0,0,0,0,0,0,0,0,0,71.6,0,0,0,0,0,0.002,0,0,0,0,0,0,0.282,0,0,0,0,0,0,0,0,0,0,0,0,0,0,0,0,0.716,0.2,28.2,0,0,28.4,28.4
"Skagit Spring Fingerling","Puget Sound","SKF",1992,48.35,986,,,,,,,,,,,,,,,,,,,,,,,,,,,,,,,,,,,,,,,,,,,,,,,,,,,,,,,,,,,,,0,0,0,,0,
"Skagit Spring Fingerling","Puget Sound","SKF",1993,48.35,782,,,,,,,,,,,,,,,,,,,,,,,,,,,,,,,,,,,,,,,,,,,,,,,,,,,,,,,,,,,,,0,0,0,,0,
"Skagit Spring Fingerling","Puget Sound","SKF",1994,48.35,470,,,,,,,,,,,,,,,,,,,,,,,,,,,,,,,,,,,,,,,,,,,,,,,,,,,,,,,,,,,,,0,0,0,,0,
"Skagit Spring Fingerling","Puget Sound","SKF",1995,48.35,855,0.9,0.4,0,0,0,0,0.3,1.1,31.6,1.1,0,0.7,12.6,0.1,0,0,0,0,0,27.2,0,0,0,0,0,0,0,0,0,24.1,0.009,0.004,0,0,0,0,0.003,0.011,0.316,0.011,0,0.007,0.126,0.001,0,0,0,0,0,0.272,0,0,0,0,0,0,0,0,0,0.241,1.6,74.4,0,0,76,76
"Skagit Spring Fingerling","Puget Sound","SKF",1996,48.35,1051,0.4,0.6,0,0,0,0.5,0.7,0.1,5.3,0.4,0,0.2,12.9,0.2,0,0,0,0,0.2,15.1,0,0,0,0,0.1,0,0.2,0,0.4,62.9,0.004,0.006,0,0,0,0.005,0.007,0.001,0.053,0.004,0,0.002,0.129,0.002,0,0,0,0,0.002,0.151,0,0,0,0,0.001,0,0.002,0,0.004,0.629,2.2,34.4,0.3,0.4,36.6,37.3
"Skagit Spring Fingerling","Puget Sound","SKF",1997,48.35,1041,1.4,0,0,0.3,0.1,2.2,3.1,0.3,1.9,0.5,0,1.1,12,0,0,0,0,0,0.9,9.3,0,0,0,0,0,0,0.5,0,0.2,66.3,0.014,0,0,0.003,0.001,0.022,0.031,0.003,0.019,0.005,0,0.011,0.12,0,0,0,0,0,0.009,0.093,0,0,0,0,0,0,0.005,0,0.002,0.663,7.1,26,0.5,0.2,33.1,33.8
"Skagit Spring Fingerling","Puget Sound","SKF",1998,48.35,1071,2.5,0,0,0,0,0,3.8,0,0.5,0.8,0,0.4,19.9,0,0,0,0,0,0.4,6.8,0,0,0,0,0,0,1.2,0,0.3,63.4,0.025,0,0,0,0,0,0.038,0,0.005,0.008,0,0.004,0.199,0,0,0,0,0,0.004,0.068,0,0,0,0,0,0,0.012,0,0.003,0.634,6.3,28.8,1.2,0.3,35.1,36.6
"Skagit Spring Fingerling","Puget Sound","SKF",1999,48.35,471,0.8,0.2,0,0.3,0.3,2.4,5.4,0,0.1,0,0,0,7.7,0.4,0,0,0,0,0,2.5,0,0,0,0,0,0,1.4,0,0.1,78.4,0.008,0.002,0,0.003,0.003,0.024,0.054,0,0.001,0,0,0,0.077,0.004,0,0,0,0,0,0.025,0,0,0,0,0,0,0.014,0,0.001,0.784,9.4,10.7,1.4,0.1,20.1,21.6
"Skagit Spring Fingerling","Puget Sound","SKF",2000,48.35,1021,1.9,0,0.6,0,0,6.8,6.6,0,0,0.5,0,0.3,12.3,0,0,0,0,0,0,4.9,0,0,0,0,0,0,0.2,0,0.1,65.8,0.019,0,0.006,0,0,0.068,0.066,0,0,0.005,0,0.003,0.123,0,0,0,0,0,0,0.049,0,0,0,0,0,0,0.002,0,0.001,0.658,15.9,18,0.2,0.1,33.9,34.2
"Skagit Spring Fingerling","Puget Sound","SKF",2001,48.35,1852,1.8,0.1,0.5,0.3,0,6.1,4.3,0,0,0.5,0,0,6.9,0.2,0,0,0,0,0,8.4,0,0,0,0,0,0,0.6,0,0.1,70.3,0.018,0.001,0.005,0.003,0,0.061,0.043,0,0,0.005,0,0,0.069,0.002,0,0,0,0,0,0.084,0,0,0,0,0,0,0.006,0,0.001,0.703,13.1,16,0.6,0.1,29.1,29.8
"Skagit Spring Fingerling","Puget Sound","SKF",2002,48.35,1026,2.8,0,0.7,0.5,0,5.6,5.2,0,0.1,0.6,0,0,7.7,0.4,0.1,0,0,0,0,3.4,0,0,0,0,0,0,0.6,0,0.2,72.1,0.028,0,0.007,0.005,0,0.056,0.052,0,0.001,0.006,0,0,0.077,0.004,0.001,0,0,0,0,0.034,0,0,0,0,0,0,0.006,0,0.002,0.721,14.8,12.3,0.6,0.2,27.1,27.9
"Skagit Spring Fingerling","Puget Sound","SKF",2003,48.35,844,2.5,0,0.7,1.3,0,18.8,0.9,0,0.2,0,0,0,7.3,1.4,0,0,0,0,0,1.8,0,0,0,0,0,0,0.7,0,0.9,63.5,0.025,0,0.007,0.013,0,0.188,0.009,0,0.002,0,0,0,0.073,0.014,0,0,0,0,0,0.018,0,0,0,0,0,0,0.007,0,0.009,0.635,24.2,10.7,0.7,0.9,34.9,36.5
"Skagit Spring Fingerling","Puget Sound","SKF",2004,48.35,1575,0,0,0,0.5,0,12.2,2.4,0,0,0,0,0,12.4,2.5,0,0.3,0,0,0,2.8,0,0,0,0,0,0,1.3,0,0.4,65.3,0,0,0,0.005,0,0.122,0.024,0,0,0,0,0,0.124,0.025,0,0.003,0,0,0,0.028,0,0,0,0,0,0,0.013,0,0.004,0.653,15.1,18,1.3,0.4,33.1,34.8
"Skagit Spring Fingerling","Puget Sound","SKF",2005,48.35,1208,1.4,0.1,0,0,0,10.2,7.4,0,0.3,1.9,0,0,25.5,0,0,0,0,0,0,0.5,0,0,0,0,0,0,0.3,0.6,0.1,51.8,0.014,0.001,0,0,0,0.102,0.074,0,0.003,0.019,0,0,0.255,0,0,0,0,0,0,0.005,0,0,0,0,0,0,0.003,0.006,0.001,0.518,19.1,28.2,0.9,0.1,47.3,48.3
"Skagit Spring Fingerling","Puget Sound","SKF",2006,48.35,1896,0.5,0.1,0.3,0.3,0,7.1,2.9,0,0,0,0,0,15,0.2,0,0,0,0,0,2.7,0,0,0,0,0,0,1.5,4.3,0.6,64.6,0.005,0.001,0.003,0.003,0,0.071,0.029,0,0,0,0,0,0.15,0.002,0,0,0,0,0,0.027,0,0,0,0,0,0,0.015,0.043,0.006,0.646,11.2,17.9,5.8,0.6,29.1,35.5
"Skagit Spring Fingerling","Puget Sound","SKF",2007,48.35,613,0.4,0.2,0,0,0,9.1,10.2,0,0,0,0,0,13.3,0.9,0,0,0,0,0.2,2.7,0,0,0,0,0,0,1.3,4.4,0.3,57.1,0.004,0.002,0,0,0,0.091,0.102,0,0,0,0,0,0.133,0.009,0,0,0,0,0.002,0.027,0,0,0,0,0,0,0.013,0.044,0.003,0.571,19.9,17.1,5.7,0.3,37,43
"Skagit Spring Fingerling","Puget Sound","SKF",2008,48.35,1470,0.4,0,0,0,0,3.7,8.9,0,0.3,2.2,0,0,11,0.7,0,0,0,0,0,5.3,0,0,0,0,0,0,13.4,13.6,0.1,40.3,0.004,0,0,0,0,0.037,0.089,0,0.003,0.022,0,0,0.11,0.007,0,0,0,0,0,0.053,0,0,0,0,0,0,0.134,0.136,0.001,0.403,13,19.5,27,0.1,32.5,59.6
"Skagit Spring Fingerling","Puget Sound","SKF",2009,48.35,978,0.6,0,0,0,0,2.8,5.3,0,0,0,0,0,13.1,1.1,0,0,0,0,0,5.6,0,0,0,0,0,0,16.3,9.3,0.4,45.4,0.006,0,0,0,0,0.028,0.053,0,0,0,0,0,0.131,0.011,0,0,0,0,0,0.056,0,0,0,0,0,0,0.163,0.093,0.004,0.454,8.7,19.8,25.6,0.4,28.5,54.5
"Skagit Spring Fingerling","Puget Sound","SKF",2010,48.35,1361,0.2,0,0,0,0,2.2,4.7,0,0,0,0,0,12.9,0.2,0,0,0,0,0.2,1.5,0,0,0,0,0,0,18.3,1,0.2,58.6,0.002,0,0,0,0,0.022,0.047,0,0,0,0,0,0.129,0.002,0,0,0,0,0.002,0.015,0,0,0,0,0,0,0.183,0.01,0.002,0.586,7.1,14.8,19.3,0.2,21.9,41.4
"Skagit Spring Fingerling","Puget Sound","SKF",2011,48.35,794,0.5,0.1,0,0,0,1.3,5.3,0,0,1.2,0,0,11.9,0,0.1,0,0,0,0.1,2.7,0,0,0,0,0,0,17.2,1.3,0.5,57.8,0.005,0.001,0,0,0,0.013,0.053,0,0,0.012,0,0,0.119,0,0.001,0,0,0,0.001,0.027,0,0,0,0,0,0,0.172,0.013,0.005,0.578,7.2,16,18.5,0.5,23.2,42.2
"Skagit Spring Fingerling","Puget Sound","SKF",2012,48.35,2763,0,0,0,0,0,3.3,6.6,0,0,1.9,0,0,11.8,0.3,0,0,0,0,0,4.3,0,0,0,0,0,0,18.1,1.2,0.3,52.3,0,0,0,0,0,0.033,0.066,0,0,0.019,0,0,0.118,0.003,0,0,0,0,0,0.043,0,0,0,0,0,0,0.181,0.012,0.003,0.523,9.9,18.3,19.3,0.3,28.2,47.8
"Skagit Spring Fingerling","Puget Sound","SKF",2013,48.35,1976,0.6,0.4,0,0,0,2.5,4,0,0,0.6,0,0,18.6,0.3,0.1,0,0,0,0,2.3,0,0,0,0,0,0,23.1,0,0.2,47.1,0.006,0.004,0,0,0,0.025,0.04,0,0,0.006,0,0,0.186,0.003,0.001,0,0,0,0,0.023,0,0,0,0,0,0,0.231,0,0.002,0.471,7.5,21.9,23.1,0.2,29.4,52.7
"Skagit Spring Fingerling","Puget Sound","SKF",2014,48.35,1608,2,0.2,0,1,0,2.9,6.5,0,0,1.3,0,0,10.2,0,0,0,0,0,0,5.2,0,0,0,0,0,0,23.9,1.6,0.1,45.3,0.02,0.002,0,0.01,0,0.029,0.065,0,0,0.013,0,0,0.102,0,0,0,0,0,0,0.052,0,0,0,0,0,0,0.239,0.016,0.001,0.453,12.6,16.7,25.5,0.1,29.3,54.9
"Skagit Spring Fingerling","Puget Sound","SKF",2015,48.35,1409,0.9,0,0,0,0,1.3,1.6,0,0,0.3,0,0,10.3,0.5,0,0,0,0,0.1,5.6,0,0,0,0,0,0,11.6,0,0.5,67.4,0.009,0,0,0,0,0.013,0.016,0,0,0.003,0,0,0.103,0.005,0,0,0,0,0.001,0.056,0,0,0,0,0,0,0.116,0,0.005,0.674,3.8,16.8,11.6,0.5,20.6,32.7
"Skagit Spring Fingerling","Puget Sound","SKF",2016,48.35,2429,0.8,0.8,0,0.3,0,2.7,1.9,0,0,1.1,0,0,10.8,0.5,0.1,0,0,0,0,5.7,0,0,0,0,0,0,13.1,0,0.3,61.9,0.008,0.008,0,0.003,0,0.027,0.019,0,0,0.011,0,0,0.108,0.005,0.001,0,0,0,0,0.057,0,0,0,0,0,0,0.131,0,0.003,0.619,6.5,18.2,13.1,0.3,24.7,38.1
"Skagit Spring Fingerling","Puget Sound","SKF",2017,48.35,2851,0.9,0.3,0,0.2,0,3.2,4.4,0,0,2.5,0,0,17.4,0.2,0.3,0,0,0,0,2.8,0,0,0,0,0,0,16.1,0,0.1,51.7,0.009,0.003,0,0.002,0,0.032,0.044,0,0,0.025,0,0,0.174,0.002,0.003,0,0,0,0,0.028,0,0,0,0,0,0,0.161,0,0.001,0.517,9,23.2,16.1,0.1,32.2,48.4
"Skagit Spring Fingerling","Puget Sound","SKF",2018,48.35,2376,0.6,0.1,0,0.2,0,3.3,3.4,0,0,1.7,0,0,16.6,0.7,0,0,0,0,0.2,2.8,0,0,0,0,0,0,26,0,0.3,44.3,0.006,0.001,0,0.002,0,0.033,0.034,0,0,0.017,0,0,0.166,0.007,0,0,0,0,0.002,0.028,0,0,0,0,0,0,0.26,0,0.003,0.443,7.6,22,26,0.3,29.6,55.9
"Skagit Spring Fingerling","Puget Sound","SKF",2019,48.35,1131,1.1,0,0,0,0,0.6,3.3,0,0,0.9,0,0.2,6.1,0,0,0,0,0,0,4.8,0,0,0,0,0,0,36.2,0,0,46.8,0.011,0,0,0,0,0.006,0.033,0,0,0.009,0,0.002,0.061,0,0,0,0,0,0,0.048,0,0,0,0,0,0,0.362,0,0,0.468,5,12,36.2,0,17,53.2
"Skagit Spring Fingerling","Puget Sound","SKF",2020,48.35,1449,0.4,0.6,0,0.3,0,0,0,0,0,2,0,0.1,22.1,0,0,0,0,0,0,2.3,0,0,0,0,0,0,16.9,0,0.2,55.1,0.004,0.006,0,0.003,0,0,0,0,0,0.02,0,0.001,0.221,0,0,0,0,0,0,0.023,0,0,0,0,0,0,0.169,0,0.002,0.551,1.3,26.5,16.9,0.2,27.8,44.9
"Skagit Spring Fingerling","Puget Sound","SKF",2021,48.35,1602,0.7,0.5,0,0.2,0,2.2,5.6,0,0,0.5,0,0.1,20.6,0.1,0,0,0,0,1.2,1.2,0,0,0,0,0,0,18.4,0.6,0.2,47.9,0.007,0.005,0,0.002,0,0.022,0.056,0,0,0.005,0,0.001,0.206,0.001,0,0,0,0,0.012,0.012,0,0,0,0,0,0,0.184,0.006,0.002,0.479,9.2,23.7,19,0.2,32.9,52.1
"Skagit Spring Fingerling","Puget Sound","SKF",2022,48.35,3487,0.4,0.8,0,0.2,0,1.9,6.3,0,0,0.9,0,0.1,12.9,0.6,0.2,0,0,0,0.3,0.9,0,0,0,0,0,0,29.5,0.4,0.1,44.5,0.004,0.008,0,0.002,0,0.019,0.063,0,0,0.009,0,0.001,0.129,0.006,0.002,0,0,0,0.003,0.009,0,0,0,0,0,0,0.295,0.004,0.001,0.445,9.6,15.9,29.9,0.1,25.5,55.5
"Skagit Spring Fingerling","Puget Sound","SKF",2023,48.35,1184,0.2,0.9,0.3,0.3,0,1.3,2.7,0,0,1.3,0,0,22,0,0,0,0,0,0.2,3.1,0,0,0,0,0,0,31.3,0.8,0.2,35.1,0.002,0.009,0.003,0.003,0,0.013,0.027,0,0,0.013,0,0,0.22,0,0,0,0,0,0.002,0.031,0,0,0,0,0,0,0.313,0.008,0.002,0.351,5.7,26.6,32.1,0.2,32.3,64.6
"Skagit Spring Fingerling","Puget Sound","SKF",2024,48.35,2276,,,,,,,,,,,,,,,,,,,,,,,,,,,,,,,,,,,,,,,,,,,,,,,,,,,,,,,,,,,,,0,0,0,,0,
"Nehalem","OR Coast","Nehalem",1979,45.65,12205,13,0,0.3,25.2,0,12.3,0,3.5,1.1,0,0,0,0.1,0,0.7,3.1,1.7,0,0,0,0,0,0,0,0,0,0,1.9,0,37.1,0.13,0,0.003,0.252,0,0.123,0,0.035,0.011,0,0,0,0.001,0,0.007,0.031,0.017,0,0,0,0,0,0,0,0,0,0,0.019,0,0.371,50.8,10.2,1.9,0,61,62.9
"Nehalem","OR Coast","Nehalem",1980,45.65,5555,30.7,0,0.8,10.6,0,8,0,1.1,1.3,0,0,0,0,0,0,1,0.2,0,0,0,0,0,0,0,0,0,0,4.9,0,41.4,0.307,0,0.008,0.106,0,0.08,0,0.011,0.013,0,0,0,0,0,0,0.01,0.002,0,0,0,0,0,0,0,0,0,0,0.049,0,0.414,50.1,3.6,4.9,0,53.7,58.6
"Nehalem","OR Coast","Nehalem",1981,45.65,10752,24.1,0,0.7,24.2,0,3.1,0,0.2,2.2,0,0,0,0.6,0.2,0,0.4,0.6,0,0,0,0,0,0,0,0,0,0,1.9,0,41.8,0.241,0,0.007,0.242,0,0.031,0,0.002,0.022,0,0,0,0.006,0.002,0,0.004,0.006,0,0,0,0,0,0,0,0,0,0,0.019,0,0.418,52.1,4.2,1.9,0,56.3,58.2
"Nehalem","OR Coast","Nehalem",1982,45.65,5085,10.2,1.3,0.6,12.9,0,6.5,0,0.9,0.4,0,0,0,0,0,0.7,0.8,0.1,0,0,0,0,0,0,0,0,0,0,6.4,0,59.2,0.102,0.013,0.006,0.129,0,0.065,0,0.009,0.004,0,0,0,0,0,0.007,0.008,0.001,0,0,0,0,0,0,0,0,0,0,0.064,0,0.592,31.5,2.9,6.4,0,34.4,40.8
"Nehalem","OR Coast","Nehalem",1983,45.65,4431,25.3,0.6,0.1,18.3,0,8.6,0,0.6,0,0,0,0,0,0,0.8,0,0,0,0,0,0,0,0,0,0,0,0,4.2,0,41.5,0.253,0.006,0.001,0.183,0,0.086,0,0.006,0,0,0,0,0,0,0.008,0,0,0,0,0,0,0,0,0,0,0,0,0.042,0,0.415,52.9,1.4,4.2,0,54.3,58.5
"Nehalem","OR Coast","Nehalem",1984,45.65,20341,24.2,0,0,38.8,0,6.3,0,6.7,0.8,0,0,1.6,0,0,0,0.4,0.6,0,0,0,0,0,0,0,0,0,0.4,1.1,0,18.9,0.242,0,0,0.388,0,0.063,0,0.067,0.008,0,0,0.016,0,0,0,0.004,0.006,0,0,0,0,0,0,0,0,0,0.004,0.011,0,0.189,69.3,10.1,1.5,0,79.4,80.9
"Nehalem","OR Coast","Nehalem",1985,45.65,18670,33.9,2.3,0,34.2,0,2.9,0,1.9,0.5,0,0,0,0,0,0,0.1,0,0,0,0,0,0,0,0,0,0,0,1,0,23.2,0.339,0.023,0,0.342,0,0.029,0,0.019,0.005,0,0,0,0,0,0,0.001,0,0,0,0,0,0,0,0,0,0,0,0.01,0,0.232,73.3,2.5,1,0,75.8,76.8
"Nehalem","OR Coast","Nehalem",1986,45.65,10389,26,0,0,16,0,3.7,0,4.4,0.5,0,0,0,0,0.1,0,0.2,0.4,0,0,0,0,0,0,0,0,0,0,4.8,0,43.9,0.26,0,0,0.16,0,0.037,0,0.044,0.005,0,0,0,0,0.001,0,0.002,0.004,0,0,0,0,0,0,0,0,0,0,0.048,0,0.439,45.7,5.6,4.8,0,51.3,56.1
"Nehalem","OR Coast","Nehalem",1987,45.65,13560,17.3,1.3,0,16.5,0,2.2,0,0.3,0,0,0,0,0,0,0.3,2.2,0.7,0,0,0,0,0,0,0,0,0,0,7,0.1,52.1,0.173,0.013,0,0.165,0,0.022,0,0.003,0,0,0,0,0,0,0.003,0.022,0.007,0,0,0,0,0,0,0,0,0,0,0.07,0.001,0.521,37.3,3.5,7,0.1,40.8,47.9
"Nehalem","OR Coast","Nehalem",1988,45.65,14889,13.2,0,0,9,0,4.5,0,0.8,0,0,0,0,0,0.5,0,0.4,1.3,0,0,0,0,0,0,0,0,0,0,8.4,0.1,61.8,0.132,0,0,0.09,0,0.045,0,0.008,0,0,0,0,0,0.005,0,0.004,0.013,0,0,0,0,0,0,0,0,0,0,0.084,0.001,0.618,26.7,3,8.4,0.1,29.7,38.2
"Nehalem","OR Coast","Nehalem",1989,45.65,10389,14.5,0,0,13.9,0,4.1,0,0,0.1,0,0,0.7,0,0,0,2.8,0.2,0,0,0.2,0,0,0,0,0,0,0,6.1,0.2,57.2,0.145,0,0,0.139,0,0.041,0,0,0.001,0,0,0.007,0,0,0,0.028,0.002,0,0,0.002,0,0,0,0,0,0,0,0.061,0.002,0.572,32.5,4,6.1,0.2,36.5,42.8
"Nehalem","OR Coast","Nehalem",1990,45.65,5104,16.6,1.8,0,12.4,1.4,7.2,0,0.2,0.5,0,0,0.2,0,1.5,0.3,1.2,1,0,0,0,0,0,0,0,0,0,0,8.8,0,46.8,0.166,0.018,0,0.124,0.014,0.072,0,0.002,0.005,0,0,0.002,0,0.015,0.003,0.012,0.01,0,0,0,0,0,0,0,0,0,0,0.088,0,0.468,39.4,4.9,8.8,0,44.3,53.1
"Nehalem","OR Coast","Nehalem",1991,45.65,5557,21.6,0,0.5,15.8,0.9,7,0,0.4,0.6,0,0,0,0,0.2,0,0.1,1,0,0,0.2,0,0,0,0,0,0,0,10.1,0,41.5,0.216,0,0.005,0.158,0.009,0.07,0,0.004,0.006,0,0,0,0,0.002,0,0.001,0.01,0,0,0.002,0,0,0,0,0,0,0,0.101,0,0.415,45.8,2.5,10.1,0,48.3,58.4
"Nehalem","OR Coast","Nehalem",1992,45.65,9060,4.2,2.8,0,7.5,1.7,15.1,0,0.6,0.3,0,0,0,0.2,0.1,0.2,1.8,0.2,0,0,0.2,0,0,0,0,0,0,0,11.9,0,53.2,0.042,0.028,0,0.075,0.017,0.151,0,0.006,0.003,0,0,0,0.002,0.001,0.002,0.018,0.002,0,0,0.002,0,0,0,0,0,0,0,0.119,0,0.532,31.3,3.6,11.9,0,34.9,46.8
"Nehalem","OR Coast","Nehalem",1993,45.65,5345,10.2,0.6,0.2,16.9,1,18.3,0,0.2,0,0,0,0.4,0,0.4,0.2,2.1,0,0,0,0,0,0,0,0,0,0,0,16,0,33.4,0.102,0.006,0.002,0.169,0.01,0.183,0,0.002,0,0,0,0.004,0,0.004,0.002,0.021,0,0,0,0,0,0,0,0,0,0,0,0.16,0,0.334,47.2,3.3,16,0,50.5,66.5
"Nehalem","OR Coast","Nehalem",1994,45.65,6486,13.8,0.4,0.8,14.6,1.9,4.8,0,0.2,0.1,0,0,0,0,0,0,1.2,0.6,0,0,0,0,0,0,0,0,0,0,13.4,0,48.2,0.138,0.004,0.008,0.146,0.019,0.048,0,0.002,0.001,0,0,0,0,0,0,0.012,0.006,0,0,0,0,0,0,0,0,0,0,0.134,0,0.482,36.3,2.1,13.4,0,38.4,51.8
"Nehalem","OR Coast","Nehalem",1995,45.65,5194,9.4,0.2,0.4,5.6,1.2,0.9,0.2,0.1,0,0,0,2.7,0,0,0,0.2,0.2,0,0,0,0.1,0,0,0,0,0,0,21.9,0,56.9,0.094,0.002,0.004,0.056,0.012,0.009,0.002,0.001,0,0,0,0.027,0,0,0,0.002,0.002,0,0,0,0.001,0,0,0,0,0,0,0.219,0,0.569,17.9,3.2,22,0,21.1,43.1
"Nehalem","OR Coast","Nehalem",1996,45.65,9211,18.2,0,0,1.3,0,0.7,0,0.1,0,0,0,0.9,0,0.3,0,3.7,0.8,0,0,0,0,0,0,0,0.1,0,0,14.6,0,59.3,0.182,0,0,0.013,0,0.007,0,0.001,0,0,0,0.009,0,0.003,0,0.037,0.008,0,0,0,0,0,0,0,0.001,0,0,0.146,0,0.593,20.2,5.8,14.7,0,26,40.7
"Nehalem","OR Coast","Nehalem",1997,45.65,10026,29.5,0,2.1,3.2,0.4,0.2,0,0.1,0,0,0,2,0,0,0.1,1.3,0.3,0,0,0,0,0,0,0,0,0,0,9.3,0,51.5,0.295,0,0.021,0.032,0.004,0.002,0,0.001,0,0,0,0.02,0,0,0.001,0.013,0.003,0,0,0,0,0,0,0,0,0,0,0.093,0,0.515,35.4,3.8,9.3,0,39.2,48.5
"Nehalem","OR Coast","Nehalem",1998,45.65,8245,9,0.6,0.4,10.4,2,0,0,0,0,0,0,0.2,0,0,0,0.1,1.3,0,0,0,0,0,0,0,0,0,0.1,11.2,0,64.7,0.09,0.006,0.004,0.104,0.02,0,0,0,0,0,0,0.002,0,0,0,0.001,0.013,0,0,0,0,0,0,0,0,0,0.001,0.112,0,0.647,22.4,1.6,11.3,0,24,35.3
"Nehalem","OR Coast","Nehalem",1999,45.65,8063,17.5,0.1,0.3,4.1,4.6,0,0,0,0,0,0,0,0,0.2,0.1,0.3,1.3,0,0,0,0,0,0,0,0,0,0,8.7,0.1,62.9,0.175,0.001,0.003,0.041,0.046,0,0,0,0,0,0,0,0,0.002,0.001,0.003,0.013,0,0,0,0,0,0,0,0,0,0,0.087,0.001,0.629,26.6,1.9,8.7,0.1,28.5,37.3
"Nehalem","OR Coast","Nehalem",2000,45.65,6855,15.7,0,0.5,3.2,1.7,0.2,0,0,0,0,0,0,0,0.1,0,0.2,1.4,0,0,0,0,0,0,0,0,0,0.1,10.4,0,66.5,0.157,0,0.005,0.032,0.017,0.002,0,0,0,0,0,0,0,0.001,0,0.002,0.014,0,0,0,0,0,0,0,0,0,0.001,0.104,0,0.665,21.3,1.7,10.5,0,23,33.5
"Nehalem","OR Coast","Nehalem",2001,45.65,11662,15,0,1.2,3.5,1.8,0.2,0.2,0,0,0,0,0,0,0.1,0.2,2.3,1.5,0,0,0,0,0,0,0,0,0,0.1,13.8,0.1,60,0.15,0,0.012,0.035,0.018,0.002,0.002,0,0,0,0,0,0,0.001,0.002,0.023,0.015,0,0,0,0,0,0,0,0,0,0.001,0.138,0.001,0.6,21.9,4.1,13.9,0.1,26,40
"Nehalem","OR Coast","Nehalem",2002,45.65,18089,20.4,0,1,7.4,2.6,0.1,0,0,0,0,0,0,0,0.1,0.2,1.2,1.9,0,0,0,0,0,0,0,0,0,0,8,0.1,56.9,0.204,0,0.01,0.074,0.026,0.001,0,0,0,0,0,0,0,0.001,0.002,0.012,0.019,0,0,0,0,0,0,0,0,0,0,0.08,0.001,0.569,31.5,3.4,8,0.1,34.9,43
"Nehalem","OR Coast","Nehalem",2003,45.65,10906,14.8,1.4,0.6,6.4,1.9,0,0.2,0,0,0,0,0,0,0,0.2,1.3,2.6,0,0,0,0,0,0,0,0,0,0,7.8,0.1,62.6,0.148,0.014,0.006,0.064,0.019,0,0.002,0,0,0,0,0,0,0,0.002,0.013,0.026,0,0,0,0,0,0,0,0,0,0,0.078,0.001,0.626,25.3,4.1,7.8,0.1,29.4,37.3
"Nehalem","OR Coast","Nehalem",2004,45.65,9975,19.4,1.3,0.9,7.6,4.6,2.4,0,0,0,0,0,0,0,0.4,0,0.2,0.9,0,0,0,0,0,0,0,0,0,0,13.6,0,48.6,0.194,0.013,0.009,0.076,0.046,0.024,0,0,0,0,0,0,0,0.004,0,0.002,0.009,0,0,0,0,0,0,0,0,0,0,0.136,0,0.486,36.2,1.5,13.6,0,37.7,51.3
"Nehalem","OR Coast","Nehalem",2005,45.65,8114,20.2,0,1.4,9.4,4.3,2.3,0.9,0,0,0,0,0,0,0.6,0.3,0.7,1.1,0.1,0,0,0,0,0,0,0,0,0,8.9,0,49.8,0.202,0,0.014,0.094,0.043,0.023,0.009,0,0,0,0,0,0,0.006,0.003,0.007,0.011,0.001,0,0,0,0,0,0,0,0,0,0.089,0,0.498,38.5,2.8,8.9,0,41.3,50.2
"Nehalem","OR Coast","Nehalem",2006,45.65,4711,25.9,0,2.2,11.3,8.6,1.8,4,0,0,0,0,0,0,0.1,0.2,1,3.1,0,0,0,0,0,0,0,0,0,0.2,6.7,0.2,34.7,0.259,0,0.022,0.113,0.086,0.018,0.04,0,0,0,0,0,0,0.001,0.002,0.01,0.031,0,0,0,0,0,0,0,0,0,0.002,0.067,0.002,0.347,53.8,4.4,6.9,0.2,58.2,65.3
"Nehalem","OR Coast","Nehalem",2007,45.65,4304,20,0,3.1,9.3,6.6,0.2,2.7,0,0,0,0,0,1,0,0.2,0,0.4,0,0,0,0,0,0,0,0,0,0,7.5,0.1,48.8,0.2,0,0.031,0.093,0.066,0.002,0.027,0,0,0,0,0,0.01,0,0.002,0,0.004,0,0,0,0,0,0,0,0,0,0,0.075,0.001,0.488,41.9,1.6,7.5,0.1,43.5,51.1
"Nehalem","OR Coast","Nehalem",2008,45.65,3810,15.3,0,2,7,5.2,0.6,1.2,0,0.3,0,0,0,2.1,0.8,0.1,0.2,0.7,0,0,0,0,0,0,0,0,0,0,8.3,0,56.2,0.153,0,0.02,0.07,0.052,0.006,0.012,0,0.003,0,0,0,0.021,0.008,0.001,0.002,0.007,0,0,0,0,0,0,0,0,0,0,0.083,0,0.562,31.3,4.2,8.3,0,35.5,43.8
"Nehalem","OR Coast","Nehalem",2009,45.65,5390,17.9,1,3,12.9,5.9,0.3,0.3,0,0,0,0,0,0,0.2,0.3,0,0.6,0,0,0,0,0,0,0,0,0,0.3,0.8,0,56.5,0.179,0.01,0.03,0.129,0.059,0.003,0.003,0,0,0,0,0,0,0.002,0.003,0,0.006,0,0,0,0,0,0,0,0,0,0.003,0.008,0,0.565,41.3,1.1,1.1,0,42.4,43.5
"Nehalem","OR Coast","Nehalem",2010,45.65,5384,12.9,0,1.6,7,1.6,0,0,0,0,0,0,0,0.2,0.4,0.3,0.2,0.4,0,0,0,0,0,0,0,0,0,0,6.8,0.1,68.4,0.129,0,0.016,0.07,0.016,0,0,0,0,0,0,0,0.002,0.004,0.003,0.002,0.004,0,0,0,0,0,0,0,0,0,0,0.068,0.001,0.684,23.1,1.5,6.8,0.1,24.6,31.5
"Nehalem","OR Coast","Nehalem",2011,45.65,7665,10.7,0,1.3,5.7,2.3,2.1,1.5,0,0,0,0,0,0,1.5,0.5,0.3,0.9,0,0,0,0,0,0,0,0,0,0.1,11.6,0,61.5,0.107,0,0.013,0.057,0.023,0.021,0.015,0,0,0,0,0,0,0.015,0.005,0.003,0.009,0,0,0,0,0,0,0,0,0,0.001,0.116,0,0.615,23.6,3.2,11.7,0,26.8,38.5
"Nehalem","OR Coast","Nehalem",2012,45.65,7515,17.1,0.3,1.2,9.5,3.8,1.9,1.5,0,0,0,0,0,0.1,4.1,0.4,0.1,2.8,0,0,0.1,0,0,0,0,0,0,0,7.8,0.1,49.3,0.171,0.003,0.012,0.095,0.038,0.019,0.015,0,0,0,0,0,0.001,0.041,0.004,0.001,0.028,0,0,0.001,0,0,0,0,0,0,0,0.078,0.001,0.493,35.3,7.6,7.8,0.1,42.9,50.8
"Nehalem","OR Coast","Nehalem",2013,45.65,18194,5.8,0.3,1.7,8.2,3.7,0.5,0.6,0,0,0,0,0,0.1,2.1,0.6,0.4,1.2,0,0,0,0,0,0,0,0,0,0,14.3,0,60.6,0.058,0.003,0.017,0.082,0.037,0.005,0.006,0,0,0,0,0,0.001,0.021,0.006,0.004,0.012,0,0,0,0,0,0,0,0,0,0,0.143,0,0.606,20.8,4.4,14.3,0,25.2,39.5
"Nehalem","OR Coast","Nehalem",2014,45.65,11452,9.4,0.1,1.6,5.6,2.2,1.6,0.1,0.1,0,0.1,0,0,0,1.3,0.2,0.5,0.6,0,0,0,0,0,0,0,0,0,0.2,18.1,0,58.3,0.094,0.001,0.016,0.056,0.022,0.016,0.001,0.001,0,0.001,0,0,0,0.013,0.002,0.005,0.006,0,0,0,0,0,0,0,0,0,0.002,0.181,0,0.583,20.6,2.8,18.3,0,23.4,41.7
"Nehalem","OR Coast","Nehalem",2015,45.65,12678,7.7,0.1,0.8,3.8,1.9,0.7,0.8,0,0,0.1,0,0,0,1.9,0.8,0.5,1.6,0,0,0,0,0,0,0,0,0,0,21.9,0.2,57.2,0.077,0.001,0.008,0.038,0.019,0.007,0.008,0,0,0.001,0,0,0,0.019,0.008,0.005,0.016,0,0,0,0,0,0,0,0,0,0,0.219,0.002,0.572,15.8,4.9,21.9,0.2,20.7,42.8
"Nehalem","OR Coast","Nehalem",2016,45.65,10074,15.6,0,1.3,14.5,2.2,1.3,0.7,0,0,0,0,0,0.1,0.4,0.2,0.2,0.8,0,0,0,0,0,0,0,0,0,0,10.8,0,51.9,0.156,0,0.013,0.145,0.022,0.013,0.007,0,0,0,0,0,0.001,0.004,0.002,0.002,0.008,0,0,0,0,0,0,0,0,0,0,0.108,0,0.519,35.6,1.7,10.8,0,37.3,48.1
"Nehalem","OR Coast","Nehalem",2017,45.65,6473,10.8,0,1.2,15.8,3.5,0.9,0.1,0,0,0,0,0,0.2,1.2,0,0.1,0.3,0,0,0,0,0,0,0,0,0,0,12.7,0.1,52.9,0.108,0,0.012,0.158,0.035,0.009,0.001,0,0,0,0,0,0.002,0.012,0,0.001,0.003,0,0,0,0,0,0,0,0,0,0,0.127,0.001,0.529,32.3,1.8,12.7,0.1,34.1,46.9
"Nehalem","OR Coast","Nehalem",2018,45.65,6420,26.1,0,4.2,26.8,6.7,2.1,1.4,0,0,0,0,0,0,0.4,0.6,0.5,1.1,0,0,0,0,0,0,0,0,0,0,6.6,0.1,23.6,0.261,0,0.042,0.268,0.067,0.021,0.014,0,0,0,0,0,0,0.004,0.006,0.005,0.011,0,0,0,0,0,0,0,0,0,0,0.066,0.001,0.236,67.3,2.6,6.6,0.1,69.9,76.6
"Nehalem","OR Coast","Nehalem",2019,45.65,9746,4.4,0,1.3,8.6,1.9,1.2,0.9,0,0,0,0,0,0,0.8,0.1,0,0.7,0,0,0,0,0,0,0,0,0,0.1,11.9,0,68.2,0.044,0,0.013,0.086,0.019,0.012,0.009,0,0,0,0,0,0,0.008,0.001,0,0.007,0,0,0,0,0,0,0,0,0,0.001,0.119,0,0.682,18.3,1.6,12,0,19.9,31.9
"Nehalem","OR Coast","Nehalem",2020,45.65,20046,15,0,0.9,5.3,0.2,1.9,0.9,0,0,0,0,0,0.5,1.2,0,0.1,1.2,0,0,0,0,0,0,0,0,0,0,10.5,0,62.3,0.15,0,0.009,0.053,0.002,0.019,0.009,0,0,0,0,0,0.005,0.012,0,0.001,0.012,0,0,0,0,0,0,0,0,0,0,0.105,0,0.623,24.2,3,10.5,0,27.2,37.7
"Nehalem","OR Coast","Nehalem",2021,45.65,9674.759765625,14.9,0.9,1.2,8.9,2.3,4.5,0.2,0,0,0,0,0,0.5,1.4,0.3,0.1,0.6,0,0,0,0,0,0,0,0,0,0,13.7,0,50.5,0.149,0.009,0.012,0.089,0.023,0.045,0.002,0,0,0,0,0,0.005,0.014,0.003,0.001,0.006,0,0,0,0,0,0,0,0,0,0,0.137,0,0.505,32.9,2.9,13.7,0,35.8,49.5
"Nehalem","OR Coast","Nehalem",2022,45.65,4793.74462890625,14.8,0,1.7,10.7,3,2,0,0,0,0,0,0,0.2,1.1,0.5,0.3,0.5,0,0,0,0,0,0,0,0,0,0,22.7,0,42.4,0.148,0,0.017,0.107,0.03,0.02,0,0,0,0,0,0,0.002,0.011,0.005,0.003,0.005,0,0,0,0,0,0,0,0,0,0,0.227,0,0.424,32.2,2.6,22.7,0,34.8,57.5
"Nehalem","OR Coast","Nehalem",2023,45.65,12649.30078125,13.8,0,2.2,7.5,2.8,5,0.7,0,0,0,0,0,0.4,2,0.5,0,0.8,0,0,0.1,0,0,0,0,0,0,0,12.1,0,52.1,0.138,0,0.022,0.075,0.028,0.05,0.007,0,0,0,0,0,0.004,0.02,0.005,0,0.008,0,0,0.001,0,0,0,0,0,0,0,0.121,0,0.521,32,3.8,12.1,0,35.8,47.9
"Nehalem","OR Coast","Nehalem",2024,45.65,5282.39208984375,,,,,,,,,,,,,,,,,,,,,,,,,,,,,,,,,,,,,,,,,,,,,,,,,,,,,,,,,,,,,0,0,0,,0,
"Siletz","OR Coast","Siletz",1979,44.91,7217,13,0,0.3,25.2,0,12.3,0,3.5,1.1,0,0,0,0.1,0,0.7,3.1,1.7,0,0,0,0,0,0,0,0,0,0,3.4,0,35.6,0.13,0,0.003,0.252,0,0.123,0,0.035,0.011,0,0,0,0.001,0,0.007,0.031,0.017,0,0,0,0,0,0,0,0,0,0,0.034,0,0.356,50.8,10.2,3.4,0,61,64.4
"Siletz","OR Coast","Siletz",1980,44.91,3680,30.7,0,0.8,10.6,0,8,0,1.1,1.3,0,0,0,0,0,0,1,0.2,0,0,0,0,0,0,0,0,0,0,4.6,0,41.7,0.307,0,0.008,0.106,0,0.08,0,0.011,0.013,0,0,0,0,0,0,0.01,0.002,0,0,0,0,0,0,0,0,0,0,0.046,0,0.417,50.1,3.6,4.6,0,53.7,58.3
"Siletz","OR Coast","Siletz",1981,44.91,4435,24.1,0,0.7,24.2,0,3.1,0,0.2,2.2,0,0,0,0.6,0.2,0,0.4,0.6,0,0,0,0,0,0,0,0,0,0,6.6,0,37.2,0.241,0,0.007,0.242,0,0.031,0,0.002,0.022,0,0,0,0.006,0.002,0,0.004,0.006,0,0,0,0,0,0,0,0,0,0,0.066,0,0.372,52.1,4.2,6.6,0,56.3,62.9
"Siletz","OR Coast","Siletz",1982,44.91,3415,10.2,1.3,0.6,12.9,0,6.5,0,0.9,0.4,0,0,0,0,0,0.7,0.8,0.1,0,0,0,0,0,0,0,0,0,0,6.7,0,58.9,0.102,0.013,0.006,0.129,0,0.065,0,0.009,0.004,0,0,0,0,0,0.007,0.008,0.001,0,0,0,0,0,0,0,0,0,0,0.067,0,0.589,31.5,2.9,6.7,0,34.4,41.1
"Siletz","OR Coast","Siletz",1983,44.91,2136,25.3,0.6,0.1,18.3,0,8.6,0,0.6,0,0,0,0,0,0,0.8,0,0,0,0,0,0,0,0,0,0,0,0,6.2,0,39.5,0.253,0.006,0.001,0.183,0,0.086,0,0.006,0,0,0,0,0,0,0.008,0,0,0,0,0,0,0,0,0,0,0,0,0.062,0,0.395,52.9,1.4,6.2,0,54.3,60.5
"Siletz","OR Coast","Siletz",1984,44.91,3461,24.2,0,0,38.8,0,6.3,0,6.7,0.8,0,0,1.6,0,0,0,0.4,0.6,0,0,0,0,0,0,0,0,0,0.4,2.1,0,17.9,0.242,0,0,0.388,0,0.063,0,0.067,0.008,0,0,0.016,0,0,0,0.004,0.006,0,0,0,0,0,0,0,0,0,0.004,0.021,0,0.179,69.3,10.1,2.5,0,79.4,81.9
"Siletz","OR Coast","Siletz",1985,44.91,6628,33.9,2.3,0,34.2,0,2.9,0,1.9,0.5,0,0,0,0,0,0,0.1,0,0,0,0,0,0,0,0,0,0,0,1.5,0,22.7,0.339,0.023,0,0.342,0,0.029,0,0.019,0.005,0,0,0,0,0,0,0.001,0,0,0,0,0,0,0,0,0,0,0,0.015,0,0.227,73.3,2.5,1.5,0,75.8,77.3
"Siletz","OR Coast","Siletz",1986,44.91,6748,26,0,0,16,0,3.7,0,4.4,0.5,0,0,0,0,0.1,0,0.2,0.4,0,0,0,0,0,0,0,0,0,0,3.3,0,45.4,0.26,0,0,0.16,0,0.037,0,0.044,0.005,0,0,0,0,0.001,0,0.002,0.004,0,0,0,0,0,0,0,0,0,0,0.033,0,0.454,45.7,5.6,3.3,0,51.3,54.6
"Siletz","OR Coast","Siletz",1987,44.91,4577,17.3,1.3,0,16.5,0,2.2,0,0.3,0,0,0,0,0,0,0.3,2.2,0.7,0,0,0,0,0,0,0,0,0,0,8.2,0.1,50.9,0.173,0.013,0,0.165,0,0.022,0,0.003,0,0,0,0,0,0,0.003,0.022,0.007,0,0,0,0,0,0,0,0,0,0,0.082,0.001,0.509,37.3,3.5,8.2,0.1,40.8,49.1
"Siletz","OR Coast","Siletz",1988,44.91,7805,13.2,0,0,9,0,4.5,0,0.8,0,0,0,0,0,0.5,0,0.4,1.3,0,0,0,0,0,0,0,0,0,0,5.5,0.1,64.7,0.132,0,0,0.09,0,0.045,0,0.008,0,0,0,0,0,0.005,0,0.004,0.013,0,0,0,0,0,0,0,0,0,0,0.055,0.001,0.647,26.7,3,5.5,0.1,29.7,35.3
"Siletz","OR Coast","Siletz",1989,44.91,4401,14.5,0,0,13.9,0,4.1,0,0,0.1,0,0,0.7,0,0,0,2.8,0.2,0,0,0.2,0,0,0,0,0,0,0,8.2,0.2,55.1,0.145,0,0,0.139,0,0.041,0,0,0.001,0,0,0.007,0,0,0,0.028,0.002,0,0,0.002,0,0,0,0,0,0,0,0.082,0.002,0.551,32.5,4,8.2,0.2,36.5,44.9
"Siletz","OR Coast","Siletz",1990,44.91,4313,16.6,1.8,0,12.4,1.4,7.2,0,0.2,0.5,0,0,0.2,0,1.5,0.3,1.2,1,0,0,0,0,0,0,0,0,0,0,4.7,0,51,0.166,0.018,0,0.124,0.014,0.072,0,0.002,0.005,0,0,0.002,0,0.015,0.003,0.012,0.01,0,0,0,0,0,0,0,0,0,0,0.047,0,0.51,39.4,4.9,4.7,0,44.3,49
"Siletz","OR Coast","Siletz",1991,44.91,5633,21.6,0,0.5,15.8,0.9,7,0,0.4,0.6,0,0,0,0,0.2,0,0.1,1,0,0,0.2,0,0,0,0,0,0,0,4.8,0,46.9,0.216,0,0.005,0.158,0.009,0.07,0,0.004,0.006,0,0,0,0,0.002,0,0.001,0.01,0,0,0.002,0,0,0,0,0,0,0,0.048,0,0.469,45.8,2.5,4.8,0,48.3,53.1
"Siletz","OR Coast","Siletz",1992,44.91,6044,4.2,2.8,0,7.5,1.7,15.1,0,0.6,0.3,0,0,0,0.2,0.1,0.2,1.8,0.2,0,0,0.2,0,0,0,0,0,0,0,5.7,0,59.4,0.042,0.028,0,0.075,0.017,0.151,0,0.006,0.003,0,0,0,0.002,0.001,0.002,0.018,0.002,0,0,0.002,0,0,0,0,0,0,0,0.057,0,0.594,31.3,3.6,5.7,0,34.9,40.6
"Siletz","OR Coast","Siletz",1993,44.91,4342,10.2,0.6,0.2,16.9,1,18.3,0,0.2,0,0,0,0.4,0,0.4,0.2,2.1,0,0,0,0,0,0,0,0,0,0,0,10.7,0,38.8,0.102,0.006,0.002,0.169,0.01,0.183,0,0.002,0,0,0,0.004,0,0.004,0.002,0.021,0,0,0,0,0,0,0,0,0,0,0,0.107,0,0.388,47.2,3.3,10.7,0,50.5,61.2
"Siletz","OR Coast","Siletz",1994,44.91,10475,13.8,0.4,0.8,14.6,1.9,4.8,0,0.2,0.1,0,0,0,0,0,0,1.2,0.6,0,0,0,0,0,0,0,0,0,0,3.9,0,57.7,0.138,0.004,0.008,0.146,0.019,0.048,0,0.002,0.001,0,0,0,0,0,0,0.012,0.006,0,0,0,0,0,0,0,0,0,0,0.039,0,0.577,36.3,2.1,3.9,0,38.4,42.3
"Siletz","OR Coast","Siletz",1995,44.91,5164,9.4,0.2,0.4,5.6,1.2,0.9,0.2,0.1,0,0,0,2.7,0,0,0,0.2,0.2,0,0,0,0.1,0,0,0,0,0,0,12.9,0,65.8,0.094,0.002,0.004,0.056,0.012,0.009,0.002,0.001,0,0,0,0.027,0,0,0,0.002,0.002,0,0,0,0.001,0,0,0,0,0,0,0.129,0,0.658,17.9,3.2,13,0,21.1,34.1
"Siletz","OR Coast","Siletz",1996,44.91,7394,18.2,0,0,1.3,0,0.7,0,0.1,0,0,0,0.9,0,0.3,0,3.7,0.8,0,0,0,0,0,0,0,0.1,0,0,7.8,0,66.1,0.182,0,0,0.013,0,0.007,0,0.001,0,0,0,0.009,0,0.003,0,0.037,0.008,0,0,0,0,0,0,0,0.001,0,0,0.078,0,0.661,20.2,5.8,7.9,0,26,33.9
"Siletz","OR Coast","Siletz",1997,44.91,3726,29.5,0,2.1,3.2,0.4,0.2,0,0.1,0,0,0,2,0,0,0.1,1.3,0.3,0,0,0,0,0,0,0,0,0,0,11.4,0,49.4,0.295,0,0.021,0.032,0.004,0.002,0,0.001,0,0,0,0.02,0,0,0.001,0.013,0.003,0,0,0,0,0,0,0,0,0,0,0.114,0,0.494,35.4,3.8,11.4,0,39.2,50.6
"Siletz","OR Coast","Siletz",1998,44.91,5516,9,0.6,0.4,10.4,2,0,0,0,0,0,0,0.2,0,0,0,0.1,1.3,0,0,0,0,0,0,0,0,0,0.1,6.5,0,69.4,0.09,0.006,0.004,0.104,0.02,0,0,0,0,0,0,0.002,0,0,0,0.001,0.013,0,0,0,0,0,0,0,0,0,0.001,0.065,0,0.694,22.4,1.6,6.6,0,24,30.6
"Siletz","OR Coast","Siletz",1999,44.91,4166,17.5,0.1,0.3,4.1,4.6,0,0,0,0,0,0,0,0,0.2,0.1,0.3,1.3,0,0,0,0,0,0,0,0,0,0,10.4,0.1,61.1,0.175,0.001,0.003,0.041,0.046,0,0,0,0,0,0,0,0,0.002,0.001,0.003,0.013,0,0,0,0,0,0,0,0,0,0,0.104,0.001,0.611,26.6,1.9,10.4,0.1,28.5,39
"Siletz","OR Coast","Siletz",2000,44.91,6787,15.7,0,0.5,3.2,1.7,0.2,0,0,0,0,0,0,0,0.1,0,0.2,1.4,0,0,0,0,0,0,0,0,0,0.1,11.7,0,65.2,0.157,0,0.005,0.032,0.017,0.002,0,0,0,0,0,0,0,0.001,0,0.002,0.014,0,0,0,0,0,0,0,0,0,0.001,0.117,0,0.652,21.3,1.7,11.8,0,23,34.8
"Siletz","OR Coast","Siletz",2001,44.91,10563,15,0,1.2,3.5,1.8,0.2,0.2,0,0,0,0,0,0,0.1,0.2,2.3,1.5,0,0,0,0,0,0,0,0,0,0.1,8.2,0.1,65.6,0.15,0,0.012,0.035,0.018,0.002,0.002,0,0,0,0,0,0,0.001,0.002,0.023,0.015,0,0,0,0,0,0,0,0,0,0.001,0.082,0.001,0.656,21.9,4.1,8.3,0.1,26,34.4
"Siletz","OR Coast","Siletz",2002,44.91,14054,20.4,0,1,7.4,2.6,0.1,0,0,0,0,0,0,0,0.1,0.2,1.2,1.9,0,0,0,0,0,0,0,0,0,0,6.4,0.1,58.5,0.204,0,0.01,0.074,0.026,0.001,0,0,0,0,0,0,0,0.001,0.002,0.012,0.019,0,0,0,0,0,0,0,0,0,0,0.064,0.001,0.585,31.5,3.4,6.4,0.1,34.9,41.4
"Siletz","OR Coast","Siletz",2003,44.91,11149,14.8,1.4,0.6,6.4,1.9,0,0.2,0,0,0,0,0,0,0,0.2,1.3,2.6,0,0,0,0,0,0,0,0,0,0,9.4,0.1,61,0.148,0.014,0.006,0.064,0.019,0,0.002,0,0,0,0,0,0,0,0.002,0.013,0.026,0,0,0,0,0,0,0,0,0,0,0.094,0.001,0.61,25.3,4.1,9.4,0.1,29.4,38.9
"Siletz","OR Coast","Siletz",2004,44.91,3902,19.4,1.3,0.9,7.6,4.6,2.4,0,0,0,0,0,0,0,0.4,0,0.2,0.9,0,0,0,0,0,0,0,0,0,0,28.1,0,34.2,0.194,0.013,0.009,0.076,0.046,0.024,0,0,0,0,0,0,0,0.004,0,0.002,0.009,0,0,0,0,0,0,0,0,0,0,0.281,0,0.342,36.2,1.5,28.1,0,37.7,65.8
"Siletz","OR Coast","Siletz",2005,44.91,6631,20.2,0,1.4,9.4,4.3,2.3,0.9,0,0,0,0,0,0,0.6,0.3,0.7,1.1,0.1,0,0,0,0,0,0,0,0,0,13.1,0,45.6,0.202,0,0.014,0.094,0.043,0.023,0.009,0,0,0,0,0,0,0.006,0.003,0.007,0.011,0.001,0,0,0,0,0,0,0,0,0,0.131,0,0.456,38.5,2.8,13.1,0,41.3,54.4
"Siletz","OR Coast","Siletz",2006,44.91,4108,25.9,0,2.2,11.3,8.6,1.8,4,0,0,0,0,0,0,0.1,0.2,1,3.1,0,0,0,0,0,0,0,0,0,0.2,7,0.2,34.4,0.259,0,0.022,0.113,0.086,0.018,0.04,0,0,0,0,0,0,0.001,0.002,0.01,0.031,0,0,0,0,0,0,0,0,0,0.002,0.07,0.002,0.344,53.8,4.4,7.2,0.2,58.2,65.6
"Siletz","OR Coast","Siletz",2007,44.91,528,20,0,3.1,9.3,6.6,0.2,2.7,0,0,0,0,0,1,0,0.2,0,0.4,0,0,0,0,0,0,0,0,0,0,15.4,0.1,40.9,0.2,0,0.031,0.093,0.066,0.002,0.027,0,0,0,0,0,0.01,0,0.002,0,0.004,0,0,0,0,0,0,0,0,0,0,0.154,0.001,0.409,41.9,1.6,15.4,0.1,43.5,59
"Siletz","OR Coast","Siletz",2008,44.91,1203,15.3,0,2,7,5.2,0.6,1.2,0,0.3,0,0,0,2.1,0.8,0.1,0.2,0.7,0,0,0,0,0,0,0,0,0,0,16,0,48.5,0.153,0,0.02,0.07,0.052,0.006,0.012,0,0.003,0,0,0,0.021,0.008,0.001,0.002,0.007,0,0,0,0,0,0,0,0,0,0,0.16,0,0.485,31.3,4.2,16,0,35.5,51.5
"Siletz","OR Coast","Siletz",2009,44.91,2905,17.9,1,3,12.9,5.9,0.3,0.3,0,0,0,0,0,0,0.2,0.3,0,0.6,0,0,0,0,0,0,0,0,0,0.3,9.8,0,47.5,0.179,0.01,0.03,0.129,0.059,0.003,0.003,0,0,0,0,0,0,0.002,0.003,0,0.006,0,0,0,0,0,0,0,0,0,0.003,0.098,0,0.475,41.3,1.1,10.1,0,42.4,52.5
"Siletz","OR Coast","Siletz",2010,44.91,4225,12.9,0,1.6,7,1.6,0,0,0,0,0,0,0,0.2,0.4,0.3,0.2,0.4,0,0,0,0,0,0,0,0,0,0,5.5,0.1,69.7,0.129,0,0.016,0.07,0.016,0,0,0,0,0,0,0,0.002,0.004,0.003,0.002,0.004,0,0,0,0,0,0,0,0,0,0,0.055,0.001,0.697,23.1,1.5,5.5,0.1,24.6,30.2
"Siletz","OR Coast","Siletz",2011,44.91,3638,10.7,0,1.3,5.7,2.3,2.1,1.5,0,0,0,0,0,0,1.5,0.5,0.3,0.9,0,0,0,0,0,0,0,0,0,0.1,26.7,0,46.5,0.107,0,0.013,0.057,0.023,0.021,0.015,0,0,0,0,0,0,0.015,0.005,0.003,0.009,0,0,0,0,0,0,0,0,0,0.001,0.267,0,0.465,23.6,3.2,26.8,0,26.8,53.6
"Siletz","OR Coast","Siletz",2012,44.91,4812,17.1,0.3,1.2,9.5,3.8,1.9,1.5,0,0,0,0,0,0.1,4.1,0.4,0.1,2.8,0,0,0.1,0,0,0,0,0,0,0,10.4,0.1,46.6,0.171,0.003,0.012,0.095,0.038,0.019,0.015,0,0,0,0,0,0.001,0.041,0.004,0.001,0.028,0,0,0.001,0,0,0,0,0,0,0,0.104,0.001,0.466,35.3,7.6,10.4,0.1,42.9,53.4
"Siletz","OR Coast","Siletz",2013,44.91,7364,5.8,0.3,1.7,8.2,3.7,0.5,0.6,0,0,0,0,0,0.1,2.1,0.6,0.4,1.2,0,0,0,0,0,0,0,0,0,0,15,0,59.9,0.058,0.003,0.017,0.082,0.037,0.005,0.006,0,0,0,0,0,0.001,0.021,0.006,0.004,0.012,0,0,0,0,0,0,0,0,0,0,0.15,0,0.599,20.8,4.4,15,0,25.2,40.2
"Siletz","OR Coast","Siletz",2014,44.91,8655,9.4,0.1,1.6,5.6,2.2,1.6,0.1,0.1,0,0.1,0,0,0,1.3,0.2,0.5,0.6,0,0,0,0,0,0,0,0,0,0.2,15.1,0,61.2,0.094,0.001,0.016,0.056,0.022,0.016,0.001,0.001,0,0.001,0,0,0,0.013,0.002,0.005,0.006,0,0,0,0,0,0,0,0,0,0.002,0.151,0,0.612,20.6,2.8,15.3,0,23.4,38.7
"Siletz","OR Coast","Siletz",2015,44.91,6367,7.7,0.1,0.8,3.8,1.9,0.7,0.8,0,0,0.1,0,0,0,1.9,0.8,0.5,1.6,0,0,0,0,0,0,0,0,0,0,32.8,0.2,46.3,0.077,0.001,0.008,0.038,0.019,0.007,0.008,0,0,0.001,0,0,0,0.019,0.008,0.005,0.016,0,0,0,0,0,0,0,0,0,0,0.328,0.002,0.463,15.8,4.9,32.8,0.2,20.7,53.7
"Siletz","OR Coast","Siletz",2016,44.91,8479,15.6,0,1.3,14.5,2.2,1.3,0.7,0,0,0,0,0,0.1,0.4,0.2,0.2,0.8,0,0,0,0,0,0,0,0,0,0,13.4,0,49.4,0.156,0,0.013,0.145,0.022,0.013,0.007,0,0,0,0,0,0.001,0.004,0.002,0.002,0.008,0,0,0,0,0,0,0,0,0,0,0.134,0,0.494,35.6,1.7,13.4,0,37.3,50.7
"Siletz","OR Coast","Siletz",2017,44.91,7364,10.8,0,1.2,15.8,3.5,0.9,0.1,0,0,0,0,0,0.2,1.2,0,0.1,0.3,0,0,0,0,0,0,0,0,0,0,19.8,0.1,45.8,0.108,0,0.012,0.158,0.035,0.009,0.001,0,0,0,0,0,0.002,0.012,0,0.001,0.003,0,0,0,0,0,0,0,0,0,0,0.198,0.001,0.458,32.3,1.8,19.8,0.1,34.1,54
"Siletz","OR Coast","Siletz",2018,44.91,4929,26.1,0,4.2,26.8,6.7,2.1,1.4,0,0,0,0,0,0,0.4,0.6,0.5,1.1,0,0,0,0,0,0,0,0,0,0,8.8,0.1,21.3,0.261,0,0.042,0.268,0.067,0.021,0.014,0,0,0,0,0,0,0.004,0.006,0.005,0.011,0,0,0,0,0,0,0,0,0,0,0.088,0.001,0.213,67.3,2.6,8.8,0.1,69.9,78.8
"Siletz","OR Coast","Siletz",2019,44.91,3521,4.4,0,1.3,8.6,1.9,1.2,0.9,0,0,0,0,0,0,0.8,0.1,0,0.7,0,0,0,0,0,0,0,0,0,0.1,31.6,0,48.5,0.044,0,0.013,0.086,0.019,0.012,0.009,0,0,0,0,0,0,0.008,0.001,0,0.007,0,0,0,0,0,0,0,0,0,0.001,0.316,0,0.485,18.3,1.6,31.7,0,19.9,51.6
"Siletz","OR Coast","Siletz",2020,44.91,6543,15,0,0.9,5.3,0.2,1.9,0.9,0,0,0,0,0,0.5,1.2,0,0.1,1.2,0,0,0,0,0,0,0,0,0,0,11.1,0,61.7,0.15,0,0.009,0.053,0.002,0.019,0.009,0,0,0,0,0,0.005,0.012,0,0.001,0.012,0,0,0,0,0,0,0,0,0,0,0.111,0,0.617,24.2,3,11.1,0,27.2,38.3
"Siletz","OR Coast","Siletz",2021,44.91,4462,14.9,0.9,1.2,8.9,2.3,4.5,0.2,0,0,0,0,0,0.5,1.4,0.3,0.1,0.6,0,0,0,0,0,0,0,0,0,0,20.1,0,44,0.149,0.009,0.012,0.089,0.023,0.045,0.002,0,0,0,0,0,0.005,0.014,0.003,0.001,0.006,0,0,0,0,0,0,0,0,0,0,0.201,0,0.44,32.9,2.9,20.1,0,35.8,55.9
"Siletz","OR Coast","Siletz",2022,44.91,11275,14.8,0,1.7,10.7,3,2,0,0,0,0,0,0,0.2,1.1,0.5,0.3,0.5,0,0,0,0,0,0,0,0,0,0,12.7,0,52.4,0.148,0,0.017,0.107,0.03,0.02,0,0,0,0,0,0,0.002,0.011,0.005,0.003,0.005,0,0,0,0,0,0,0,0,0,0,0.127,0,0.524,32.2,2.6,12.7,0,34.8,47.5
"Siletz","OR Coast","Siletz",2023,44.91,14490,13.8,0,2.2,7.5,2.8,5,0.7,0,0,0,0,0,0.4,2,0.5,0,0.8,0,0,0.1,0,0,0,0,0,0,0,13.5,0,50.6,0.138,0,0.022,0.075,0.028,0.05,0.007,0,0,0,0,0,0.004,0.02,0.005,0,0.008,0,0,0.001,0,0,0,0,0,0,0,0.135,0,0.506,32,3.8,13.5,0,35.8,49.3
"Siletz","OR Coast","Siletz",2024,44.91,9452,,,,,,,,,,,,,,,,,,,,,,,,,,,,,,,,,,,,,,,,,,,,,,,,,,,,,,,,,,,,,0,0,0,,0,
"Siuslaw","OR Coast","Siuslaw",1979,43.97,8040,13,0,0.3,25.2,0,12.3,0,3.5,1.1,0,0,0,0.1,0,0.7,3.1,1.7,0,0,0,0,0,0,0,0,0,0,7,0,32,0.13,0,0.003,0.252,0,0.123,0,0.035,0.011,0,0,0,0.001,0,0.007,0.031,0.017,0,0,0,0,0,0,0,0,0,0,0.07,0,0.32,50.8,10.2,7,0,61,68
"Siuslaw","OR Coast","Siuslaw",1980,43.97,10630,30.7,0,0.8,10.6,0,8,0,1.1,1.3,0,0,0,0,0,0,1,0.2,0,0,0,0,0,0,0,0,0,0,4.4,0,41.9,0.307,0,0.008,0.106,0,0.08,0,0.011,0.013,0,0,0,0,0,0,0.01,0.002,0,0,0,0,0,0,0,0,0,0,0.044,0,0.419,50.1,3.6,4.4,0,53.7,58.1
"Siuslaw","OR Coast","Siuslaw",1981,43.97,8724,24.1,0,0.7,24.2,0,3.1,0,0.2,2.2,0,0,0,0.6,0.2,0,0.4,0.6,0,0,0,0,0,0,0,0,0,0,6.2,0,37.6,0.241,0,0.007,0.242,0,0.031,0,0.002,0.022,0,0,0,0.006,0.002,0,0.004,0.006,0,0,0,0,0,0,0,0,0,0,0.062,0,0.376,52.1,4.2,6.2,0,56.3,62.5
"Siuslaw","OR Coast","Siuslaw",1982,43.97,10870,10.2,1.3,0.6,12.9,0,6.5,0,0.9,0.4,0,0,0,0,0,0.7,0.8,0.1,0,0,0,0,0,0,0,0,0,0,9.9,0,55.7,0.102,0.013,0.006,0.129,0,0.065,0,0.009,0.004,0,0,0,0,0,0.007,0.008,0.001,0,0,0,0,0,0,0,0,0,0,0.099,0,0.557,31.5,2.9,9.9,0,34.4,44.3
"Siuslaw","OR Coast","Siuslaw",1983,43.97,4186,25.3,0.6,0.1,18.3,0,8.6,0,0.6,0,0,0,0,0,0,0.8,0,0,0,0,0,0,0,0,0,0,0,0,16,0,29.6,0.253,0.006,0.001,0.183,0,0.086,0,0.006,0,0,0,0,0,0,0.008,0,0,0,0,0,0,0,0,0,0,0,0,0.16,0,0.296,52.9,1.4,16,0,54.3,70.3
"Siuslaw","OR Coast","Siuslaw",1984,43.97,11168,24.2,0,0,38.8,0,6.3,0,6.7,0.8,0,0,1.6,0,0,0,0.4,0.6,0,0,0,0,0,0,0,0,0,0.4,5,0,15,0.242,0,0,0.388,0,0.063,0,0.067,0.008,0,0,0.016,0,0,0,0.004,0.006,0,0,0,0,0,0,0,0,0,0.004,0.05,0,0.15,69.3,10.1,5.4,0,79.4,84.8
"Siuslaw","OR Coast","Siuslaw",1985,43.97,14822,33.9,2.3,0,34.2,0,2.9,0,1.9,0.5,0,0,0,0,0,0,0.1,0,0,0,0,0,0,0,0,0,0,0,3.1,0,21.1,0.339,0.023,0,0.342,0,0.029,0,0.019,0.005,0,0,0,0,0,0,0.001,0,0,0,0,0,0,0,0,0,0,0,0.031,0,0.211,73.3,2.5,3.1,0,75.8,78.9
"Siuslaw","OR Coast","Siuslaw",1986,43.97,14844,26,0,0,16,0,3.7,0,4.4,0.5,0,0,0,0,0.1,0,0.2,0.4,0,0,0,0,0,0,0,0,0,0,7.1,0,41.6,0.26,0,0,0.16,0,0.037,0,0.044,0.005,0,0,0,0,0.001,0,0.002,0.004,0,0,0,0,0,0,0,0,0,0,0.071,0,0.416,45.7,5.6,7.1,0,51.3,58.4
"Siuslaw","OR Coast","Siuslaw",1987,43.97,17603,17.3,1.3,0,16.5,0,2.2,0,0.3,0,0,0,0,0,0,0.3,2.2,0.7,0,0,0,0,0,0,0,0,0,0,14.1,0.1,45,0.173,0.013,0,0.165,0,0.022,0,0.003,0,0,0,0,0,0,0.003,0.022,0.007,0,0,0,0,0,0,0,0,0,0,0.141,0.001,0.45,37.3,3.5,14.1,0.1,40.8,55
"Siuslaw","OR Coast","Siuslaw",1988,43.97,41746,13.2,0,0,9,0,4.5,0,0.8,0,0,0,0,0,0.5,0,0.4,1.3,0,0,0,0,0,0,0,0,0,0,9.5,0.1,60.7,0.132,0,0,0.09,0,0.045,0,0.008,0,0,0,0,0,0.005,0,0.004,0.013,0,0,0,0,0,0,0,0,0,0,0.095,0.001,0.607,26.7,3,9.5,0.1,29.7,39.3
"Siuslaw","OR Coast","Siuslaw",1989,43.97,28279,14.5,0,0,13.9,0,4.1,0,0,0.1,0,0,0.7,0,0,0,2.8,0.2,0,0,0.2,0,0,0,0,0,0,0,11.4,0.2,52,0.145,0,0,0.139,0,0.041,0,0,0.001,0,0,0.007,0,0,0,0.028,0.002,0,0,0.002,0,0,0,0,0,0,0,0.114,0.002,0.52,32.5,4,11.4,0.2,36.5,48.1
"Siuslaw","OR Coast","Siuslaw",1990,43.97,26799,16.6,1.8,0,12.4,1.4,7.2,0,0.2,0.5,0,0,0.2,0,1.5,0.3,1.2,1,0,0,0,0,0,0,0,0,0,0,8.1,0,47.6,0.166,0.018,0,0.124,0.014,0.072,0,0.002,0.005,0,0,0.002,0,0.015,0.003,0.012,0.01,0,0,0,0,0,0,0,0,0,0,0.081,0,0.476,39.4,4.9,8.1,0,44.3,52.4
"Siuslaw","OR Coast","Siuslaw",1991,43.97,26100,21.6,0,0.5,15.8,0.9,7,0,0.4,0.6,0,0,0,0,0.2,0,0.1,1,0,0,0.2,0,0,0,0,0,0,0,8.6,0,43,0.216,0,0.005,0.158,0.009,0.07,0,0.004,0.006,0,0,0,0,0.002,0,0.001,0.01,0,0,0.002,0,0,0,0,0,0,0,0.086,0,0.43,45.8,2.5,8.6,0,48.3,56.9
"Siuslaw","OR Coast","Siuslaw",1992,43.97,26090,4.2,2.8,0,7.5,1.7,15.1,0,0.6,0.3,0,0,0,0.2,0.1,0.2,1.8,0.2,0,0,0.2,0,0,0,0,0,0,0,8.1,0,57,0.042,0.028,0,0.075,0.017,0.151,0,0.006,0.003,0,0,0,0.002,0.001,0.002,0.018,0.002,0,0,0.002,0,0,0,0,0,0,0,0.081,0,0.57,31.3,3.6,8.1,0,34.9,43
"Siuslaw","OR Coast","Siuslaw",1993,43.97,10446,10.2,0.6,0.2,16.9,1,18.3,0,0.2,0,0,0,0.4,0,0.4,0.2,2.1,0,0,0,0,0,0,0,0,0,0,0,26.2,0,23.2,0.102,0.006,0.002,0.169,0.01,0.183,0,0.002,0,0,0,0.004,0,0.004,0.002,0.021,0,0,0,0,0,0,0,0,0,0,0,0.262,0,0.232,47.2,3.3,26.2,0,50.5,76.7
"Siuslaw","OR Coast","Siuslaw",1994,43.97,23570,13.8,0.4,0.8,14.6,1.9,4.8,0,0.2,0.1,0,0,0,0,0,0,1.2,0.6,0,0,0,0,0,0,0,0,0,0,10.5,0,51.1,0.138,0.004,0.008,0.146,0.019,0.048,0,0.002,0.001,0,0,0,0,0,0,0.012,0.006,0,0,0,0,0,0,0,0,0,0,0.105,0,0.511,36.3,2.1,10.5,0,38.4,48.9
"Siuslaw","OR Coast","Siuslaw",1995,43.97,26715,9.4,0.2,0.4,5.6,1.2,0.9,0.2,0.1,0,0,0,2.7,0,0,0,0.2,0.2,0,0,0,0.1,0,0,0,0,0,0,19.2,0,59.5,0.094,0.002,0.004,0.056,0.012,0.009,0.002,0.001,0,0,0,0.027,0,0,0,0.002,0.002,0,0,0,0.001,0,0,0,0,0,0,0.192,0,0.595,17.9,3.2,19.3,0,21.1,40.4
"Siuslaw","OR Coast","Siuslaw",1996,43.97,33051,18.2,0,0,1.3,0,0.7,0,0.1,0,0,0,0.9,0,0.3,0,3.7,0.8,0,0,0,0,0,0,0,0.1,0,0,16.3,0,57.6,0.182,0,0,0.013,0,0.007,0,0.001,0,0,0,0.009,0,0.003,0,0.037,0.008,0,0,0,0,0,0,0,0.001,0,0,0.163,0,0.576,20.2,5.8,16.4,0,26,42.4
"Siuslaw","OR Coast","Siuslaw",1997,43.97,22305,29.5,0,2.1,3.2,0.4,0.2,0,0.1,0,0,0,2,0,0,0.1,1.3,0.3,0,0,0,0,0,0,0,0,0,0,19.5,0,41.4,0.295,0,0.021,0.032,0.004,0.002,0,0.001,0,0,0,0.02,0,0,0.001,0.013,0.003,0,0,0,0,0,0,0,0,0,0,0.195,0,0.414,35.4,3.8,19.5,0,39.2,58.7
"Siuslaw","OR Coast","Siuslaw",1998,43.97,24708,9,0.6,0.4,10.4,2,0,0,0,0,0,0,0.2,0,0,0,0.1,1.3,0,0,0,0,0,0,0,0,0,0.1,27,0,48.9,0.09,0.006,0.004,0.104,0.02,0,0,0,0,0,0,0.002,0,0,0,0.001,0.013,0,0,0,0,0,0,0,0,0,0.001,0.27,0,0.489,22.4,1.6,27.1,0,24,51.1
"Siuslaw","OR Coast","Siuslaw",1999,43.97,23963,17.5,0.1,0.3,4.1,4.6,0,0,0,0,0,0,0,0,0.2,0.1,0.3,1.3,0,0,0,0,0,0,0,0,0,0,11.5,0.1,60,0.175,0.001,0.003,0.041,0.046,0,0,0,0,0,0,0,0,0.002,0.001,0.003,0.013,0,0,0,0,0,0,0,0,0,0,0.115,0.001,0.6,26.6,1.9,11.5,0.1,28.5,40.1
"Siuslaw","OR Coast","Siuslaw",2000,43.97,15730,15.7,0,0.5,3.2,1.7,0.2,0,0,0,0,0,0,0,0.1,0,0.2,1.4,0,0,0,0,0,0,0,0,0,0.1,31.3,0,45.6,0.157,0,0.005,0.032,0.017,0.002,0,0,0,0,0,0,0,0.001,0,0.002,0.014,0,0,0,0,0,0,0,0,0,0.001,0.313,0,0.456,21.3,1.7,31.4,0,23,54.4
"Siuslaw","OR Coast","Siuslaw",2001,43.97,38717,15,0,1.2,3.5,1.8,0.2,0.2,0,0,0,0,0,0,0.1,0.2,2.3,1.5,0,0,0,0,0,0,0,0,0,0.1,21.7,0.1,52.1,0.15,0,0.012,0.035,0.018,0.002,0.002,0,0,0,0,0,0,0.001,0.002,0.023,0.015,0,0,0,0,0,0,0,0,0,0.001,0.217,0.001,0.521,21.9,4.1,21.8,0.1,26,47.9
"Siuslaw","OR Coast","Siuslaw",2002,43.97,41058,20.4,0,1,7.4,2.6,0.1,0,0,0,0,0,0,0,0.1,0.2,1.2,1.9,0,0,0,0,0,0,0,0,0,0,12.3,0.1,52.6,0.204,0,0.01,0.074,0.026,0.001,0,0,0,0,0,0,0,0.001,0.002,0.012,0.019,0,0,0,0,0,0,0,0,0,0,0.123,0.001,0.526,31.5,3.4,12.3,0.1,34.9,47.3
"Siuslaw","OR Coast","Siuslaw",2003,43.97,58998,14.8,1.4,0.6,6.4,1.9,0,0.2,0,0,0,0,0,0,0,0.2,1.3,2.6,0,0,0,0,0,0,0,0,0,0,11.6,0.1,58.8,0.148,0.014,0.006,0.064,0.019,0,0.002,0,0,0,0,0,0,0,0.002,0.013,0.026,0,0,0,0,0,0,0,0,0,0,0.116,0.001,0.588,25.3,4.1,11.6,0.1,29.4,41.1
"Siuslaw","OR Coast","Siuslaw",2004,43.97,40033,19.4,1.3,0.9,7.6,4.6,2.4,0,0,0,0,0,0,0,0.4,0,0.2,0.9,0,0,0,0,0,0,0,0,0,0,11.2,0,51.1,0.194,0.013,0.009,0.076,0.046,0.024,0,0,0,0,0,0,0,0.004,0,0.002,0.009,0,0,0,0,0,0,0,0,0,0,0.112,0,0.511,36.2,1.5,11.2,0,37.7,48.9
"Siuslaw","OR Coast","Siuslaw",2005,43.97,17618,20.2,0,1.4,9.4,4.3,2.3,0.9,0,0,0,0,0,0,0.6,0.3,0.7,1.1,0.1,0,0,0,0,0,0,0,0,0,13.2,0,45.5,0.202,0,0.014,0.094,0.043,0.023,0.009,0,0,0,0,0,0,0.006,0.003,0.007,0.011,0.001,0,0,0,0,0,0,0,0,0,0.132,0,0.455,38.5,2.8,13.2,0,41.3,54.5
"Siuslaw","OR Coast","Siuslaw",2006,43.97,28082,25.9,0,2.2,11.3,8.6,1.8,4,0,0,0,0,0,0,0.1,0.2,1,3.1,0,0,0,0,0,0,0,0,0,0.2,8.1,0.2,33.3,0.259,0,0.022,0.113,0.086,0.018,0.04,0,0,0,0,0,0,0.001,0.002,0.01,0.031,0,0,0,0,0,0,0,0,0,0.002,0.081,0.002,0.333,53.8,4.4,8.3,0.2,58.2,66.7
"Siuslaw","OR Coast","Siuslaw",2007,43.97,6764,20,0,3.1,9.3,6.6,0.2,2.7,0,0,0,0,0,1,0,0.2,0,0.4,0,0,0,0,0,0,0,0,0,0,24.3,0.1,32,0.2,0,0.031,0.093,0.066,0.002,0.027,0,0,0,0,0,0.01,0,0.002,0,0.004,0,0,0,0,0,0,0,0,0,0,0.243,0.001,0.32,41.9,1.6,24.3,0.1,43.5,67.9
"Siuslaw","OR Coast","Siuslaw",2008,43.97,11119,15.3,0,2,7,5.2,0.6,1.2,0,0.3,0,0,0,2.1,0.8,0.1,0.2,0.7,0,0,0,0,0,0,0,0,0,0,14.3,0,50.2,0.153,0,0.02,0.07,0.052,0.006,0.012,0,0.003,0,0,0,0.021,0.008,0.001,0.002,0.007,0,0,0,0,0,0,0,0,0,0,0.143,0,0.502,31.3,4.2,14.3,0,35.5,49.8
"Siuslaw","OR Coast","Siuslaw",2009,43.97,14094,17.9,1,3,12.9,5.9,0.3,0.3,0,0,0,0,0,0,0.2,0.3,0,0.6,0,0,0,0,0,0,0,0,0,0.3,12.3,0,45,0.179,0.01,0.03,0.129,0.059,0.003,0.003,0,0,0,0,0,0,0.002,0.003,0,0.006,0,0,0,0,0,0,0,0,0,0.003,0.123,0,0.45,41.3,1.1,12.6,0,42.4,55
"Siuslaw","OR Coast","Siuslaw",2010,43.97,22197,12.9,0,1.6,7,1.6,0,0,0,0,0,0,0,0.2,0.4,0.3,0.2,0.4,0,0,0,0,0,0,0,0,0,0,16.8,0.1,58.4,0.129,0,0.016,0.07,0.016,0,0,0,0,0,0,0,0.002,0.004,0.003,0.002,0.004,0,0,0,0,0,0,0,0,0,0,0.168,0.001,0.584,23.1,1.5,16.8,0.1,24.6,41.5
"Siuslaw","OR Coast","Siuslaw",2011,43.97,30713,10.7,0,1.3,5.7,2.3,2.1,1.5,0,0,0,0,0,0,1.5,0.5,0.3,0.9,0,0,0,0,0,0,0,0,0,0.1,23.9,0,49.2,0.107,0,0.013,0.057,0.023,0.021,0.015,0,0,0,0,0,0,0.015,0.005,0.003,0.009,0,0,0,0,0,0,0,0,0,0.001,0.239,0,0.492,23.6,3.2,24,0,26.8,50.8
"Siuslaw","OR Coast","Siuslaw",2012,43.97,20018,17.1,0.3,1.2,9.5,3.8,1.9,1.5,0,0,0,0,0,0.1,4.1,0.4,0.1,2.8,0,0,0.1,0,0,0,0,0,0,0,11.5,0.1,45.6,0.171,0.003,0.012,0.095,0.038,0.019,0.015,0,0,0,0,0,0.001,0.041,0.004,0.001,0.028,0,0,0.001,0,0,0,0,0,0,0,0.115,0.001,0.456,35.3,7.6,11.5,0.1,42.9,54.5
"Siuslaw","OR Coast","Siuslaw",2013,43.97,23411,5.8,0.3,1.7,8.2,3.7,0.5,0.6,0,0,0,0,0,0.1,2.1,0.6,0.4,1.2,0,0,0,0,0,0,0,0,0,0,27.2,0,47.7,0.058,0.003,0.017,0.082,0.037,0.005,0.006,0,0,0,0,0,0.001,0.021,0.006,0.004,0.012,0,0,0,0,0,0,0,0,0,0,0.272,0,0.477,20.8,4.4,27.2,0,25.2,52.4
"Siuslaw","OR Coast","Siuslaw",2014,43.97,28200,9.4,0.1,1.6,5.6,2.2,1.6,0.1,0.1,0,0.1,0,0,0,1.3,0.2,0.5,0.6,0,0,0,0,0,0,0,0,0,0.2,20.5,0,55.9,0.094,0.001,0.016,0.056,0.022,0.016,0.001,0.001,0,0.001,0,0,0,0.013,0.002,0.005,0.006,0,0,0,0,0,0,0,0,0,0.002,0.205,0,0.559,20.6,2.8,20.7,0,23.4,44.1
"Siuslaw","OR Coast","Siuslaw",2015,43.97,35087,7.7,0.1,0.8,3.8,1.9,0.7,0.8,0,0,0.1,0,0,0,1.9,0.8,0.5,1.6,0,0,0,0,0,0,0,0,0,0,28.3,0.2,50.8,0.077,0.001,0.008,0.038,0.019,0.007,0.008,0,0,0.001,0,0,0,0.019,0.008,0.005,0.016,0,0,0,0,0,0,0,0,0,0,0.283,0.002,0.508,15.8,4.9,28.3,0.2,20.7,49.2
"Siuslaw","OR Coast","Siuslaw",2016,43.97,30135,15.6,0,1.3,14.5,2.2,1.3,0.7,0,0,0,0,0,0.1,0.4,0.2,0.2,0.8,0,0,0,0,0,0,0,0,0,0,23.9,0,38.8,0.156,0,0.013,0.145,0.022,0.013,0.007,0,0,0,0,0,0.001,0.004,0.002,0.002,0.008,0,0,0,0,0,0,0,0,0,0,0.239,0,0.388,35.6,1.7,23.9,0,37.3,61.2
"Siuslaw","OR Coast","Siuslaw",2017,43.97,10957,10.8,0,1.2,15.8,3.5,0.9,0.1,0,0,0,0,0,0.2,1.2,0,0.1,0.3,0,0,0,0,0,0,0,0,0,0,23.8,0.1,41.8,0.108,0,0.012,0.158,0.035,0.009,0.001,0,0,0,0,0,0.002,0.012,0,0.001,0.003,0,0,0,0,0,0,0,0,0,0,0.238,0.001,0.418,32.3,1.8,23.8,0.1,34.1,58
"Siuslaw","OR Coast","Siuslaw",2018,43.97,4481,26.1,0,4.2,26.8,6.7,2.1,1.4,0,0,0,0,0,0,0.4,0.6,0.5,1.1,0,0,0,0,0,0,0,0,0,0,13.9,0.1,16.3,0.261,0,0.042,0.268,0.067,0.021,0.014,0,0,0,0,0,0,0.004,0.006,0.005,0.011,0,0,0,0,0,0,0,0,0,0,0.139,0.001,0.163,67.3,2.6,13.9,0.1,69.9,83.9
"Siuslaw","OR Coast","Siuslaw",2019,43.97,4797,4.4,0,1.3,8.6,1.9,1.2,0.9,0,0,0,0,0,0,0.8,0.1,0,0.7,0,0,0,0,0,0,0,0,0,0.1,40.5,0,39.6,0.044,0,0.013,0.086,0.019,0.012,0.009,0,0,0,0,0,0,0.008,0.001,0,0.007,0,0,0,0,0,0,0,0,0,0.001,0.405,0,0.396,18.3,1.6,40.6,0,19.9,60.5
"Siuslaw","OR Coast","Siuslaw",2020,43.97,14384,15,0,0.9,5.3,0.2,1.9,0.9,0,0,0,0,0,0.5,1.2,0,0.1,1.2,0,0,0,0,0,0,0,0,0,0,15.9,0,56.9,0.15,0,0.009,0.053,0.002,0.019,0.009,0,0,0,0,0,0.005,0.012,0,0.001,0.012,0,0,0,0,0,0,0,0,0,0,0.159,0,0.569,24.2,3,15.9,0,27.2,43.1
"Siuslaw","OR Coast","Siuslaw",2021,43.97,5565,14.9,0.9,1.2,8.9,2.3,4.5,0.2,0,0,0,0,0,0.5,1.4,0.3,0.1,0.6,0,0,0,0,0,0,0,0,0,0,21.5,0,42.6,0.149,0.009,0.012,0.089,0.023,0.045,0.002,0,0,0,0,0,0.005,0.014,0.003,0.001,0.006,0,0,0,0,0,0,0,0,0,0,0.215,0,0.426,32.9,2.9,21.5,0,35.8,57.3
"Siuslaw","OR Coast","Siuslaw",2022,43.97,6080.8134765625,14.8,0,1.7,10.7,3,2,0,0,0,0,0,0,0.2,1.1,0.5,0.3,0.5,0,0,0,0,0,0,0,0,0,0,0,0,65.1,0.148,0,0.017,0.107,0.03,0.02,0,0,0,0,0,0,0.002,0.011,0.005,0.003,0.005,0,0,0,0,0,0,0,0,0,0,0,0,0.651,32.2,2.6,0,0,34.8,34.8
"Siuslaw","OR Coast","Siuslaw",2023,43.97,7355.27392578125,13.8,0,2.2,7.5,2.8,5,0.7,0,0,0,0,0,0.4,2,0.5,0,0.8,0,0,0.1,0,0,0,0,0,0,0,16,0,48.1,0.138,0,0.022,0.075,0.028,0.05,0.007,0,0,0,0,0,0.004,0.02,0.005,0,0.008,0,0,0.001,0,0,0,0,0,0,0,0.16,0,0.481,32,3.8,16,0,35.8,51.8
"Siuslaw","OR Coast","Siuslaw",2024,43.97,7477.44287109375,,,,,,,,,,,,,,,,,,,,,,,,,,,,,,,,,,,,,,,,,,,,,,,,,,,,,,,,,,,,,0,0,0,,0,
"Skagit Summer Fingerling","Puget Sound","SSF",1979,48.35,13306,,,,,,,,,,,,,,,,,,,,,,,,,,,,,,,,,,,,,,,,,,,,,,,,,,,,,,,,,,,,,0,0,0,,0,
"Skagit Summer Fingerling","Puget Sound","SSF",1980,48.35,20058,,,,,,,,,,,,,,,,,,,,,,,,,,,,,,,,,,,,,,,,,,,,,,,,,,,,,,,,,,,,,0,0,0,,0,
"Skagit Summer Fingerling","Puget Sound","SSF",1981,48.35,8283,,,,,,,,,,,,,,,,,,,,,,,,,,,,,,,,,,,,,,,,,,,,,,,,,,,,,,,,,,,,,0,0,0,,0,
"Skagit Summer Fingerling","Puget Sound","SSF",1982,48.35,9910,,,,,,,,,,,,,,,,,,,,,,,,,,,,,,,,,,,,,,,,,,,,,,,,,,,,,,,,,,,,,0,0,0,,0,
"Skagit Summer Fingerling","Puget Sound","SSF",1983,48.35,8723,,,,,,,,,,,,,,,,,,,,,,,,,,,,,,,,,,,,,,,,,,,,,,,,,,,,,,,,,,,,,0,0,0,,0,
"Skagit Summer Fingerling","Puget Sound","SSF",1984,48.35,12628,,,,,,,,,,,,,,,,,,,,,,,,,,,,,,,,,,,,,,,,,,,,,,,,,,,,,,,,,,,,,0,0,0,,0,
"Skagit Summer Fingerling","Puget Sound","SSF",1985,48.35,16002,,,,,,,,,,,,,,,,,,,,,,,,,,,,,,,,,,,,,,,,,,,,,,,,,,,,,,,,,,,,,0,0,0,,0,
"Skagit Summer Fingerling","Puget Sound","SSF",1986,48.35,17908,,,,,,,,,,,,,,,,,,,,,,,,,,,,,,,,,,,,,,,,,,,,,,,,,,,,,,,,,,,,,0,0,0,,0,
"Skagit Summer Fingerling","Puget Sound","SSF",1987,48.35,9409,,,,,,,,,,,,,,,,,,,,,,,,,,,,,,,,,,,,,,,,,,,,,,,,,,,,,,,,,,,,,0,0,0,,0,
"Skagit Summer Fingerling","Puget Sound","SSF",1988,48.35,11468,,,,,,,,,,,,,,,,,,,,,,,,,,,,,,,,,,,,,,,,,,,,,,,,,,,,,,,,,,,,,0,0,0,,0,
"Skagit Summer Fingerling","Puget Sound","SSF",1989,48.35,6684,,,,,,,,,,,,,,,,,,,,,,,,,,,,,,,,,,,,,,,,,,,,,,,,,,,,,,,,,,,,,0,0,0,,0,
"Skagit Summer Fingerling","Puget Sound","SSF",1990,48.35,16521,,,,,,,,,,,,,,,,,,,,,,,,,,,,,,,,,,,,,,,,,,,,,,,,,,,,,,,,,,,,,0,0,0,,0,
"Skagit Summer Fingerling","Puget Sound","SSF",1991,48.35,5824,,,,,,,,,,,,,,,,,,,,,,,,,,,,,,,,,,,,,,,,,,,,,,,,,,,,,,,,,,,,,0,0,0,,0,
"Skagit Summer Fingerling","Puget Sound","SSF",1992,48.35,7348,,,,,,,,,,,,,,,,,,,,,,,,,,,,,,,,,,,,,,,,,,,,,,,,,,,,,,,,,,,,,0,0,0,,0,
"Skagit Summer Fingerling","Puget Sound","SSF",1993,48.35,5801,,,,,,,,,,,,,,,,,,,,,,,,,,,,,,,,,,,,,,,,,,,,,,,,,,,,,,,,,,,,,0,0,0,,0,
"Skagit Summer Fingerling","Puget Sound","SSF",1994,48.35,5561,,,,,,,,,,,,,,,,,,,,,,,,,,,,,,,,,,,,,,,,,,,,,,,,,,,,,,,,,,,,,0,0,0,,0,
"Skagit Summer Fingerling","Puget Sound","SSF",1995,48.35,6892,,,,,,,,,,,,,,,,,,,,,,,,,,,,,,,,,,,,,,,,,,,,,,,,,,,,,,,,,,,,,0,0,0,,0,
"Skagit Summer Fingerling","Puget Sound","SSF",1996,48.35,10613,6.5,0,0,0,0,7.2,9.5,0.1,37.4,0,0,0.3,10.2,0,0,0,0,0,0,12.5,0,0,0,0,0,0,0,0,0,16.4,0.065,0,0,0,0,0.072,0.095,0.001,0.374,0,0,0.003,0.102,0,0,0,0,0,0,0.125,0,0,0,0,0,0,0,0,0,0.164,23.2,60.5,0,0,83.7,83.7
"Skagit Summer Fingerling","Puget Sound","SSF",1997,48.35,4872,14.9,0,0,0,0,2.1,9.4,0,0.2,0,0,9.1,4.9,0,0,0,0,0,0,23.7,0,0,0,0,0,0,17.8,0,8.9,8.9,0.149,0,0,0,0,0.021,0.094,0,0.002,0,0,0.091,0.049,0,0,0,0,0,0,0.237,0,0,0,0,0,0,0.178,0,0.089,0.089,26.4,37.9,17.8,8.9,64.3,91
"Skagit Summer Fingerling","Puget Sound","SSF",1998,48.35,14609,4.3,0,0,0,0,2,3.8,0,0,0,0,0.1,6,0,0,0,0,0,0,1.5,0,0,0,0,0,0,0,0,0,82.3,0.043,0,0,0,0,0.02,0.038,0,0,0,0,0.001,0.06,0,0,0,0,0,0,0.015,0,0,0,0,0,0,0,0,0,0.823,10.1,7.6,0,0,17.7,17.7
"Skagit Summer Fingerling","Puget Sound","SSF",1999,48.35,4924,10.8,0.7,0,0,0,0,21.8,0,0,0,0,0,8,0,0,0,0,0,0,0,0,0,0,0,0,0,1.1,0,0,57.6,0.108,0.007,0,0,0,0,0.218,0,0,0,0,0,0.08,0,0,0,0,0,0,0,0,0,0,0,0,0,0.011,0,0,0.576,33.3,8,1.1,0,41.3,42.4
"Skagit Summer Fingerling","Puget Sound","SSF",2000,48.35,16930,10.2,0.9,0,0,0,3.1,8.2,0,0,0,0,0,7.4,0,0,0,0,0,1.9,12.1,0,0,0,0,0,0,0,0,0.4,55.8,0.102,0.009,0,0,0,0.031,0.082,0,0,0,0,0,0.074,0,0,0,0,0,0.019,0.121,0,0,0,0,0,0,0,0,0.004,0.558,22.4,21.4,0,0.4,43.8,44.2
"Skagit Summer Fingerling","Puget Sound","SSF",2001,48.35,13793,9.6,2.6,1.3,0,0,8.8,5.6,0,0,0.5,0,0,10.4,0.2,0,0,0,0,0,2.2,0,0,0,0,0,0,0.8,0,1.9,56.2,0.096,0.026,0.013,0,0,0.088,0.056,0,0,0.005,0,0,0.104,0.002,0,0,0,0,0,0.022,0,0,0,0,0,0,0.008,0,0.019,0.562,27.9,13.3,0.8,1.9,41.2,43.9
"Skagit Summer Fingerling","Puget Sound","SSF",2002,48.35,19591,13.3,0,0.6,1.5,0.5,5.9,1.8,0,0.1,0.4,0,2.4,4.5,0.1,0,0,0,0,0.2,0,0,0,0,0,0,0,0.7,0,3.8,64.1,0.133,0,0.006,0.015,0.005,0.059,0.018,0,0.001,0.004,0,0.024,0.045,0.001,0,0,0,0,0.002,0,0,0,0,0,0,0,0.007,0,0.038,0.641,23.6,7.7,0.7,3.8,31.3,35.8
"Skagit Summer Fingerling","Puget Sound","SSF",2003,48.35,9777,7.2,0.2,0,4.6,1.4,10.5,4,0,0,0,0,0.2,8.8,0.3,0.4,0,0,0,0.5,0.4,0,0,0,0,0,0,0.2,0,0,61.2,0.072,0.002,0,0.046,0.014,0.105,0.04,0,0,0,0,0.002,0.088,0.003,0.004,0,0,0,0.005,0.004,0,0,0,0,0,0,0.002,0,0,0.612,27.9,10.6,0.2,0,38.5,38.7
"Skagit Summer Fingerling","Puget Sound","SSF",2004,48.35,23553,5.6,0,0,2.9,0,11.4,1.3,0,0,0,0,0,2.9,0.9,0,0,0,0,1,0.6,0,0,0,0,0,0,0.2,0,10,63.3,0.056,0,0,0.029,0,0.114,0.013,0,0,0,0,0,0.029,0.009,0,0,0,0,0.01,0.006,0,0,0,0,0,0,0.002,0,0.1,0.633,21.2,5.4,0.2,10,26.6,36.8
"Skagit Summer Fingerling","Puget Sound","SSF",2005,48.35,20803,7.4,0.3,0.6,1.4,0.6,6.2,8.6,0,0.3,0,0,0,14.5,0,0,0,0,0,0.1,0.5,0,0,0,0,0,0,3.1,0,0.5,55.8,0.074,0.003,0.006,0.014,0.006,0.062,0.086,0,0.003,0,0,0,0.145,0,0,0,0,0,0.001,0.005,0,0,0,0,0,0,0.031,0,0.005,0.558,25.1,15.4,3.1,0.5,40.5,44.1
"Skagit Summer Fingerling","Puget Sound","SSF",2006,48.35,20768,3.3,1.8,0.2,0.6,1.1,3.7,6.3,0,0.2,0,0,0,10.5,0.4,0,0,0,0,0.2,0.2,0,0,0,0,0,0,2.7,0,0.6,68.1,0.033,0.018,0.002,0.006,0.011,0.037,0.063,0,0.002,0,0,0,0.105,0.004,0,0,0,0,0.002,0.002,0,0,0,0,0,0,0.027,0,0.006,0.681,17,11.5,2.7,0.6,28.5,31.8
"Skagit Summer Fingerling","Puget Sound","SSF",2007,48.35,11281,5.8,0.8,0.2,1.1,0.3,8,3.5,0,0.1,0.3,0,0,9.7,0.9,0,0,0,0,0.2,0.4,0,0,0,0,0,0,2.5,0,0.7,65.6,0.058,0.008,0.002,0.011,0.003,0.08,0.035,0,0.001,0.003,0,0,0.097,0.009,0,0,0,0,0.002,0.004,0,0,0,0,0,0,0.025,0,0.007,0.656,19.7,11.6,2.5,0.7,31.3,34.5
"Skagit Summer Fingerling","Puget Sound","SSF",2008,48.35,11664,4.9,0,0,1.3,1,4.7,6.8,0,0,1.2,0,0,11.5,0,0,0,0,0,0,0.7,0,0,0,0,0,0,16,0,1.4,50.4,0.049,0,0,0.013,0.01,0.047,0.068,0,0,0.012,0,0,0.115,0,0,0,0,0,0,0.007,0,0,0,0,0,0,0.16,0,0.014,0.504,18.7,13.4,16,1.4,32.1,49.5
"Skagit Summer Fingerling","Puget Sound","SSF",2009,48.35,6979,6.8,0.8,1.2,1.5,0,3.3,7.7,0,0,1.8,0,0,13.7,0.2,0,0,0,0,0.1,1.6,0,0,0,0,0,0,30.6,0,1.1,29.5,0.068,0.008,0.012,0.015,0,0.033,0.077,0,0,0.018,0,0,0.137,0.002,0,0,0,0,0.001,0.016,0,0,0,0,0,0,0.306,0,0.011,0.295,21.3,17.4,30.6,1.1,38.7,70.4
"Skagit Summer Fingerling","Puget Sound","SSF",2010,48.35,8017,8.2,0.7,0.2,1.4,0,4.2,6.2,0,0.5,6,0,0,4,0.6,0,0,0,0,0.3,1.6,0,0,0,0,0,0,6.8,0.1,3.6,55.5,0.082,0.007,0.002,0.014,0,0.042,0.062,0,0.005,0.06,0,0,0.04,0.006,0,0,0,0,0.003,0.016,0,0,0,0,0,0,0.068,0.001,0.036,0.555,20.9,13,6.9,3.6,33.9,44.4
"Skagit Summer Fingerling","Puget Sound","SSF",2011,48.35,5510,4.8,0,0.8,0,0,5.9,7.6,0,0,2,0,0,12.9,1.1,0,0,0,0,0.4,2.4,0,0,0,0,0,0,17,0,1.9,43.2,0.048,0,0.008,0,0,0.059,0.076,0,0,0.02,0,0,0.129,0.011,0,0,0,0,0.004,0.024,0,0,0,0,0,0,0.17,0,0.019,0.432,19.1,18.8,17,1.9,37.9,56.8
"Skagit Summer Fingerling","Puget Sound","SSF",2012,48.35,13817,8.2,1.5,0,1.7,0.6,2.9,9.2,0,0,0,0,0,3,0,0.2,0,0,0,0,0.4,0,0,0,0,0,0,2.6,0,2.8,67,0.082,0.015,0,0.017,0.006,0.029,0.092,0,0,0,0,0,0.03,0,0.002,0,0,0,0,0.004,0,0,0,0,0,0,0.026,0,0.028,0.67,24.1,3.6,2.6,2.8,27.7,33.1
"Skagit Summer Fingerling","Puget Sound","SSF",2013,48.35,10882,4.4,1.9,0,2.1,0,0.9,8,0,0,1.8,0,0,12.7,1,0,0,0,0,0,1.5,0,0,0,0,0,0,14.4,0,5.6,45.8,0.044,0.019,0,0.021,0,0.009,0.08,0,0,0.018,0,0,0.127,0.01,0,0,0,0,0,0.015,0,0,0,0,0,0,0.144,0,0.056,0.458,17.3,17,14.4,5.6,34.3,54.3
"Skagit Summer Fingerling","Puget Sound","SSF",2014,48.35,10480,17.1,2.1,0,0,0,7.4,2.4,0,0,2.7,0,0,12.4,0.9,0,0,0,0,0,2.7,0,0,0,0,0,0,6.7,0,4.2,41.2,0.171,0.021,0,0,0,0.074,0.024,0,0,0.027,0,0,0.124,0.009,0,0,0,0,0,0.027,0,0,0,0,0,0,0.067,0,0.042,0.412,29,18.7,6.7,4.2,47.7,58.6
"Skagit Summer Fingerling","Puget Sound","SSF",2015,48.35,13076,13.2,0.3,1,1,1.7,1.2,8.8,0,0,3.3,0,0,12.4,1.7,0,0,0,0,0.7,2.2,0,0,0,0,0,0,2.1,0,0,50.3,0.132,0.003,0.01,0.01,0.017,0.012,0.088,0,0,0.033,0,0,0.124,0.017,0,0,0,0,0.007,0.022,0,0,0,0,0,0,0.021,0,0,0.503,27.2,20.3,2.1,0,47.5,49.6
"Skagit Summer Fingerling","Puget Sound","SSF",2016,48.35,19290,7.7,1.3,0,0.5,2.5,2.9,4.9,0,0,3.8,0,0,23.9,0.9,1,0,0,0,0,2.5,0,0,0,0,0,0,3.3,0,3.7,40.9,0.077,0.013,0,0.005,0.025,0.029,0.049,0,0,0.038,0,0,0.239,0.009,0.01,0,0,0,0,0.025,0,0,0,0,0,0,0.033,0,0.037,0.409,19.8,32.1,3.3,3.7,51.9,58.9
"Skagit Summer Fingerling","Puget Sound","SSF",2017,48.35,12579,5.2,1.9,1,0.5,2,6.2,20,0,0,6.9,0,0,18.7,0.5,0.7,0,0,0,1.4,2,0,0,0,0,0,0,3.3,0,0.1,29.6,0.052,0.019,0.01,0.005,0.02,0.062,0.2,0,0,0.069,0,0,0.187,0.005,0.007,0,0,0,0.014,0.02,0,0,0,0,0,0,0.033,0,0.001,0.296,36.8,30.2,3.3,0.1,67,70.4
"Skagit Summer Fingerling","Puget Sound","SSF",2018,48.35,10903,4.6,1,0.4,1.4,0,2.3,13.2,0,0,1.4,0,0,16.9,1.2,0,0,0,0,0.3,2.8,0,0,0,0,0,0,2.2,0,0.8,51.6,0.046,0.01,0.004,0.014,0,0.023,0.132,0,0,0.014,0,0,0.169,0.012,0,0,0,0,0.003,0.028,0,0,0,0,0,0,0.022,0,0.008,0.516,22.9,22.6,2.2,0.8,45.5,48.5
"Skagit Summer Fingerling","Puget Sound","SSF",2019,48.35,11810,1.1,0.2,0,0.3,0.7,0,11.1,0,0,2.2,0,0.2,2.2,0.4,0.3,0,0,0,0.2,3.3,0,0,0,0,0,0,4.5,0,1.4,71.8,0.011,0.002,0,0.003,0.007,0,0.111,0,0,0.022,0,0.002,0.022,0.004,0.003,0,0,0,0.002,0.033,0,0,0,0,0,0,0.045,0,0.014,0.718,13.4,8.8,4.5,1.4,22.2,28.1
"Skagit Summer Fingerling","Puget Sound","SSF",2020,48.35,10865,4.4,1.8,0,0,0,0.6,0,0,0,1.2,0,0.2,6.6,0,0.6,0,0,0,0,0,0,0,0,0,0,0,5.4,0,0,79.2,0.044,0.018,0,0,0,0.006,0,0,0,0.012,0,0.002,0.066,0,0.006,0,0,0,0,0,0,0,0,0,0,0,0.054,0,0,0.792,6.8,8.6,5.4,0,15.4,20.8
"Skagit Summer Fingerling","Puget Sound","SSF",2021,48.35,9177,3.6,1.8,0.3,0,0,2,10.2,0,0,0,0,0,4,0.3,0,0.1,0,0,0.1,1.6,0,0,0,0,0,0,3.8,0,11,61.2,0.036,0.018,0.003,0,0,0.02,0.102,0,0,0,0,0,0.04,0.003,0,0.001,0,0,0.001,0.016,0,0,0,0,0,0,0.038,0,0.11,0.612,17.9,6.1,3.8,11,24,38.8
"Skagit Summer Fingerling","Puget Sound","SSF",2022,48.35,17323,2.6,0.8,0.5,0.7,0,0.7,10.1,0,0,1.8,0,0,3,0.2,0,0,0,0,0.2,0.9,0,0,0,0,0,0,12.8,0,0.3,65.3,0.026,0.008,0.005,0.007,0,0.007,0.101,0,0,0.018,0,0,0.03,0.002,0,0,0,0,0.002,0.009,0,0,0,0,0,0,0.128,0,0.003,0.653,15.4,6.1,12.8,0.3,21.5,34.6
"Skagit Summer Fingerling","Puget Sound","SSF",2023,48.35,11788,3.7,2.2,1.1,0,0,0.7,3.4,0,0,1.3,0,0,20.9,0,0.2,0,0,0,0.6,4,0,0,0,0,0,0,1.5,0,0.1,60.3,0.037,0.022,0.011,0,0,0.007,0.034,0,0,0.013,0,0,0.209,0,0.002,0,0,0,0.006,0.04,0,0,0,0,0,0,0.015,0,0.001,0.603,11.1,27,1.5,0.1,38.1,39.7
"Skagit Summer Fingerling","Puget Sound","SSF",2024,48.35,9386,,,,,,,,,,,,,,,,,,,,,,,,,,,,,,,,,,,,,,,,,,,,,,,,,,,,,,,,,,,,,0,0,0,,0,
"Stikine River","Transboundary","STI",1979,56.6,12610,,,,,,,,,,,,,,,,,,,,,,,,,,,,,,,,,,,,,,,,,,,,,,,,,,,,,,,,,,,,,0,0,0,,0,
"Stikine River","Transboundary","STI",1980,56.6,30573,,,,,,,,,,,,,,,,,,,,,,,,,,,,,,,,,,,,,,,,,,,,,,,,,,,,,,,,,,,,,0,0,0,,0,
"Stikine River","Transboundary","STI",1981,56.6,36057,,,,,,,,,,,,,,,,,,,,,,,,,,,,,,,,,,,,,,,,,,,,,,,,,,,,,,,,,,,,,0,0,0,,0,
"Stikine River","Transboundary","STI",1982,56.6,40488,,,,,,,,,,,,,,,,,,,,,,,,,,,,,,,,,,,,,,,,,,,,,,,,,,,,,,,,,,,,,0,0,0,,0,
"Stikine River","Transboundary","STI",1983,56.6,6424,,,,,,,,,,,,,,,,,,,,,,,,,,,,,,,,,,,,,,,,,,,,,,,,,,,,,,,,,,,,,0,0,0,,0,
"Stikine River","Transboundary","STI",1984,56.6,13995,,,,,,,,,,,,,,,,,,,,,,,,,,,,,,,,,,,,,,,,,,,,,,,,,,,,,,,,,,,,,0,0,0,,0,
"Stikine River","Transboundary","STI",1985,56.6,16037,,,,,,,,,,,,,,,,,,,,,,,,,,,,,,,,,,,,,,,,,,,,,,,,,,,,,,,,,,,,,0,0,0,,0,
"Stikine River","Transboundary","STI",1986,56.6,14889,,,,,,,,,,,,,,,,,,,,,,,,,,,,,,,,,,,,,,,,,,,,,,,,,,,,,,,,,,,,,0,0,0,,0,
"Stikine River","Transboundary","STI",1987,56.6,24632,,,,,,,,,,,,,,,,,,,,,,,,,,,,,,,,,,,,,,,,,,,,,,,,,,,,,,,,,,,,,0,0,0,,0,
"Stikine River","Transboundary","STI",1988,56.6,37554,,,,,,,,,,,,,,,,,,,,,,,,,,,,,,,,,,,,,,,,,,,,,,,,,,,,,,,,,,,,,0,0,0,,0,
"Stikine River","Transboundary","STI",1989,56.6,24282,,,,,,,,,,,,,,,,,,,,,,,,,,,,,,,,,,,,,,,,,,,,,,,,,,,,,,,,,,,,,0,0,0,,0,
"Stikine River","Transboundary","STI",1990,56.6,22619,,,,,,,,,,,,,,,,,,,,,,,,,,,,,,,,,,,,,,,,,,,,,,,,,,,,,,,,,,,,,0,0,0,,0,
"Stikine River","Transboundary","STI",1991,56.6,23206,,,,,,,,,,,,,,,,,,,,,,,,,,,,,,,,,,,,,,,,,,,,,,,,,,,,,,,,,,,,,0,0,0,,0,
"Stikine River","Transboundary","STI",1992,56.6,34129,,,,,,,,,,,,,,,,,,,,,,,,,,,,,,,,,,,,,,,,,,,,,,,,,,,,,,,,,,,,,0,0,0,,0,
"Stikine River","Transboundary","STI",1993,56.6,58962,,,,,,,,,,,,,,,,,,,,,,,,,,,,,,,,,,,,,,,,,,,,,,,,,,,,,,,,,,,,,0,0,0,,0,
"Stikine River","Transboundary","STI",1994,56.6,33094,,,,,,,,,,,,,,,,,,,,,,,,,,,,,,,,,,,,,,,,,,,,,,,,,,,,,,,,,,,,,0,0,0,,0,
"Stikine River","Transboundary","STI",1995,56.6,16784,,,,,,,,,,,,,,,,,,,,,,,,,,,,,,,,,,,,,,,,,,,,,,,,,,,,,,,,,,,,,0,0,0,,0,
"Stikine River","Transboundary","STI",1996,56.6,28949,,,,,,,,,,,,,,,,,,,,,,,,,,,,,,,,,,,,,,,,,,,,,,,,,,,,,,,,,,,,,0,0,0,,0,
"Stikine River","Transboundary","STI",1997,56.6,26996,,,,,,,,,,,,,,,,,,,,,,,,,,,,,,,,,,,,,,,,,,,,,,,,,,,,,,,,,,,,,0,0,0,,0,
"Stikine River","Transboundary","STI",1998,56.6,25968,,,,,,,,,,,,,,,,,,,,,,,,,,,,,,,,,,,,,,,,,,,,,,,,,,,,,,,,,,,,,0,0,0,,0,
"Stikine River","Transboundary","STI",1999,56.6,19947,,,,,,,,,,,,,,,,,,,,,,,,,,,,,,,,,,,,,,,,,,,,,,,,,,,,,,,,,,,,,0,0,0,,0,
"Stikine River","Transboundary","STI",2000,56.6,27531,,,,,,,,,,,,,,,,,,,,,,,,,,,,,,,,,,,,,,,,,,,,,,,,,,,,,,,,,,,,,0,0,0,,0,
"Stikine River","Transboundary","STI",2001,56.6,63523,12.6,0,1,11.6,10.8,0,0,0,0,0,0,0,0,0,0,0,0,0,0,0,0.2,0,0.1,18.2,0,0,0,0,0,45.4,0.126,0,0.01,0.116,0.108,0,0,0,0,0,0,0,0,0,0,0,0,0,0,0,0.002,0,0.001,0.182,0,0,0,0,0,0.454,36,0,18.5,0,36,54.5
"Stikine River","Transboundary","STI",2002,56.6,50875,7.3,0,0.6,5.3,0,0,0,0,0,0,0,0,0,0,0,0,0,0,0,0,0.3,0.3,0.1,7.8,0,0,0,0,0,78.2,0.073,0,0.006,0.053,0,0,0,0,0,0,0,0,0,0,0,0,0,0,0,0,0.003,0.003,0.001,0.078,0,0,0,0,0,0.782,13.2,0,8.5,0,13.2,21.7
"Stikine River","Transboundary","STI",2003,56.6,46824,6.3,0.3,1.5,12.2,0,0,0,0,0,0,0,0,0,0,0,0,0,0,0,0,1.2,0.9,0.7,4.6,0,0,0,0,0,72.2,0.063,0.003,0.015,0.122,0,0,0,0,0,0,0,0,0,0,0,0,0,0,0,0,0.012,0.009,0.007,0.046,0,0,0,0,0,0.722,20.3,0,7.4,0,20.3,27.7
"Stikine River","Transboundary","STI",2004,56.6,48900,9.3,0,0,0,5.8,0,0,0,0,0,0,0,0,0,0,0,0,0,0,0,1.8,2.3,3.5,10.1,0,0,0,0,0,67.2,0.093,0,0,0,0.058,0,0,0,0,0,0,0,0,0,0,0,0,0,0,0,0.018,0.023,0.035,0.101,0,0,0,0,0,0.672,15.1,0,17.7,0,15.1,32.8
"Stikine River","Transboundary","STI",2005,56.6,39833,9.2,1.9,2,0,0,0,0,0,0,0,0,0,0,0,0,0,0,0,0,0,4.8,19.1,7.5,19.4,0,0,0,0,0,36.1,0.092,0.019,0.02,0,0,0,0,0,0,0,0,0,0,0,0,0,0,0,0,0,0.048,0.191,0.075,0.194,0,0,0,0,0,0.361,13.1,0,50.8,0,13.1,63.9
"Stikine River","Transboundary","STI",2006,56.6,24405,9.2,2.3,2.1,0,0,0,0,0,0,0,0,0,0,0,0,0,0,0,0,0,2.2,26.1,6.7,21.8,0,0,0,0,0,29.5,0.092,0.023,0.021,0,0,0,0,0,0,0,0,0,0,0,0,0,0,0,0,0,0.022,0.261,0.067,0.218,0,0,0,0,0,0.295,13.6,0,56.8,0,13.6,70.4
"Stikine River","Transboundary","STI",2007,56.6,14560,9.6,0,0.3,0,0,0,0,0,0,0,0,0,0,0,0,0,0,0,0,0,2.6,15,8.3,28,0,0,0,0,0,36.2,0.096,0,0.003,0,0,0,0,0,0,0,0,0,0,0,0,0,0,0,0,0,0.026,0.15,0.083,0.28,0,0,0,0,0,0.362,9.9,0,53.9,0,9.9,63.8
"Stikine River","Transboundary","STI",2008,56.6,18352,4.2,0,0.3,0,0,0,0,0,0,0,0,0,0,0,0,0,0,0,0,0,2.7,16.9,8.8,20.8,0,0,0,0,0,46.3,0.042,0,0.003,0,0,0,0,0,0,0,0,0,0,0,0,0,0,0,0,0,0.027,0.169,0.088,0.208,0,0,0,0,0,0.463,4.5,0,49.2,0,4.5,53.7
"Stikine River","Transboundary","STI",2009,56.6,12972,12.6,3.7,0.6,0,0,0,0,0,0,0,0,0,0,0,0,0,0,0,0,0,0,13.2,3,11.2,0,0,0,0,0,55.7,0.126,0.037,0.006,0,0,0,0,0,0,0,0,0,0,0,0,0,0,0,0,0,0,0.132,0.03,0.112,0,0,0,0,0,0.557,16.9,0,27.4,0,16.9,44.3
"Stikine River","Transboundary","STI",2010,56.6,15148,12.8,3.1,0,0,0,0,0,0,0,0,0,0,0,0,0,0,0,0,0,0,2,2.7,3.8,15,0,0,0,0,0,60.4,0.128,0.031,0,0,0,0,0,0,0,0,0,0,0,0,0,0,0,0,0,0,0.02,0.027,0.038,0.15,0,0,0,0,0,0.604,15.9,0,23.5,0,15.9,39.4
"Stikine River","Transboundary","STI",2011,56.6,14511,5.2,5.7,4.3,0,0.4,0,0,0,0,0,0,0,0,0,0,0,0,0,0,0,0.6,8.1,0.8,11.9,0,0,0,0,0,63.1,0.052,0.057,0.043,0,0.004,0,0,0,0,0,0,0,0,0,0,0,0,0,0,0,0.006,0.081,0.008,0.119,0,0,0,0,0,0.631,15.6,0,21.4,0,15.6,37
"Stikine River","Transboundary","STI",2012,56.6,22332,8.7,3.2,0.2,0,0,0,0,0,0,0,0,0,0,0,0,0,0,0,0,0,0,3.1,1.7,15.7,0,0,0,0,0.2,67.4,0.087,0.032,0.002,0,0,0,0,0,0,0,0,0,0,0,0,0,0,0,0,0,0,0.031,0.017,0.157,0,0,0,0,0.002,0.674,12.1,0,20.5,0.2,12.1,32.8
"Stikine River","Transboundary","STI",2013,56.6,16784,4.1,3.6,1.9,0,0,0,0,0,0,0.7,0,0,0,0,0,0,0,0,0,0,0.2,1.7,1.1,11.8,0,0,0,0,0,74.8,0.041,0.036,0.019,0,0,0,0,0,0,0.007,0,0,0,0,0,0,0,0,0,0,0.002,0.017,0.011,0.118,0,0,0,0,0,0.748,9.6,0.7,14.8,0,10.3,25.1
"Stikine River","Transboundary","STI",2014,56.6,24374,3.8,3.6,0,0,0.7,0,0,0,0,0,0,0,0,0,0,0,0,0,0,0,0.8,3.6,1.3,9.3,0,0,0,0,0,76.9,0.038,0.036,0,0,0.007,0,0,0,0,0,0,0,0,0,0,0,0,0,0,0,0.008,0.036,0.013,0.093,0,0,0,0,0,0.769,8.1,0,15,0,8.1,23.1
"Stikine River","Transboundary","STI",2015,56.6,21597,3.8,1.4,1.3,0,0,0,0,0,0,0,0,0,0,0,0,0,0,0,0,0,0.3,1.9,0,17,0,0,0,0,0,74.3,0.038,0.014,0.013,0,0,0,0,0,0,0,0,0,0,0,0,0,0,0,0,0,0.003,0.019,0,0.17,0,0,0,0,0,0.743,6.5,0,19.2,0,6.5,25.7
"Stikine River","Transboundary","STI",2016,56.6,10554,3.5,0.2,1.4,0,0,0,0,0,0,0,0,0,0,0,0,0,0,0,0,0,0.3,0.5,3.5,14.3,0,0,0,0,0,76.3,0.035,0.002,0.014,0,0,0,0,0,0,0,0,0,0,0,0,0,0,0,0,0,0.003,0.005,0.035,0.143,0,0,0,0,0,0.763,5.1,0,18.6,0,5.1,23.7
"Stikine River","Transboundary","STI",2017,56.6,7335,5.8,0.7,3.2,0,0,0,0,0,0,0,0,0,0,0,0,0,0,0,0,0,0,0,0,14.8,0,0,0,0,0,75.5,0.058,0.007,0.032,0,0,0,0,0,0,0,0,0,0,0,0,0,0,0,0,0,0,0,0,0.148,0,0,0,0,0,0.755,9.7,0,14.8,0,9.7,24.5
"Stikine River","Transboundary","STI",2018,56.6,8603,0.7,0,0,0,0,0,0,0,0,0,0,0,0,0,0,0,0,0,0,0,0,0.6,0,6.7,0,0,0,0,0,91.9,0.007,0,0,0,0,0,0,0,0,0,0,0,0,0,0,0,0,0,0,0,0,0.006,0,0.067,0,0,0,0,0,0.919,0.7,0,7.3,0,0.7,8
"Stikine River","Transboundary","STI",2019,56.6,13817,4.7,2,0,0,0,0,0,0,0,0,0,0,0,0,0,0,0,0,0,0,0,0,0,2.9,0,0,0,0,0,90.4,0.047,0.02,0,0,0,0,0,0,0,0,0,0,0,0,0,0,0,0,0,0,0,0,0,0.029,0,0,0,0,0,0.904,6.7,0,2.9,0,6.7,9.6
"Stikine River","Transboundary","STI",2020,56.6,9753,1.8,1.1,0,0,0,0,0,0,0,0,0,0,0,0,0,0,0,0,0,0,0,0,0,13.9,0,0,0,0,0,83.2,0.018,0.011,0,0,0,0,0,0,0,0,0,0,0,0,0,0,0,0,0,0,0,0,0,0.139,0,0,0,0,0,0.832,2.9,0,13.9,0,2.9,16.8
"Stikine River","Transboundary","STI",2021,56.6,8376,6.3,8.6,0,0,0,0,0,0,0,0,0,0,0,0,0,0,0,0,0,0,0,0,0,6.7,0,0,0,0,0,78.3,0.063,0.086,0,0,0,0,0,0,0,0,0,0,0,0,0,0,0,0,0,0,0,0,0,0.067,0,0,0,0,0,0.783,14.9,0,6.7,0,14.9,21.6
"Stikine River","Transboundary","STI",2022,56.6,9090,11.5,1.2,0.4,0,0,0,0,0,0,0,0,0,0,0,0,0,0,0,0,0,0,0,0,3.3,0,0,0,0,0,83.6,0.115,0.012,0.004,0,0,0,0,0,0,0,0,0,0,0,0,0,0,0,0,0,0,0,0,0.033,0,0,0,0,0,0.836,13.1,0,3.3,0,13.1,16.4
"Stikine River","Transboundary","STI",2023,56.6,12795,3.2,0,0,0,0,0,0,0,0,0,0,0,0,0,0,0,0,0,0,0,0,1.6,5.8,0,0,0,0,0,0,89.4,0.032,0,0,0,0,0,0,0,0,0,0,0,0,0,0,0,0,0,0,0,0,0.016,0.058,0,0,0,0,0,0,0.894,3.2,0,7.4,0,3.2,10.6
"Stikine River","Transboundary","STI",2024,56.6,9835,5,0,2.4,1.2,0,0,0,0,0,0,0,0,0,0,0,0,0,0,0,0,0.3,0,0,0,0,0,0,0,0,91,0.05,0,0.024,0.012,0,0,0,0,0,0,0,0,0,0,0,0,0,0,0,0,0.003,0,0,0,0,0,0,0,0,0.91,8.6,0,0.3,0,8.6,8.9
"Columbia River Summers","Columbia R.","SUM",1979,46.7,18797,14,0,1.1,7.9,0,17.1,0,3.5,7.8,1.3,2.4,1.6,4.7,0.2,2.3,0,1.7,0,0,0,0,0,0,0,0,0,3.8,0,3.2,27.5,0.14,0,0.011,0.079,0,0.171,0,0.035,0.078,0.013,0.024,0.016,0.047,0.002,0.023,0,0.017,0,0,0,0,0,0,0,0,0,0.038,0,0.032,0.275,40.1,25.5,3.8,3.2,65.6,72.6
"Columbia River Summers","Columbia R.","SUM",1980,46.7,13854,31.9,0,0.8,8.5,0,16.3,0,3.8,1.3,0,0,0,0,1.6,0,0,0,0,0,0,0,0,0,0,0,0,0.6,0,1.7,33.5,0.319,0,0.008,0.085,0,0.163,0,0.038,0.013,0,0,0,0,0.016,0,0,0,0,0,0,0,0,0,0,0,0,0.006,0,0.017,0.335,57.5,6.7,0.6,1.7,64.2,66.5
"Columbia River Summers","Columbia R.","SUM",1981,46.7,8639,8.6,0,0.1,0.9,0,9.7,0,5.9,0,7.6,1.2,1,0,0,0.9,0.4,0,0,0.3,0,0,0,0,0,0,0,0.9,0,6.7,55.6,0.086,0,0.001,0.009,0,0.097,0,0.059,0,0.076,0.012,0.01,0,0,0.009,0.004,0,0,0.003,0,0,0,0,0,0,0,0.009,0,0.067,0.556,19.3,17.3,0.9,6.7,36.6,44.2
"Columbia River Summers","Columbia R.","SUM",1982,46.7,6587,8.8,0,0.1,32.7,0,0.1,0,0,0,0,0,5.7,0,0,0,0,0,0,0,0,0,0,0,0,0,0,0,0,12,40.5,0.088,0,0.001,0.327,0,0.001,0,0,0,0,0,0.057,0,0,0,0,0,0,0,0,0,0,0,0,0,0,0,0,0.12,0.405,41.7,5.7,0,12,47.4,59.4
"Columbia River Summers","Columbia R.","SUM",1983,46.7,6334,,,,,,,,,,,,,,,,,,,,,,,,,,,,,,,,,,,,,,,,,,,,,,,,,,,,,,,,,,,,,0,0,0,,0,
"Columbia River Summers","Columbia R.","SUM",1984,46.7,13984,,,,,,,,,,,,,,,,,,,,,,,,,,,,,,,,,,,,,,,,,,,,,,,,,,,,,,,,,,,,,0,0,0,,0,
"Columbia River Summers","Columbia R.","SUM",1985,46.7,14505,7.9,0,0,3.8,5.2,8.4,0,7.7,3.9,0,0,0,0,13.8,1.7,6.3,0,0,0,0,0,0,0,0,0,0,0,41.3,0,0,0.079,0,0,0.038,0.052,0.084,0,0.077,0.039,0,0,0,0,0.138,0.017,0.063,0,0,0,0,0,0,0,0,0,0,0,0.413,0,0,25.3,33.4,41.3,0,58.7,100
"Columbia River Summers","Columbia R.","SUM",1986,46.7,14850,2.8,0,1,3.6,0,6.5,0,12.7,11.4,0,0,0,0.9,3.1,8.1,0.8,0,0,0,0,0,0,0,0,0,0,12.3,0,3.2,33.6,0.028,0,0.01,0.036,0,0.065,0,0.127,0.114,0,0,0,0.009,0.031,0.081,0.008,0,0,0,0,0,0,0,0,0,0,0.123,0,0.032,0.336,13.9,37,12.3,3.2,50.9,66.4
"Columbia River Summers","Columbia R.","SUM",1987,46.7,13415,13.7,0.4,0.2,5.9,0,11.7,0.5,2.7,5.7,0,0,0.2,3.9,14.4,0.7,8.6,0,0,0,0,0,0,0,0,0,0,6.1,0,3.6,21.7,0.137,0.004,0.002,0.059,0,0.117,0.005,0.027,0.057,0,0,0.002,0.039,0.144,0.007,0.086,0,0,0,0,0,0,0,0,0,0,0.061,0,0.036,0.217,32.4,36.2,6.1,3.6,68.6,78.3
"Columbia River Summers","Columbia R.","SUM",1988,46.7,13634,2,3.1,0,9.4,2.2,22.1,4.7,0,8,0,0,1.5,0,3.7,0,0.4,0,0,0,0,0,0,0,0,0,0,13.4,2.8,0,26.9,0.02,0.031,0,0.094,0.022,0.221,0.047,0,0.08,0,0,0.015,0,0.037,0,0.004,0,0,0,0,0,0,0,0,0,0,0.134,0.028,0,0.269,43.5,13.6,16.2,0,57.1,73.3
"Columbia River Summers","Columbia R.","SUM",1989,46.7,17484,7.1,1.8,0.7,5.4,0,15.7,1.5,0.6,0.2,0.6,0,2.1,2.2,9.6,2.6,4.7,0,0,0,0,0,0,0,0,0,0,7.5,0,0,37.7,0.071,0.018,0.007,0.054,0,0.157,0.015,0.006,0.002,0.006,0,0.021,0.022,0.096,0.026,0.047,0,0,0,0,0,0,0,0,0,0,0.075,0,0,0.377,32.2,22.6,7.5,0,54.8,62.3
"Columbia River Summers","Columbia R.","SUM",1990,46.7,13432,10.5,0,0,7.8,0,20.9,0,1.2,1.3,0,0,0.4,0.6,3.5,1.5,2.5,1,0,0,0,0,0,0,0,0,0,10.5,0.2,0.5,37.6,0.105,0,0,0.078,0,0.209,0,0.012,0.013,0,0,0.004,0.006,0.035,0.015,0.025,0.01,0,0,0,0,0,0,0,0,0,0.105,0.002,0.005,0.376,39.2,12,10.7,0.5,51.2,62.4
"Columbia River Summers","Columbia R.","SUM",1991,46.7,10191,5.5,0,0,2.9,0,8.8,1,0.9,2.2,0,0,1.5,0,3,1.9,1.6,0.5,0,0,0,0,0,0,0,0,0,5.2,0.5,0.9,63.7,0.055,0,0,0.029,0,0.088,0.01,0.009,0.022,0,0,0.015,0,0.03,0.019,0.016,0.005,0,0,0,0,0,0,0,0,0,0.052,0.005,0.009,0.637,18.2,11.6,5.7,0.9,29.8,36.4
"Columbia River Summers","Columbia R.","SUM",1992,46.7,7706,15.5,0,0,3.7,0,14.9,0,1.7,0.9,0,0,0,0.8,3.7,0,2.4,0,0,0,1.4,0,0,0,0,0,0,1.2,0,0.6,53.2,0.155,0,0,0.037,0,0.149,0,0.017,0.009,0,0,0,0.008,0.037,0,0.024,0,0,0,0.014,0,0,0,0,0,0,0.012,0,0.006,0.532,34.1,10.9,1.2,0.6,45,46.8
"Columbia River Summers","Columbia R.","SUM",1993,46.7,12927,9.7,0,0,1.9,0,19.7,2.5,0,3.3,0,0,0,0,4.2,1.7,2.3,0,0,0,0,0,0,0,0,0,0,4.2,0,0.6,50.1,0.097,0,0,0.019,0,0.197,0.025,0,0.033,0,0,0,0,0.042,0.017,0.023,0,0,0,0,0,0,0,0,0,0,0.042,0,0.006,0.501,33.8,11.5,4.2,0.6,45.3,50.1
"Columbia River Summers","Columbia R.","SUM",1994,46.7,12292,12.6,0,0,0,0,0,0,0,0,17.6,0,0,0,0,0,0,0,0,0,0,0,0,0,0,0,0,4.1,0,0,65.6,0.126,0,0,0,0,0,0,0,0,0.176,0,0,0,0,0,0,0,0,0,0,0,0,0,0,0,0,0.041,0,0,0.656,12.6,17.6,4.1,0,30.2,34.3
"Columbia River Summers","Columbia R.","SUM",1995,46.7,10623,4.3,0,0,0,0,9.4,0,0,0,0,0,0.9,0,1.7,0,0,0,0,1.1,0,0,0,0,0,0,0,0,0,0,82.7,0.043,0,0,0,0,0.094,0,0,0,0,0,0.009,0,0.017,0,0,0,0,0.011,0,0,0,0,0,0,0,0,0,0,0.827,13.7,3.7,0,0,17.4,17.4
"Columbia River Summers","Columbia R.","SUM",1996,46.7,9417,22.9,0.7,0,2,0,2.8,0,0,3.2,0,0,0.2,2.4,0.4,0,2.3,0.7,0,0,0,0,0,0,0,0.3,0,0,2,0,60.1,0.229,0.007,0,0.02,0,0.028,0,0,0.032,0,0,0.002,0.024,0.004,0,0.023,0.007,0,0,0,0,0,0,0,0.003,0,0,0.02,0,0.601,28.4,9.2,2.3,0,37.6,39.9
"Columbia River Summers","Columbia R.","SUM",1997,46.7,10063,9.8,0.1,4.2,0.2,1.5,1.9,0,0,0.4,0,0,0,0.2,0,0,3.6,0,0,0,0.2,0,0,0,0,0,0,0.2,0.6,0.1,77,0.098,0.001,0.042,0.002,0.015,0.019,0,0,0.004,0,0,0,0.002,0,0,0.036,0,0,0,0.002,0,0,0,0,0,0,0.002,0.006,0.001,0.77,17.7,4.4,0.8,0.1,22.1,23
"Columbia River Summers","Columbia R.","SUM",1998,46.7,11225,8.8,0.2,1.2,0.2,2.1,0,0.5,0,0.1,0.2,0,0,0,0.7,0,1.1,0,0,0,0,0,0,0,0,0,0,1,0.8,0.2,82.9,0.088,0.002,0.012,0.002,0.021,0,0.005,0,0.001,0.002,0,0,0,0.007,0,0.011,0,0,0,0,0,0,0,0,0,0,0.01,0.008,0.002,0.829,13,2.1,1.8,0.2,15.1,17.1
"Columbia River Summers","Columbia R.","SUM",1999,46.7,18588,13.9,0.5,2.6,0.5,1,0.6,4.5,0,0.4,1,0,0,1.1,5.1,0.6,3.5,0,0,0,0,0,0,0,0,0,0,1.1,2.5,0,60.9,0.139,0.005,0.026,0.005,0.01,0.006,0.045,0,0.004,0.01,0,0,0.011,0.051,0.006,0.035,0,0,0,0,0,0,0,0,0,0,0.011,0.025,0,0.609,23.6,11.7,3.6,0,35.3,38.9
"Columbia River Summers","Columbia R.","SUM",2000,46.7,20218,23.3,1.5,3.6,0.6,2.2,4.2,4.7,0,0,0.4,0,0,0.9,0.9,1.3,2,0,0,0.1,0,0.1,0,0,0.5,0,0,0.8,1.7,0.1,51.3,0.233,0.015,0.036,0.006,0.022,0.042,0.047,0,0,0.004,0,0,0.009,0.009,0.013,0.02,0,0,0.001,0,0.001,0,0,0.005,0,0,0.008,0.017,0.001,0.513,40.1,5.6,3.1,0.1,45.7,48.9
"Columbia River Summers","Columbia R.","SUM",2001,46.7,48844,16.2,2.2,1.7,0.6,1,13.6,2.5,0,0,0.6,0,0,0.4,7.4,2.4,10,1.3,0,0,0.9,0,0,0,0,0,0,0.7,1.6,0.4,36.5,0.162,0.022,0.017,0.006,0.01,0.136,0.025,0,0,0.006,0,0,0.004,0.074,0.024,0.1,0.013,0,0,0.009,0,0,0,0,0,0,0.007,0.016,0.004,0.365,37.8,23,2.3,0.4,60.8,63.5
"Columbia River Summers","Columbia R.","SUM",2002,46.7,86825,24.3,0,1.3,13.5,1.8,14.9,1.4,0,0.1,0.3,0,0,0.1,5.7,3.2,3.6,0.6,0,0,0,0,0,0,0,0,0,1,0.7,0.3,27.3,0.243,0,0.013,0.135,0.018,0.149,0.014,0,0.001,0.003,0,0,0.001,0.057,0.032,0.036,0.006,0,0,0,0,0,0,0,0,0,0.01,0.007,0.003,0.273,57.2,13.6,1.7,0.3,70.8,72.8
"Columbia River Summers","Columbia R.","SUM",2003,46.7,81543,29.5,0.7,1.2,14.2,1.5,12.2,0.4,0,0,0.9,0,0,0.1,3.2,0.5,4.1,0.6,0,0,0.1,0,0,0,0,0,0,2.9,2.3,0.3,25.4,0.295,0.007,0.012,0.142,0.015,0.122,0.004,0,0,0.009,0,0,0.001,0.032,0.005,0.041,0.006,0,0,0.001,0,0,0,0,0,0,0.029,0.023,0.003,0.254,59.7,9.5,5.2,0.3,69.2,74.7
"Columbia River Summers","Columbia R.","SUM",2004,46.7,62311,16.1,0.4,1.3,6.1,1.7,14,1.3,0,0,0.2,0,0,0.5,5.5,0.7,6.4,1,0,0,0.3,0,0,0,0,0,0,8.2,13.8,0.1,22.3,0.161,0.004,0.013,0.061,0.017,0.14,0.013,0,0,0.002,0,0,0.005,0.055,0.007,0.064,0.01,0,0,0.003,0,0,0,0,0,0,0.082,0.138,0.001,0.223,40.9,14.6,22,0.1,55.5,77.6
"Columbia River Summers","Columbia R.","SUM",2005,46.7,54033,10.6,0,1,7,1.7,12.1,3.3,0,0,0.1,0,0,0.3,3,0.4,4.3,0.2,0,0,0,0,0,0,0,0,0,7.9,6.1,0,41.9,0.106,0,0.01,0.07,0.017,0.121,0.033,0,0,0.001,0,0,0.003,0.03,0.004,0.043,0.002,0,0,0,0,0,0,0,0,0,0.079,0.061,0,0.419,35.7,8.3,14,0,44,58
"Columbia River Summers","Columbia R.","SUM",2006,46.7,61821,12.3,0.1,0.7,3.8,0.6,11.6,2.3,0,0,0.5,0,0,0.8,2.7,0.1,0.4,0.3,0,0.2,0,0,0,0,0,0,0,12.7,6.2,0,44.5,0.123,0.001,0.007,0.038,0.006,0.116,0.023,0,0,0.005,0,0,0.008,0.027,0.001,0.004,0.003,0,0.002,0,0,0,0,0,0,0,0.127,0.062,0,0.445,31.4,5,18.9,0,36.4,55.3
"Columbia River Summers","Columbia R.","SUM",2007,46.7,28222,11.3,2.3,2.5,1.5,1.9,6.2,2.1,0,0.9,1.4,0,0,1.8,2.9,0.1,1.6,0.4,0,0,0.3,0,0,0,0,0,0,9.7,14.5,0.4,38.2,0.113,0.023,0.025,0.015,0.019,0.062,0.021,0,0.009,0.014,0,0,0.018,0.029,0.001,0.016,0.004,0,0,0.003,0,0,0,0,0,0,0.097,0.145,0.004,0.382,27.8,9.4,24.2,0.4,37.2,61.8
"Columbia River Summers","Columbia R.","SUM",2008,46.7,38171,8.2,0.1,0.6,0.9,0.9,6.4,3.6,0,0.1,1.6,0,0,0.5,2.8,0.6,0,0,0,0,0.1,0,0,0,0,0,0,17.4,8.6,0.2,47.5,0.082,0.001,0.006,0.009,0.009,0.064,0.036,0,0.001,0.016,0,0,0.005,0.028,0.006,0,0,0,0,0.001,0,0,0,0,0,0,0.174,0.086,0.002,0.475,20.7,5.7,26,0.2,26.4,52.6
"Columbia River Summers","Columbia R.","SUM",2009,46.7,44295,7.9,0.2,2.2,1.3,0.8,5.2,9.3,0,0,1.3,0,0,1.3,1.5,0.4,0,0,0,0,0.1,0,0,0,0,0,0,15.1,5.7,0,47.6,0.079,0.002,0.022,0.013,0.008,0.052,0.093,0,0,0.013,0,0,0.013,0.015,0.004,0,0,0,0,0.001,0,0,0,0,0,0,0.151,0.057,0,0.476,26.9,4.6,20.8,0,31.5,52.3
"Columbia River Summers","Columbia R.","SUM",2010,46.7,47220,7.7,0,1.2,1.6,1,6,1.2,0,0,1.1,0,0,0.6,4.9,0.4,2.2,0.2,0,0,0,0,0,0,0,0,0,21.4,4.8,0,45.5,0.077,0,0.012,0.016,0.01,0.06,0.012,0,0,0.011,0,0,0.006,0.049,0.004,0.022,0.002,0,0,0,0,0,0,0,0,0,0.214,0.048,0,0.455,18.7,9.4,26.2,0,28.1,54.3
"Columbia River Summers","Columbia R.","SUM",2011,46.7,44432,9.7,0.2,2.2,1.2,0.9,2.8,2.8,0,0,0.3,0,0,0.7,1.2,1.1,2.3,0.3,0,0,0.2,0.1,0,0,0,0,0,21.3,8.9,0,43.9,0.097,0.002,0.022,0.012,0.009,0.028,0.028,0,0,0.003,0,0,0.007,0.012,0.011,0.023,0.003,0,0,0.002,0.001,0,0,0,0,0,0.213,0.089,0,0.439,19.8,6.1,30.3,0,25.9,56.2
"Columbia River Summers","Columbia R.","SUM",2012,46.7,52184,12.8,0.7,1.9,3.1,1.2,5,4.5,0,0,0.9,0,0,1,5.6,1.7,3.8,0.7,0,0,0.1,0,0,0,0,0,0,9.3,6.4,0,41.4,0.128,0.007,0.019,0.031,0.012,0.05,0.045,0,0,0.009,0,0,0.01,0.056,0.017,0.038,0.007,0,0,0.001,0,0,0,0,0,0,0.093,0.064,0,0.414,29.2,13.8,15.7,0,43,58.7
"Columbia River Summers","Columbia R.","SUM",2013,46.7,68386,6.4,0.5,1.6,2.1,1.7,3.6,2,0,0,0.3,0,0,0.3,4.7,0.4,3.3,0.5,0,0,0.1,0,0,0,0,0,0,19.1,2.7,0.2,50.4,0.064,0.005,0.016,0.021,0.017,0.036,0.02,0,0,0.003,0,0,0.003,0.047,0.004,0.033,0.005,0,0,0.001,0,0,0,0,0,0,0.191,0.027,0.002,0.504,17.9,9.6,21.8,0.2,27.5,49.5
"Columbia River Summers","Columbia R.","SUM",2014,46.7,77982,8.7,0.5,1,1.2,0.4,6.6,0.4,0,0,0.7,0.1,0,0,4.2,0.8,3.4,0.2,0,0,0,0,0,0,0,0,0,34.7,1.7,0,35.3,0.087,0.005,0.01,0.012,0.004,0.066,0.004,0,0,0.007,0.001,0,0,0.042,0.008,0.034,0.002,0,0,0,0,0,0,0,0,0,0.347,0.017,0,0.353,18.8,9.4,36.4,0,28.2,64.6
"Columbia River Summers","Columbia R.","SUM",2015,46.7,88691,11.7,0.4,1.2,1.1,1,2,0.6,0,0,0.6,0,0,0,6.3,1.3,3,0,0,0,0,0,0,0,0,0,0,26.4,3.3,0,41,0.117,0.004,0.012,0.011,0.01,0.02,0.006,0,0,0.006,0,0,0,0.063,0.013,0.03,0,0,0,0,0,0,0,0,0,0,0.264,0.033,0,0.41,18,11.2,29.7,0,29.2,58.9
"Columbia River Summers","Columbia R.","SUM",2016,46.7,79253,19.8,0.5,0.8,2.8,0.8,8.6,0.3,0,0,0.4,0,0,0.2,2.2,0.1,3.5,0.3,0,0,0,0,0,0,0,0,0,14.1,1.8,0,44,0.198,0.005,0.008,0.028,0.008,0.086,0.003,0,0,0.004,0,0,0.002,0.022,0.001,0.035,0.003,0,0,0,0,0,0,0,0,0,0.141,0.018,0,0.44,33.6,6.7,15.9,0,40.3,56.2
"Columbia River Summers","Columbia R.","SUM",2017,46.7,56265,7.7,0.2,1,1.9,1,6.9,0.1,0,0,0.5,0,0,0.1,3.9,0.3,0.9,0.1,0,0,0,0,0,0,0,0,0,14.9,4.5,0,55.9,0.077,0.002,0.01,0.019,0.01,0.069,0.001,0,0,0.005,0,0,0.001,0.039,0.003,0.009,0.001,0,0,0,0,0,0,0,0,0,0.149,0.045,0,0.559,18.8,5.8,19.4,0,24.6,44
"Columbia River Summers","Columbia R.","SUM",2018,46.7,38816,8.2,0.2,1.3,3.1,1,3.2,0.7,0,0,0.2,0,0,0.4,3.8,0.2,0.5,0.1,0,0,0,0,0,0,0,0,0,23.8,1.9,0,51.3,0.082,0.002,0.013,0.031,0.01,0.032,0.007,0,0,0.002,0,0,0.004,0.038,0.002,0.005,0.001,0,0,0,0,0,0,0,0,0,0.238,0.019,0,0.513,17.7,5.2,25.7,0,22.9,48.6
"Columbia River Summers","Columbia R.","SUM",2019,46.7,41090,4.1,1,0.3,0.4,0.5,0.2,0,0,0,0.7,0,0,0.1,1.6,0.3,0.2,0.2,0,0,0,0,0,0,0,0,0,12.6,7.1,0.1,70.6,0.041,0.01,0.003,0.004,0.005,0.002,0,0,0,0.007,0,0,0.001,0.016,0.003,0.002,0.002,0,0,0,0,0,0,0,0,0,0.126,0.071,0.001,0.706,6.5,3.1,19.7,0.1,9.6,29.4
"Columbia River Summers","Columbia R.","SUM",2020,46.7,70654,13,0.2,1.1,0.3,0.1,0.3,0.2,0,0,0.3,0,0,0.8,0.6,0.3,0.2,0,0.1,0,0.1,0,0,0,0,0,0,10.3,1.6,0,70.7,0.13,0.002,0.011,0.003,0.001,0.003,0.002,0,0,0.003,0,0,0.008,0.006,0.003,0.002,0,0.001,0,0.001,0,0,0,0,0,0,0.103,0.016,0,0.707,15.2,2.4,11.9,0,17.6,29.5
"Columbia River Summers","Columbia R.","SUM",2021,46.7,52076,9.2,2.6,1.1,1.2,0.1,0.5,0.6,0,0,0.3,0,0,0.1,1.3,0.4,1.6,0.1,0,0,0.1,0,0,0,0,0,0,15.2,3.5,0,62.1,0.092,0.026,0.011,0.012,0.001,0.005,0.006,0,0,0.003,0,0,0.001,0.013,0.004,0.016,0.001,0,0,0.001,0,0,0,0,0,0,0.152,0.035,0,0.621,15.3,3.9,18.7,0,19.2,37.9
"Columbia River Summers","Columbia R.","SUM",2022,46.7,64497,16.4,0.1,0.8,3.8,1,0.4,0.1,0,0,0.4,0,0,0.1,2.2,0.3,1.8,0.3,0,0,0,0,0,0,0,0,0,20.3,3.2,0,48.6,0.164,0.001,0.008,0.038,0.01,0.004,0.001,0,0,0.004,0,0,0.001,0.022,0.003,0.018,0.003,0,0,0,0,0,0,0,0,0,0.203,0.032,0,0.486,22.6,5.1,23.5,0,27.7,51.2
"Columbia River Summers","Columbia R.","SUM",2023,46.7,49410,12.7,0.5,1.1,3.3,0.7,1.3,0.6,0,0,0.7,0,0,0.2,3.9,0.2,0.2,0,0,0,0,0,0,0,0,0,0,4.3,3.5,0,66.8,0.127,0.005,0.011,0.033,0.007,0.013,0.006,0,0,0.007,0,0,0.002,0.039,0.002,0.002,0,0,0,0,0,0,0,0,0,0,0.043,0.035,0,0.668,20.2,5.2,7.8,0,25.4,33.2
"Columbia River Summers","Columbia R.","SUM",2024,46.7,41142,,,,,,,,,,,,,,,,,,,,,,,,,,,,,,,,,,,,,,,,,,,,,,,,,,,,,,,,,,,,,0,0,0,,0,
"Taku River","Transboundary","TAK",1979,58.35,21617,3,1.5,0,0,0,0,0,0,0,0,0,0,0,0,0,0,0,0,0,0,0,2.6,0.1,0.5,0,0,0,0,0,92.3,0.03,0.015,0,0,0,0,0,0,0,0,0,0,0,0,0,0,0,0,0,0,0,0.026,0.001,0.005,0,0,0,0,0,0.923,4.5,0,3.2,0,4.5,7.7
"Taku River","Transboundary","TAK",1980,58.35,39239,4,0,0,0,0,0,0,0,0,0,0,0,0,0,0,0,0,0,0,0,0,3.1,4.1,1,0,0,0,0,0,87.8,0.04,0,0,0,0,0,0,0,0,0,0,0,0,0,0,0,0,0,0,0,0,0.031,0.041,0.01,0,0,0,0,0,0.878,4,0,8.2,0,4,12.2
"Taku River","Transboundary","TAK",1981,58.35,49559,5.8,0,0.1,0,0,0,0,0,0,0,0,0,0,0,0,0,0,0,0,0,0,0,0,0.9,0,0,0,0,0,93.3,0.058,0,0.001,0,0,0,0,0,0,0,0,0,0,0,0,0,0,0,0,0,0,0,0,0.009,0,0,0,0,0,0.933,5.9,0,0.9,0,5.9,6.8
"Taku River","Transboundary","TAK",1982,58.35,23848,6.3,1.5,0.1,0,0,0,0,0,0,0,0,0,0,0,0,0,0,0,0,0,0,1.4,0,1.9,0,0,0,0,0,88.8,0.063,0.015,0.001,0,0,0,0,0,0,0,0,0,0,0,0,0,0,0,0,0,0,0.014,0,0.019,0,0,0,0,0,0.888,7.9,0,3.3,0,7.9,11.2
"Taku River","Transboundary","TAK",1983,58.35,9794,2.6,0,0,0,0,0,0,0,0,0,0,0,0,0,0,0,0,0,0,0,0,1.4,0,4.5,0,0,0,0,0,91.5,0.026,0,0,0,0,0,0,0,0,0,0,0,0,0,0,0,0,0,0,0,0,0.014,0,0.045,0,0,0,0,0,0.915,2.6,0,5.9,0,2.6,8.5
"Taku River","Transboundary","TAK",1984,58.35,20778,8.3,0,0,0,0,0,0,0,0,0,0,0,0,0,0,0,0,0,0,0,0,2.3,0,2.8,0,0,0,0,0,86.6,0.083,0,0,0,0,0,0,0,0,0,0,0,0,0,0,0,0,0,0,0,0,0.023,0,0.028,0,0,0,0,0,0.866,8.3,0,5.1,0,8.3,13.4
"Taku River","Transboundary","TAK",1985,58.35,35916,3.4,0,5.9,0,0,0,0,0,0,0,0,0,0,0,0,0,0,0,0,0,0,0,3.6,1.6,0,0,0,0,0,85.4,0.034,0,0.059,0,0,0,0,0,0,0,0,0,0,0,0,0,0,0,0,0,0,0,0.036,0.016,0,0,0,0,0,0.854,9.3,0,5.2,0,9.3,14.5
"Taku River","Transboundary","TAK",1986,58.35,38111,2.9,0,0,0,0,0,0,0,0,0,0,0,0,0,0,0,0,0,0,0,0,0,0,1.8,0,0,0,0,0,95.3,0.029,0,0,0,0,0,0,0,0,0,0,0,0,0,0,0,0,0,0,0,0,0,0,0.018,0,0,0,0,0,0.953,2.9,0,1.8,0,2.9,4.7
"Taku River","Transboundary","TAK",1987,58.35,28935,3.5,0,0,0,0,0,0,0,0,0,0,0,0,0,0,0,0,0,0,0,0,0,0,3.9,0,0,0,0,0,92.7,0.035,0,0,0,0,0,0,0,0,0,0,0,0,0,0,0,0,0,0,0,0,0,0,0.039,0,0,0,0,0,0.927,3.5,0,3.9,0,3.5,7.4
"Taku River","Transboundary","TAK",1988,58.35,44524,,,,,,,,,,,,,,,,,,,,,,,,,,,,,,,,,,,,,,,,,,,,,,,,,,,,,,,,,,,,,0,0,0,,0,
"Taku River","Transboundary","TAK",1989,58.35,40329,,,,,,,,,,,,,,,,,,,,,,,,,,,,,,,,,,,,,,,,,,,,,,,,,,,,,,,,,,,,,0,0,0,,0,
"Taku River","Transboundary","TAK",1990,58.35,52142,,,,,,,,,,,,,,,,,,,,,,,,,,,,,,,,,,,,,,,,,,,,,,,,,,,,,,,,,,,,,0,0,0,,0,
"Taku River","Transboundary","TAK",1991,58.35,51645,,,,,,,,,,,,,,,,,,,,,,,,,,,,,,,,,,,,,,,,,,,,,,,,,,,,,,,,,,,,,0,0,0,,0,
"Taku River","Transboundary","TAK",1992,58.35,55889,,,,,,,,,,,,,,,,,,,,,,,,,,,,,,,,,,,,,,,,,,,,,,,,,,,,,,,,,,,,,0,0,0,,0,
"Taku River","Transboundary","TAK",1993,58.35,66125,,,,,,,,,,,,,,,,,,,,,,,,,,,,,,,,,,,,,,,,,,,,,,,,,,,,,,,,,,,,,0,0,0,,0,
"Taku River","Transboundary","TAK",1994,58.35,48368,0.9,3.3,0.2,0,0,0,0,0,0,0,0,0,0,0,0,0,0,0,0,0,0,0.3,0.6,1.5,0,0,0,0,0,93.3,0.009,0.033,0.002,0,0,0,0,0,0,0,0,0,0,0,0,0,0,0,0,0,0,0.003,0.006,0.015,0,0,0,0,0,0.933,4.4,0,2.4,0,4.4,6.8
"Taku River","Transboundary","TAK",1995,58.35,33805,0.5,0.1,0.6,0,0,0,0,0,0,0,0,0,0,0,0,0,0,0,0,0,0,5.2,0.5,1.1,0,0,0,0,0,91.9,0.005,0.001,0.006,0,0,0,0,0,0,0,0,0,0,0,0,0,0,0,0,0,0,0.052,0.005,0.011,0,0,0,0,0,0.919,1.2,0,6.8,0,1.2,8
"Taku River","Transboundary","TAK",1996,58.35,79019,1.6,0,0.4,0.1,0,0,0,0,0,0,0,0,0,0,0,0,0,0,0,0,0,1.2,0.1,3.1,0,0,0,0,0,93.4,0.016,0,0.004,0.001,0,0,0,0,0,0,0,0,0,0,0,0,0,0,0,0,0,0.012,0.001,0.031,0,0,0,0,0,0.934,2.1,0,4.4,0,2.1,6.5
"Taku River","Transboundary","TAK",1997,58.35,114938,0.4,0,1.7,0,0,0,0,0,0,0,0,0,0,0,0,0,0,0,0,0,0,1.8,7.9,2.4,0,0,0,0,0,85.8,0.004,0,0.017,0,0,0,0,0,0,0,0,0,0,0,0,0,0,0,0,0,0,0.018,0.079,0.024,0,0,0,0,0,0.858,2.1,0,12.1,0,2.1,14.2
"Taku River","Transboundary","TAK",1998,58.35,31039,1.1,0,0,0,0,0,0,0,0,0,0,0,0,0,0,0,0,0,0,0,0,0,0,4.2,0,0,0,0,0,94.7,0.011,0,0,0,0,0,0,0,0,0,0,0,0,0,0,0,0,0,0,0,0,0,0,0.042,0,0,0,0,0,0.947,1.1,0,4.2,0,1.1,5.3
"Taku River","Transboundary","TAK",1999,58.35,16786,1.8,0,1.7,0,0,0,0,0,0,0,0,0,0,0,0,0,0,0,0,0,0,4.2,1.7,4.3,0,0,0,0,0,86.3,0.018,0,0.017,0,0,0,0,0,0,0,0,0,0,0,0,0,0,0,0,0,0,0.042,0.017,0.043,0,0,0,0,0,0.863,3.5,0,10.2,0,3.5,13.7
"Taku River","Transboundary","TAK",2000,58.35,34997,2,0.5,0,0,0,0,0,0,0,0,0,0,0,0,0,0,0,0,0,0,0,0.4,2.2,5.5,0,0,0,0,0,89.5,0.02,0.005,0,0,0,0,0,0,0,0,0,0,0,0,0,0,0,0,0,0,0,0.004,0.022,0.055,0,0,0,0,0,0.895,2.5,0,8.1,0,2.5,10.6
"Taku River","Transboundary","TAK",2001,58.35,46544,3.2,0.1,0,0,0,0,0,0,0,0,0,0,0,0,0,0,0,0,0,0,0,2.3,7.5,5.1,0,0,0,0,0.1,81.7,0.032,0.001,0,0,0,0,0,0,0,0,0,0,0,0,0,0,0,0,0,0,0,0.023,0.075,0.051,0,0,0,0,0.001,0.817,3.3,0,14.9,0.1,3.3,18.3
"Taku River","Transboundary","TAK",2002,58.35,55044,3.2,0,0,0,0,0,0,0,0,0,0,0,0,0,0,0,0,0,0,0,0,2.3,6.9,4.8,0,0,0,0,0,82.8,0.032,0,0,0,0,0,0,0,0,0,0,0,0,0,0,0,0,0,0,0,0,0.023,0.069,0.048,0,0,0,0,0,0.828,3.2,0,14,0,3.2,17.2
"Taku River","Transboundary","TAK",2003,58.35,36435,2.2,0.1,2.3,0,0,0,0,0,0,0,0,0,0,0,0,0,0,0,0,0,0,1.8,1.1,7,0,0,0,0,0,85.5,0.022,0.001,0.023,0,0,0,0,0,0,0,0,0,0,0,0,0,0,0,0,0,0,0.018,0.011,0.07,0,0,0,0,0,0.855,4.6,0,9.9,0,4.6,14.5
"Taku River","Transboundary","TAK",2004,58.35,75032,3,0.2,0.5,0,0,0,0,0,0,0,0,0,0,0,0,0,0,0,0,0,0,4.6,4.1,3.7,0,0,0,0,0,83.9,0.03,0.002,0.005,0,0,0,0,0,0,0,0,0,0,0,0,0,0,0,0,0,0,0.046,0.041,0.037,0,0,0,0,0,0.839,3.7,0,12.4,0,3.7,16.1
"Taku River","Transboundary","TAK",2005,58.35,38725,2.9,0.2,1.3,0,0,0,0,0,0,0,0,0,0,0,0,0,0,0,0,0,0,26.3,5.8,10.5,0,0,0,0,0,53.1,0.029,0.002,0.013,0,0,0,0,0,0,0,0,0,0,0,0,0,0,0,0,0,0,0.263,0.058,0.105,0,0,0,0,0,0.531,4.4,0,42.6,0,4.4,47
"Taku River","Transboundary","TAK",2006,58.35,42191,2.9,0,0.6,0,0,0,0,0,0,0,0,0,0,0,0,0,0,0,0,0,0,14.2,7.8,11.2,0,0,0,0,0,63.3,0.029,0,0.006,0,0,0,0,0,0,0,0,0,0,0,0,0,0,0,0,0,0,0.142,0.078,0.112,0,0,0,0,0,0.633,3.5,0,33.2,0,3.5,36.7
"Taku River","Transboundary","TAK",2007,58.35,14749,7.4,0,3.3,0,0,0,0,0,0,0,0,0,0,0,0,0,0,0,0,0,0,6.9,3.3,9.2,0,0,0,0,0,69.9,0.074,0,0.033,0,0,0,0,0,0,0,0,0,0,0,0,0,0,0,0,0,0,0.069,0.033,0.092,0,0,0,0,0,0.699,10.7,0,19.4,0,10.7,30.1
"Taku River","Transboundary","TAK",2008,58.35,26645,5.7,0,0.2,0,0,0,0,0,0,0,0,0,0,0,0,0,0,0,0,0,0,4.6,2,6.3,0,0,0,0,0.4,80.8,0.057,0,0.002,0,0,0,0,0,0,0,0,0,0,0,0,0,0,0,0,0,0,0.046,0.02,0.063,0,0,0,0,0.004,0.808,5.9,0,12.9,0.4,5.9,19.2
"Taku River","Transboundary","TAK",2009,58.35,22761,8.2,0,1.4,0,0,0,0,0,0,0,0,0,0,0,0,0,0,0,0,0,0,11.7,9.8,14.4,0,0,0,0,0,54.4,0.082,0,0.014,0,0,0,0,0,0,0,0,0,0,0,0,0,0,0,0,0,0,0.117,0.098,0.144,0,0,0,0,0,0.544,9.6,0,35.9,0,9.6,45.5
"Taku River","Transboundary","TAK",2010,58.35,28769,5.1,0,0,0,0,0,0,0,0,0,0,0,0,0,0,0,0,0,0,0,0,1.7,9.4,12.3,0,0,0,0,0,71.5,0.051,0,0,0,0,0,0,0,0,0,0,0,0,0,0,0,0,0,0,0,0,0.017,0.094,0.123,0,0,0,0,0,0.715,5.1,0,23.4,0,5.1,28.5
"Taku River","Transboundary","TAK",2011,58.35,19672,7,0.8,0,0,0,0,0,0,0,0,0,0,0,0,0,0,0,0,0,0,0,3.6,7.3,7.4,0,0,0,0,0,73.9,0.07,0.008,0,0,0,0,0,0,0,0,0,0,0,0,0,0,0,0,0,0,0,0.036,0.073,0.074,0,0,0,0,0,0.739,7.8,0,18.3,0,7.8,26.1
"Taku River","Transboundary","TAK",2012,58.35,16713,9.8,0.7,0,0,0,0,0,0,0,0,0,0,0,0,0,0,0,0,0,0,0,0.7,4,10.3,0,0,0,0,0,74.5,0.098,0.007,0,0,0,0,0,0,0,0,0,0,0,0,0,0,0,0,0,0,0,0.007,0.04,0.103,0,0,0,0,0,0.745,10.5,0,15,0,10.5,25.5
"Taku River","Transboundary","TAK",2013,58.35,18002,3.4,1.4,0,0,0,0,0,0,0,0,0,0,0,0,0,0,0,0,0,0,0.3,1.2,2.8,3.7,0,0,0,0,0,87.1,0.034,0.014,0,0,0,0,0,0,0,0,0,0,0,0,0,0,0,0,0,0,0.003,0.012,0.028,0.037,0,0,0,0,0,0.871,4.8,0,8,0,4.8,12.8
"Taku River","Transboundary","TAK",2014,58.35,23532,3.2,0,0,0,0,0,0,0,0,0,0,0,0,0,0,0,0,0,0,0,0,0.6,0,9.6,0,0,0,0,0,86.5,0.032,0,0,0,0,0,0,0,0,0,0,0,0,0,0,0,0,0,0,0,0,0.006,0,0.096,0,0,0,0,0,0.865,3.2,0,10.2,0,3.2,13.4
"Taku River","Transboundary","TAK",2015,58.35,23567,7.1,1.7,1.1,0,0,0,0,0,0,0,0,0,0,0,0,0,0,0,0,0,0,1.5,4.4,6.4,0,0,0,0,0,77.9,0.071,0.017,0.011,0,0,0,0,0,0,0,0,0,0,0,0,0,0,0,0,0,0,0.015,0.044,0.064,0,0,0,0,0,0.779,9.9,0,12.3,0,9.9,22.2
"Taku River","Transboundary","TAK",2016,58.35,9177,2.9,0,0,0,0,0,0,0,0,0,0,0,0,0,0,0,0,0,0,0,0,0,8.6,9,0,0,0,0,0,79.6,0.029,0,0,0,0,0,0,0,0,0,0,0,0,0,0,0,0,0,0,0,0,0,0.086,0.09,0,0,0,0,0,0.796,2.9,0,17.6,0,2.9,20.5
"Taku River","Transboundary","TAK",2017,58.35,8214,4.5,2.8,0,0,0,0,0,0,0,0,0,0,0,0,0,0,0,0,0,0,0,0,0,5.8,0,0,0,0,0,87,0.045,0.028,0,0,0,0,0,0,0,0,0,0,0,0,0,0,0,0,0,0,0,0,0,0.058,0,0,0,0,0,0.87,7.3,0,5.8,0,7.3,13.1
"Taku River","Transboundary","TAK",2018,58.35,7271,0,0,0,0,0,0,0,0,0,0,0,0,0,0,0,0,0,0,0,0,0,0,0,4.1,0,0,0,0,0,95.9,0,0,0,0,0,0,0,0,0,0,0,0,0,0,0,0,0,0,0,0,0,0,0,0.041,0,0,0,0,0,0.959,0,0,4.1,0,0,4.1
"Taku River","Transboundary","TAK",2019,58.35,11558,0,1.9,0,0,0,0,0,0,0,0,0,0,0,0,0,0,0,0,0,0,0,1.7,0,0.9,0,0,0,0,0,95.5,0,0.019,0,0,0,0,0,0,0,0,0,0,0,0,0,0,0,0,0,0,0,0.017,0,0.009,0,0,0,0,0,0.955,1.9,0,2.6,0,1.9,4.5
"Taku River","Transboundary","TAK",2020,58.35,15593,0.4,0.4,0,0,0,0,0,0,0,0,0,0,0,0,0,0,0,0,0,0,0,3.2,0,0.8,0,0,0,0,0,95.2,0.004,0.004,0,0,0,0,0,0,0,0,0,0,0,0,0,0,0,0,0,0,0,0.032,0,0.008,0,0,0,0,0,0.952,0.8,0,4,0,0.8,4.8
"Taku River","Transboundary","TAK",2021,58.35,11341,1.9,3.8,0,0,0,0,0,0,0,0,0,0,0,0,0,0,0,0,0,0,0,2.1,0,0.6,0,0,0,0,0,91.5,0.019,0.038,0,0,0,0,0,0,0,0,0,0,0,0,0,0,0,0,0,0,0,0.021,0,0.006,0,0,0,0,0,0.915,5.7,0,2.7,0,5.7,8.4
"Taku River","Transboundary","TAK",2022,58.35,12722,4,0.5,0,0,0,0,0,0,0,0,0,0,0,0,0,0,0,0,0,0,0,1.4,1.1,0.4,0,0,0,0,0,92.6,0.04,0.005,0,0,0,0,0,0,0,0,0,0,0,0,0,0,0,0,0,0,0,0.014,0.011,0.004,0,0,0,0,0,0.926,4.5,0,2.9,0,4.5,7.4
"Taku River","Transboundary","TAK",2023,58.35,14571,2,0,1.1,0,0,0,0,0,0,0,0,0,0,0,0,0,0,0,0,0,0,0,0.8,0,0,0,0,0,0,96.1,0.02,0,0.011,0,0,0,0,0,0,0,0,0,0,0,0,0,0,0,0,0,0,0,0.008,0,0,0,0,0,0,0.961,3.1,0,0.8,0,3.1,3.9
"Taku River","Transboundary","TAK",2024,58.35,24518,0.2,0,0.3,0,0,0,0,0,0,0,0,0,0,0,0,0,0,0,0,0,0,0.9,0.5,0,0,0,0,0,0,98,0.002,0,0.003,0,0,0,0,0,0,0,0,0,0,0,0,0,0,0,0,0,0,0.009,0.005,0,0,0,0,0,0,0.98,0.5,0,1.4,0,0.5,1.9
"Unuk River","SEAK","UNU",1979,55.72,2783,,,,,,,,,,,,,,,,,,,,,,,,,,,,,,,,,,,,,,,,,,,,,,,,,,,,,,,,,,,,,0,0,0,,0,
"Unuk River","SEAK","UNU",1980,55.72,4909,,,,,,,,,,,,,,,,,,,,,,,,,,,,,,,,,,,,,,,,,,,,,,,,,,,,,,,,,,,,,0,0,0,,0,
"Unuk River","SEAK","UNU",1981,55.72,3532,,,,,,,,,,,,,,,,,,,,,,,,,,,,,,,,,,,,,,,,,,,,,,,,,,,,,,,,,,,,,0,0,0,,0,
"Unuk River","SEAK","UNU",1982,55.72,6528,,,,,,,,,,,,,,,,,,,,,,,,,,,,,,,,,,,,,,,,,,,,,,,,,,,,,,,,,,,,,0,0,0,,0,
"Unuk River","SEAK","UNU",1983,55.72,5436,,,,,,,,,,,,,,,,,,,,,,,,,,,,,,,,,,,,,,,,,,,,,,,,,,,,,,,,,,,,,0,0,0,,0,
"Unuk River","SEAK","UNU",1984,55.72,8876,,,,,,,,,,,,,,,,,,,,,,,,,,,,,,,,,,,,,,,,,,,,,,,,,,,,,,,,,,,,,0,0,0,,0,
"Unuk River","SEAK","UNU",1985,55.72,5721,26,32,36.2,1.1,0,0,0,0,1,0,0,0,0,0,0,0,0,0,0,0,0,0,0,0,0,0,0,0,3.7,0,0.26,0.32,0.362,0.011,0,0,0,0,0.01,0,0,0,0,0,0,0,0,0,0,0,0,0,0,0,0,0,0,0,0.037,0,95.3,1,0,3.7,96.3,100
"Unuk River","SEAK","UNU",1986,55.72,10273,10.7,2.4,3.7,0.6,0,0,0,0,1.1,0,0,0,0,0,0,0,0,0,0,0,0.3,0,0.1,0,0,0,0,0,0,81.2,0.107,0.024,0.037,0.006,0,0,0,0,0.011,0,0,0,0,0,0,0,0,0,0,0,0.003,0,0.001,0,0,0,0,0,0,0.812,17.4,1.1,0.4,0,18.5,18.9
"Unuk River","SEAK","UNU",1987,55.72,9533,10.2,0.4,0.6,0.1,0,0,0,0,0.7,0,0,0,0,0,0,0,0,0,0,0,0.9,0,2.6,0,0,0,0,0,0,84.4,0.102,0.004,0.006,0.001,0,0,0,0,0.007,0,0,0,0,0,0,0,0,0,0,0,0.009,0,0.026,0,0,0,0,0,0,0.844,11.3,0.7,3.5,0,12,15.5
"Unuk River","SEAK","UNU",1988,55.72,8437,6.9,0.8,1.2,0,0,0,0,0,0,0,0,0,0,0,0,0,0,0,0,0,0,0,0,0,0,0,0,0,0.7,90.3,0.069,0.008,0.012,0,0,0,0,0,0,0,0,0,0,0,0,0,0,0,0,0,0,0,0,0,0,0,0,0,0.007,0.903,8.9,0,0,0.7,8.9,9.6
"Unuk River","SEAK","UNU",1989,55.72,5552,15.9,2.6,0,2.3,0,0,0,0,0.6,0,0,0,0,0,0,0,0,0,0,0,0,0,0,0,0,0,0,0,0,78.6,0.159,0.026,0,0.023,0,0,0,0,0.006,0,0,0,0,0,0,0,0,0,0,0,0,0,0,0,0,0,0,0,0,0.786,20.8,0.6,0,0,21.4,21.4
"Unuk River","SEAK","UNU",1990,55.72,2856,27.5,0.6,11.4,2.5,0,0,0,0,0,0,0,0,0,0,0,0,0,0,0,0,0,0,0,0,0,0,0,0,0,58,0.275,0.006,0.114,0.025,0,0,0,0,0,0,0,0,0,0,0,0,0,0,0,0,0,0,0,0,0,0,0,0,0,0.58,42,0,0,0,42,42
"Unuk River","SEAK","UNU",1991,55.72,3165,23.5,6.1,0.1,0,0,0,0,0,0,0,0,0,0,0,0,0,0,0,0,0,0,0,0,0,0,0,0,0,0,70.3,0.235,0.061,0.001,0,0,0,0,0,0,0,0,0,0,0,0,0,0,0,0,0,0,0,0,0,0,0,0,0,0,0.703,29.7,0,0,0,29.7,29.7
"Unuk River","SEAK","UNU",1992,55.72,4223,15.9,0,24.1,0,2.6,0,0,0,0,0,0,0,0,0,0,0,0,0,0,0,0,0,0,0,0,0,0,0,0.7,56.7,0.159,0,0.241,0,0.026,0,0,0,0,0,0,0,0,0,0,0,0,0,0,0,0,0,0,0,0,0,0,0,0.007,0.567,42.6,0,0,0.7,42.6,43.3
"Unuk River","SEAK","UNU",1993,55.72,5160,,,,,,,,,,,,,,,,,,,,,,,,,,,,,,,,,,,,,,,,,,,,,,,,,,,,,,,,,,,,,0,0,0,,0,
"Unuk River","SEAK","UNU",1994,55.72,3435,,,,,,,,,,,,,,,,,,,,,,,,,,,,,,,,,,,,,,,,,,,,,,,,,,,,,,,,,,,,,0,0,0,,0,
"Unuk River","SEAK","UNU",1995,55.72,3730,23.5,15.9,5.7,0,0,0,0,0,0,0,0,0,0,0,0,0,0,0,0,0,0,55,0,0,0,0,0,0,0,0,0.235,0.159,0.057,0,0,0,0,0,0,0,0,0,0,0,0,0,0,0,0,0,0,0.55,0,0,0,0,0,0,0,0,45.1,0,55,0,45.1,100.1
"Unuk River","SEAK","UNU",1996,55.72,5639,13.8,10.8,3.4,0.8,3.1,0,0,0,0.5,0,0,0,0,0,0,0,0,0,0,0,0,0.5,0,0,0,0,0,0,0,67.1,0.138,0.108,0.034,0.008,0.031,0,0,0,0.005,0,0,0,0,0,0,0,0,0,0,0,0,0.005,0,0,0,0,0,0,0,0.671,31.9,0.5,0.5,0,32.4,32.9
"Unuk River","SEAK","UNU",1997,55.72,2970,12.4,7.1,2.3,0,0,0,0,0,0,0,0,0,0,0,0,0,0,0,0,0,0,0,0.4,0,0,0,0,0,0,77.8,0.124,0.071,0.023,0,0,0,0,0,0,0,0,0,0,0,0,0,0,0,0,0,0,0,0.004,0,0,0,0,0,0,0.778,21.8,0,0.4,0,21.8,22.2
"Unuk River","SEAK","UNU",1998,55.72,4132,9.3,2,0.6,0,0,0,0,0,0,0,0,0,0,0,0,0,0,0,0,0,0.3,0.5,1.1,0,0,0,0,0,0.6,85.6,0.093,0.02,0.006,0,0,0,0,0,0,0,0,0,0,0,0,0,0,0,0,0,0.003,0.005,0.011,0,0,0,0,0,0.006,0.856,11.9,0,1.9,0.6,11.9,14.4
"Unuk River","SEAK","UNU",1999,55.72,3914,8.3,0.7,6.3,0,1.2,0,0,0,0.9,0,0,0,0,0,0,0,0,0,0,0,0,0.3,5.2,0,0,0,0,0,0.5,76.6,0.083,0.007,0.063,0,0.012,0,0,0,0.009,0,0,0,0,0,0,0,0,0,0,0,0,0.003,0.052,0,0,0,0,0,0.005,0.766,16.5,0.9,5.5,0.5,17.4,23.4
"Unuk River","SEAK","UNU",2000,55.72,5872,10.7,2.4,2.4,0,2.1,0,0,0,0.8,0.4,0,0,0,0,0,0,0,0,0,0,0,0,4.6,0,0,0,0,0,0.3,76.3,0.107,0.024,0.024,0,0.021,0,0,0,0.008,0.004,0,0,0,0,0,0,0,0,0,0,0,0,0.046,0,0,0,0,0,0.003,0.763,17.6,1.2,4.6,0.3,18.8,23.7
"Unuk River","SEAK","UNU",2001,55.72,10541,7.9,0.5,8,0.2,0,0,0,0,0.6,0,0,0,0,0,0,0,0,0,0,0,0,0,2.7,0,0,0,0,0,1,79.2,0.079,0.005,0.08,0.002,0,0,0,0,0.006,0,0,0,0,0,0,0,0,0,0,0,0,0,0.027,0,0,0,0,0,0.01,0.792,16.6,0.6,2.7,1,17.2,20.9
"Unuk River","SEAK","UNU",2002,55.72,6988,8.6,0.6,5.9,1.2,0,0,0,0,0,0,0,0,0,0,0,0,0,0,0,0,0.1,0,1.7,0,0,0,0,0,0.7,81.2,0.086,0.006,0.059,0.012,0,0,0,0,0,0,0,0,0,0,0,0,0,0,0,0,0.001,0,0.017,0,0,0,0,0,0.007,0.812,16.3,0,1.8,0.7,16.3,18.8
"Unuk River","SEAK","UNU",2003,55.72,5546,10.3,0.1,6.7,1.8,0,0,0,0,0.4,0,0,0,0,0,0,0,0,0,0,0,0,0,3.9,0,0,0,0,0,0.3,76.5,0.103,0.001,0.067,0.018,0,0,0,0,0.004,0,0,0,0,0,0,0,0,0,0,0,0,0,0.039,0,0,0,0,0,0.003,0.765,18.9,0.4,3.9,0.3,19.3,23.5
"Unuk River","SEAK","UNU",2004,55.72,3963,6.8,15.5,4.6,0,0,0,0,0,0,0,0,0,0,0,0,0,0,0,0,0,0,0,0,0,0,0,0,0,0.7,72.5,0.068,0.155,0.046,0,0,0,0,0,0,0,0,0,0,0,0,0,0,0,0,0,0,0,0,0,0,0,0,0,0.007,0.725,26.9,0,0,0.7,26.9,27.6
"Unuk River","SEAK","UNU",2005,55.72,4742,20.8,2.3,10.7,0.3,0,0,0,0,0,1,0,0,0,0,0,0,0,0,0,0,0,0,3.4,0,0,0,0,0,0.1,61.4,0.208,0.023,0.107,0.003,0,0,0,0,0,0.01,0,0,0,0,0,0,0,0,0,0,0,0,0.034,0,0,0,0,0,0.001,0.614,34.1,1,3.4,0.1,35.1,38.6
"Unuk River","SEAK","UNU",2006,55.72,5645,11.2,6.9,4.6,0.8,0,0,0,0,0,0,0,0,0,0,0,0,0,0,0,0,0,0.3,4.9,0,0,0,0,0,0,71.3,0.112,0.069,0.046,0.008,0,0,0,0,0,0,0,0,0,0,0,0,0,0,0,0,0,0.003,0.049,0,0,0,0,0,0,0.713,23.5,0,5.2,0,23.5,28.7
"Unuk River","SEAK","UNU",2007,55.72,5668,16.6,6.5,4.9,0.4,0,0,0,0,1.3,0,0,0,0,0,0,0,0,0,0,0,0,0,0,0,0,0,0,0,0,70.4,0.166,0.065,0.049,0.004,0,0,0,0,0.013,0,0,0,0,0,0,0,0,0,0,0,0,0,0,0,0,0,0,0,0,0.704,28.4,1.3,0,0,29.7,29.7
"Unuk River","SEAK","UNU",2008,55.72,3104,14.2,3.8,1.8,0,3.9,0,0,0,0,0,0,0,0,0,0,0,0,0,0,0,0,0,0,0,0,0,0,0,1.6,74.7,0.142,0.038,0.018,0,0.039,0,0,0,0,0,0,0,0,0,0,0,0,0,0,0,0,0,0,0,0,0,0,0,0.016,0.747,23.7,0,0,1.6,23.7,25.3
"Unuk River","SEAK","UNU",2009,55.72,3157,12.4,1.5,10.9,0,0,0,0,0,0,0,0,0,0,0,0,0,0,0,0,0,0,0,7.6,0,0,0,0,0,0.2,67.3,0.124,0.015,0.109,0,0,0,0,0,0,0,0,0,0,0,0,0,0,0,0,0,0,0,0.076,0,0,0,0,0,0.002,0.673,24.8,0,7.6,0.2,24.8,32.6
"Unuk River","SEAK","UNU",2010,55.72,3835,16.8,1,12,0.7,0,0,0,0,0,0,0,0,0,0,0,0,0,0,0,0,0,0,1.2,0,0,0,0,0,3.9,64.4,0.168,0.01,0.12,0.007,0,0,0,0,0,0,0,0,0,0,0,0,0,0,0,0,0,0,0.012,0,0,0,0,0,0.039,0.644,30.5,0,1.2,3.9,30.5,35.6
"Unuk River","SEAK","UNU",2011,55.72,3195,19.5,4,2.6,0,0,0,0,0,0,0,0,0,0,0,0,0,0,0,0,0,0,0,6.8,0,0,0,0,0,0,67.1,0.195,0.04,0.026,0,0,0,0,0,0,0,0,0,0,0,0,0,0,0,0,0,0,0,0.068,0,0,0,0,0,0,0.671,26.1,0,6.8,0,26.1,32.9
"Unuk River","SEAK","UNU",2012,55.72,956,32,6.5,13.2,0,1.4,0,0,0,0,5.6,0,0,0,0,0,0,0,0,0,0,0,1.8,1.3,0,0,0,0,0,0.4,37.7,0.32,0.065,0.132,0,0.014,0,0,0,0,0.056,0,0,0,0,0,0,0,0,0,0,0,0.018,0.013,0,0,0,0,0,0.004,0.377,53.1,5.6,3.1,0.4,58.7,62.2
"Unuk River","SEAK","UNU",2013,55.72,1135,17,12.3,9.7,0,2,0,0,0,0,0,0,0,0,0,0,0,0,0,0,0,0,4.1,0,0,0,0,0,0,0,55,0.17,0.123,0.097,0,0.02,0,0,0,0,0,0,0,0,0,0,0,0,0,0,0,0,0.041,0,0,0,0,0,0,0,0.55,41,0,4.1,0,41,45.1
"Unuk River","SEAK","UNU",2014,55.72,1691,26.7,5.6,4.6,0,0,0,0,0,0,0,0,0,0,0,0,0,0,0,0,0,0,4.4,0,0,0,0,0,0,0,58.7,0.267,0.056,0.046,0,0,0,0,0,0,0,0,0,0,0,0,0,0,0,0,0,0,0.044,0,0,0,0,0,0,0,0.587,36.9,0,4.4,0,36.9,41.3
"Unuk River","SEAK","UNU",2015,55.72,2623,26.6,6.9,1.4,0,0,0,0,0,0,0,0,0,0,0,0,0,0,0,0,0,0.5,3.8,1.4,0,0,0,0,0,0,59.5,0.266,0.069,0.014,0,0,0,0,0,0,0,0,0,0,0,0,0,0,0,0,0,0.005,0.038,0.014,0,0,0,0,0,0,0.595,34.9,0,5.7,0,34.9,40.6
"Unuk River","SEAK","UNU",2016,55.72,1463,23,13.3,5.9,0,4.3,0,0,0,0,0,0,0,0,0,0,0,0,0,0,0,0,0,0,0,0,0,0,0,0,53.5,0.23,0.133,0.059,0,0.043,0,0,0,0,0,0,0,0,0,0,0,0,0,0,0,0,0,0,0,0,0,0,0,0,0.535,46.5,0,0,0,46.5,46.5
"Unuk River","SEAK","UNU",2017,55.72,1203,9,0,0,0,0,0,0,0,1.4,0,0,0,0,0,0,0,0,0,0,0,0,5.3,0,0,0,0,0,0,0,84.2,0.09,0,0,0,0,0,0,0,0.014,0,0,0,0,0,0,0,0,0,0,0,0,0.053,0,0,0,0,0,0,0,0.842,9,1.4,5.3,0,10.4,15.7
"Unuk River","SEAK","UNU",2018,55.72,1971,10.6,9.4,2.3,0,0,0,0,0,0,0,0,0,0,0,0,0,0,0,0,0,0.4,9.4,0,0,0,0,0,0,0,67.8,0.106,0.094,0.023,0,0,0,0,0,0,0,0,0,0,0,0,0,0,0,0,0,0.004,0.094,0,0,0,0,0,0,0,0.678,22.3,0,9.8,0,22.3,32.1
"Unuk River","SEAK","UNU",2019,55.72,3115,4.2,3.9,2.9,0,4.1,0,0,0,0,2.1,0,0,0,0,0,0,0,0,0,0,0.7,3.1,0,0,0,0,0,0,0,79,0.042,0.039,0.029,0,0.041,0,0,0,0,0.021,0,0,0,0,0,0,0,0,0,0,0.007,0.031,0,0,0,0,0,0,0,0.79,15.1,2.1,3.8,0,17.2,21
"Unuk River","SEAK","UNU",2020,55.72,1135,6.8,3.4,9.4,0,0,0,0,0,0,0,0,0,0,0,0,0,0,0,0,0,0.8,5.4,0,0,0,0,0,0,0,74.1,0.068,0.034,0.094,0,0,0,0,0,0,0,0,0,0,0,0,0,0,0,0,0,0.008,0.054,0,0,0,0,0,0,0,0.741,19.6,0,6.2,0,19.6,25.8
"Unuk River","SEAK","UNU",2021,55.72,2666,4,13.3,2.8,0,0,0,0,0,0,1.3,0,0,0,0,0,0,0,0,0,0,0.4,0.7,0,0,0,0,0,0,0,77.6,0.04,0.133,0.028,0,0,0,0,0,0,0.013,0,0,0,0,0,0,0,0,0,0,0.004,0.007,0,0,0,0,0,0,0,0.776,20.1,1.3,1.1,0,21.4,22.5
"Unuk River","SEAK","UNU",2022,55.72,1304,7.8,12.5,4.4,0,1,0,0,0,0,0,0,0,0,0,0,0,0,0,0,0,0,0.9,0,0,0,0,0,0,0,73.4,0.078,0.125,0.044,0,0.01,0,0,0,0,0,0,0,0,0,0,0,0,0,0,0,0,0.009,0,0,0,0,0,0,0,0.734,25.7,0,0.9,0,25.7,26.6
"Unuk River","SEAK","UNU",2023,55.72,2072,5.7,14.5,7.3,0,0,0,0,0,0,0,0,0,0,0,0,0,0,0,0,0,0.4,0.5,0,0,0,0,0,0,0,71.6,0.057,0.145,0.073,0,0,0,0,0,0,0,0,0,0,0,0,0,0,0,0,0,0.004,0.005,0,0,0,0,0,0,0,0.716,27.5,0,0.9,0,27.5,28.4
"Unuk River","SEAK","UNU",2024,55.72,1980,12.5,4.3,0,0,0.5,0,0,0,0,0,0,0,0,0,0,0,0,0,0,0,0,0,0,0,0,0,0,0,0,82.6,0.125,0.043,0,0,0.005,0,0,0,0,0,0,0,0,0,0,0,0,0,0,0,0,0,0,0,0,0,0,0,0,0.826,17.3,0,0,0,17.3,17.3
"Columbia River Upriver Bright","Columbia R.","URB",1979,46.55,28926,18.4,0.3,0.6,7.7,0,12.9,0,4,3.7,0.1,0.4,0.7,0.1,1.3,1.1,0.1,0.1,0.1,0,0.3,0,0,0,0,0,0,22.1,0.5,0,25.5,0.184,0.003,0.006,0.077,0,0.129,0,0.04,0.037,0.001,0.004,0.007,0.001,0.013,0.011,0.001,0.001,0.001,0,0.003,0,0,0,0,0,0,0.221,0.005,0,0.255,39.9,12,22.6,0,51.9,74.5
"Columbia River Upriver Bright","Columbia R.","URB",1980,46.55,27658,21.5,0.8,0.6,6.9,0,7.7,0,1.7,1.8,0.1,0.5,0.2,0.6,1,0.8,0.1,0.1,0,0,0.5,0,0,0,0,0,0,6.3,0.7,0,48.2,0.215,0.008,0.006,0.069,0,0.077,0,0.017,0.018,0.001,0.005,0.002,0.006,0.01,0.008,0.001,0.001,0,0,0.005,0,0,0,0,0,0,0.063,0.007,0,0.482,37.5,7.4,7,0,44.9,51.9
"Columbia River Upriver Bright","Columbia R.","URB",1981,46.55,19520,21.4,0.3,0.5,7.2,0,4.9,0.2,1.3,1.7,0,0.2,0.6,0.2,0.5,1.1,0.2,0,0,0.1,0.3,0,0,0,0,0,0,4.4,0,0.1,54.7,0.214,0.003,0.005,0.072,0,0.049,0.002,0.013,0.017,0,0.002,0.006,0.002,0.005,0.011,0.002,0,0,0.001,0.003,0,0,0,0,0,0,0.044,0,0.001,0.547,34.5,6.2,4.4,0.1,40.7,45.2
"Columbia River Upriver Bright","Columbia R.","URB",1982,46.55,28313,8.8,0.4,0.3,4.1,0,5.1,0,0.3,1.2,0,0,0.5,0.2,0.7,0.6,0,0,0,0,0,0,0,0,0,0,0,2.4,0,0.2,75.2,0.088,0.004,0.003,0.041,0,0.051,0,0.003,0.012,0,0,0.005,0.002,0.007,0.006,0,0,0,0,0,0,0,0,0,0,0,0.024,0,0.002,0.752,18.7,3.5,2.4,0.2,22.2,24.8
"Columbia River Upriver Bright","Columbia R.","URB",1983,46.55,45402,22.7,0.3,0,11.7,0,4,0,2.1,3.6,0.2,0,0.1,0.2,0.5,0,0,0,0,0,0,0,0,0,0,0,0,7.5,0,1.2,45.9,0.227,0.003,0,0.117,0,0.04,0,0.021,0.036,0.002,0,0.001,0.002,0.005,0,0,0,0,0,0,0,0,0,0,0,0,0.075,0,0.012,0.459,38.7,6.7,7.5,1.2,45.4,54.1
"Columbia River Upriver Bright","Columbia R.","URB",1984,46.55,53947,21.4,1,0.2,11,0.2,8.9,0,2.5,1.4,0,0,0.4,0.5,0,0,0.2,0,0,0,0.9,0,0,0,0,0,0,16.2,1,1.2,33,0.214,0.01,0.002,0.11,0.002,0.089,0,0.025,0.014,0,0,0.004,0.005,0,0,0.002,0,0,0,0.009,0,0,0,0,0,0,0.162,0.01,0.012,0.33,42.7,5.9,17.2,1.2,48.6,67
"Columbia River Upriver Bright","Columbia R.","URB",1985,46.55,80756,15.2,2.3,0.2,7.9,0,7.3,0.1,0.2,1.6,0,0,1.7,0.2,0.2,0.4,0.4,0.1,0,0,0.5,0,0,0,0,0,0,26.3,2.6,1,31.7,0.152,0.023,0.002,0.079,0,0.073,0.001,0.002,0.016,0,0,0.017,0.002,0.002,0.004,0.004,0.001,0,0,0.005,0,0,0,0,0,0,0.263,0.026,0.01,0.317,33,5.3,28.9,1,38.3,68.2
"Columbia River Upriver Bright","Columbia R.","URB",1986,46.55,92796,9.2,1.3,0.2,6.8,0,11.2,0.2,1.5,1.4,0,0,0.5,0.4,0.9,0.3,0.7,0.1,0,0.1,0.7,0,0,0,0,0,0,28.1,2.6,0.2,33.7,0.092,0.013,0.002,0.068,0,0.112,0.002,0.015,0.014,0,0,0.005,0.004,0.009,0.003,0.007,0.001,0,0.001,0.007,0,0,0,0,0,0,0.281,0.026,0.002,0.337,28.9,6.6,30.7,0.2,35.5,66.4
"Columbia River Upriver Bright","Columbia R.","URB",1987,46.55,125632,17.3,1.6,0.4,11.7,0,7.9,0.5,1.9,0.6,0,0,0,0.1,0.4,0.4,0.9,0.1,0.1,0,0.2,0,0,0,0,0,0,33.1,2.9,0,20,0.173,0.016,0.004,0.117,0,0.079,0.005,0.019,0.006,0,0,0,0.001,0.004,0.004,0.009,0.001,0.001,0,0.002,0,0,0,0,0,0,0.331,0.029,0,0.2,39.4,4.7,36,0,44.1,80.1
"Columbia River Upriver Bright","Columbia R.","URB",1988,46.55,97719,11.2,1.5,0.4,8.7,0,11.9,0,0.5,0.6,0,0,0,0,0.9,0.4,1.1,0.2,0,0.1,0.2,0,0,0,0,0,0,42.3,2.2,0,17.7,0.112,0.015,0.004,0.087,0,0.119,0,0.005,0.006,0,0,0,0,0.009,0.004,0.011,0.002,0,0.001,0.002,0,0,0,0,0,0,0.423,0.022,0,0.177,33.7,4,44.5,0,37.7,82.2
"Columbia River Upriver Bright","Columbia R.","URB",1989,46.55,82926,14.8,0,0.3,15.5,0.6,8,0,0.2,0.7,0,0,0.7,0,0.8,0.1,0.4,0.2,0,0,0,0,0,0,0,0,0,39.9,1.6,0.1,16.1,0.148,0,0.003,0.155,0.006,0.08,0,0.002,0.007,0,0,0.007,0,0.008,0.001,0.004,0.002,0,0,0,0,0,0,0,0,0,0.399,0.016,0.001,0.161,39.2,3.1,41.5,0.1,42.3,83.9
"Columbia River Upriver Bright","Columbia R.","URB",1990,46.55,48820,14,0,1.1,10.6,0,8.9,0,0.8,0.8,0,0,0,0,1.3,0.4,0,0,0,0,0.9,0,0,0,0,0,0,32.4,1.1,0,27.8,0.14,0,0.011,0.106,0,0.089,0,0.008,0.008,0,0,0,0,0.013,0.004,0,0,0,0,0.009,0,0,0,0,0,0,0.324,0.011,0,0.278,34.6,4.2,33.5,0,38.8,72.3
"Columbia River Upriver Bright","Columbia R.","URB",1991,46.55,40066,7.9,1.8,3.4,6.7,0,10.9,0,0,0,0,0,0,0,0.9,0,0,0,0,0,0,0,0,0,0,0,0,18.2,4,0,46.2,0.079,0.018,0.034,0.067,0,0.109,0,0,0,0,0,0,0,0.009,0,0,0,0,0,0,0,0,0,0,0,0,0.182,0.04,0,0.462,30.7,0.9,22.2,0,31.6,53.8
"Columbia River Upriver Bright","Columbia R.","URB",1992,46.55,41429,4,2.1,0,3.9,0,11.9,0,0,2.5,0,0,0.6,1.3,0,0.6,0,0,0,0,0,0,0,0,0,0,0,16,5.8,0,51.3,0.04,0.021,0,0.039,0,0.119,0,0,0.025,0,0,0.006,0.013,0,0.006,0,0,0,0,0,0,0,0,0,0,0,0.16,0.058,0,0.513,21.9,5,21.8,0,26.9,48.7
"Columbia River Upriver Bright","Columbia R.","URB",1993,46.55,42515,15.3,0,0,7.6,0.5,19.7,0,0,0.4,0,0,0,0,0.5,1.3,1,0,0,0,0.8,0,0,0,0,0,0,13.8,4,0,35.2,0.153,0,0,0.076,0.005,0.197,0,0,0.004,0,0,0,0,0.005,0.013,0.01,0,0,0,0.008,0,0,0,0,0,0,0.138,0.04,0,0.352,43.1,4,17.8,0,47.1,64.9
"Columbia River Upriver Bright","Columbia R.","URB",1994,46.55,66637,10.9,2.5,0,8.1,1.3,7.1,0.6,0.2,0.9,0,0,0,0,0,0,0,0,0,0,0,0,0,0,0,0,0,13.2,8.6,0,46.4,0.109,0.025,0,0.081,0.013,0.071,0.006,0.002,0.009,0,0,0,0,0,0,0,0,0,0,0,0,0,0,0,0,0,0.132,0.086,0,0.464,30.5,1.1,21.8,0,31.6,53.4
"Columbia River Upriver Bright","Columbia R.","URB",1995,46.55,50546,10.2,0.2,2.5,2.7,0,7,0,0,0.5,0,0,0,0,0.8,0.8,0,0,0,0,0,0,0,0,0,0,0,9.2,3.6,0,62.5,0.102,0.002,0.025,0.027,0,0.07,0,0,0.005,0,0,0,0,0.008,0.008,0,0,0,0,0,0,0,0,0,0,0,0.092,0.036,0,0.625,22.6,2.1,12.8,0,24.7,37.5
"Columbia River Upriver Bright","Columbia R.","URB",1996,46.55,53049,4.3,0,0,1.4,0,0.8,0,0,0.3,0.3,0,0,0,0.1,0,0.8,0,0,0,0.4,0,0,0,0,0.2,0,21.7,5,0,64.7,0.043,0,0,0.014,0,0.008,0,0,0.003,0.003,0,0,0,0.001,0,0.008,0,0,0,0.004,0,0,0,0,0.002,0,0.217,0.05,0,0.647,6.5,1.9,26.9,0,8.4,35.3
"Columbia River Upriver Bright","Columbia R.","URB",1997,46.55,50198,12.8,0.6,3.7,5.1,0,0.5,0.1,0.5,0,0.5,0,0,0.4,0,0,1,0,0,0,0,0,0,0,0,0,0,19.6,9.9,0,45.1,0.128,0.006,0.037,0.051,0,0.005,0.001,0.005,0,0.005,0,0,0.004,0,0,0.01,0,0,0,0,0,0,0,0,0,0,0.196,0.099,0,0.451,22.8,2.4,29.5,0,25.2,54.7
"Columbia River Upriver Bright","Columbia R.","URB",1998,46.55,41936,10.7,3.5,5.6,2.4,0.3,0.2,0,0,0,0,0,0,0,0,0,0,0,0,0,0,0,0,0,0,0,0,14.1,8.5,0.1,54.6,0.107,0.035,0.056,0.024,0.003,0.002,0,0,0,0,0,0,0,0,0,0,0,0,0,0,0,0,0,0,0,0,0.141,0.085,0.001,0.546,22.7,0,22.6,0.1,22.7,45.4
"Columbia River Upriver Bright","Columbia R.","URB",1999,46.55,43549,14.4,0,2.9,7.8,0.8,0,0,0,0,0,0,0,0.8,0.2,0,0.4,0.1,0,0,0,0,0,0,0,0,0,13.1,8,0.1,51.5,0.144,0,0.029,0.078,0.008,0,0,0,0,0,0,0,0.008,0.002,0,0.004,0.001,0,0,0,0,0,0,0,0,0,0.131,0.08,0.001,0.515,25.9,1.5,21.1,0.1,27.4,48.6
"Columbia River Upriver Bright","Columbia R.","URB",2000,46.55,49579,25.4,0.1,3.6,0,0,1.3,2.8,0,0,0,0,0,0,0,0.3,0.7,0,0,0,0,0,0,0,0,0,0,18.9,4.4,0.2,42.2,0.254,0.001,0.036,0,0,0.013,0.028,0,0,0,0,0,0,0,0.003,0.007,0,0,0,0,0,0,0,0,0,0,0.189,0.044,0.002,0.422,33.2,1,23.3,0.2,34.2,57.7
"Columbia River Upriver Bright","Columbia R.","URB",2001,46.55,84445,6.2,0,1.7,0,0,1.2,0.7,0,0,0.6,0,0,0,1.9,0.3,0.4,0.1,0,0,0,0,0,0,0,0,0,15.4,8,0,63.6,0.062,0,0.017,0,0,0.012,0.007,0,0,0.006,0,0,0,0.019,0.003,0.004,0.001,0,0,0,0,0,0,0,0,0,0.154,0.08,0,0.636,9.8,3.3,23.4,0,13.1,36.5
"Columbia River Upriver Bright","Columbia R.","URB",2002,46.55,116628,16.6,0,3.1,1.7,0.9,1.7,0,0,0,0,0,1.7,1.3,1.6,1,0.3,0.1,0,0,0,0,0,0,0,0,0,16.6,8.3,0.7,44.3,0.166,0,0.031,0.017,0.009,0.017,0,0,0,0,0,0.017,0.013,0.016,0.01,0.003,0.001,0,0,0,0,0,0,0,0,0,0.166,0.083,0.007,0.443,24,6,24.9,0.7,30,55.6
"Columbia River Upriver Bright","Columbia R.","URB",2003,46.55,160609,14.3,1.2,0.5,5.5,1.1,0.7,0.7,0,0,0.2,0,0,0,0.4,0.5,0.2,0,0,0,0,0,0,0,0,0,0,14.7,6.8,0.3,52.8,0.143,0.012,0.005,0.055,0.011,0.007,0.007,0,0,0.002,0,0,0,0.004,0.005,0.002,0,0,0,0,0,0,0,0,0,0,0.147,0.068,0.003,0.528,24,1.3,21.5,0.3,25.3,47.1
"Columbia River Upriver Bright","Columbia R.","URB",2004,46.55,147623,11.1,1.9,1,3.8,1.2,2.1,0,0,0,0.3,0,0,0.2,1,1.3,0,0.2,0,0,0.2,0,0,0,0,0,0,15.1,6.1,0,54.5,0.111,0.019,0.01,0.038,0.012,0.021,0,0,0,0.003,0,0,0.002,0.01,0.013,0,0.002,0,0,0.002,0,0,0,0,0,0,0.151,0.061,0,0.545,21.1,3.2,21.2,0,24.3,45.5
"Columbia River Upriver Bright","Columbia R.","URB",2005,46.55,110116,14.6,1.4,0.9,9.3,1.2,3.6,5.7,0,0,1,0,0,1.3,0.5,1.3,0.3,0,0,0,0,0,0,0,0,0,0,13,6.8,0,39.1,0.146,0.014,0.009,0.093,0.012,0.036,0.057,0,0,0.01,0,0,0.013,0.005,0.013,0.003,0,0,0,0,0,0,0,0,0,0,0.13,0.068,0,0.391,36.7,4.4,19.8,0,41.1,60.9
"Columbia River Upriver Bright","Columbia R.","URB",2006,46.55,75483,13.6,1.4,2,6.8,1.4,1.5,3.6,0,0,0,0,0,0.9,1,0.4,0.4,0,0,0,0.1,0,0,0,0,0,0,12.6,14.9,0.1,39.4,0.136,0.014,0.02,0.068,0.014,0.015,0.036,0,0,0,0,0,0.009,0.01,0.004,0.004,0,0,0,0.001,0,0,0,0,0,0,0.126,0.149,0.001,0.394,30.3,2.8,27.5,0.1,33.1,60.7
"Columbia River Upriver Bright","Columbia R.","URB",2007,46.55,44698,11.3,0.2,3.1,5.9,4.3,1.2,1.1,0,0,0,0,0,0,0.4,1.3,0,0,0,0,0,0,0,0,0,0,0,11.1,17.3,0,42.7,0.113,0.002,0.031,0.059,0.043,0.012,0.011,0,0,0,0,0,0,0.004,0.013,0,0,0,0,0,0,0,0,0,0,0,0.111,0.173,0,0.427,27.1,1.7,28.4,0,28.8,57.2
"Columbia River Upriver Bright","Columbia R.","URB",2008,46.55,72406,13.1,0.5,0,2.9,2.9,1.9,5.4,0,0,0,0,0,0,1.4,0.8,0,0,0,0,0,0,0,0,0,0,0,16.8,7.3,0,47.1,0.131,0.005,0,0.029,0.029,0.019,0.054,0,0,0,0,0,0,0.014,0.008,0,0,0,0,0,0,0,0,0,0,0,0.168,0.073,0,0.471,26.7,2.2,24.1,0,28.9,53
"Columbia River Upriver Bright","Columbia R.","URB",2009,46.55,83778,21.4,1.6,2.7,9,1.8,0.5,1.4,0,0,0,0,0,1.8,0.7,1.1,0,0,0,0,0.5,0,0,0,0,0,0,19.1,5.9,0,32.4,0.214,0.016,0.027,0.09,0.018,0.005,0.014,0,0,0,0,0,0.018,0.007,0.011,0,0,0,0,0.005,0,0,0,0,0,0,0.191,0.059,0,0.324,38.4,4.1,25,0,42.5,67.5
"Columbia River Upriver Bright","Columbia R.","URB",2010,46.55,164917,5,0.5,2.9,1.7,1.2,0.9,1.8,0,0,0,0,0,0,2.4,2,0,0.1,0,0,0,0,0,0,0,0,0,18.5,4.5,0,58.5,0.05,0.005,0.029,0.017,0.012,0.009,0.018,0,0,0,0,0,0,0.024,0.02,0,0.001,0,0,0,0,0,0,0,0,0,0.185,0.045,0,0.585,14,4.5,23,0,18.5,41.5
"Columbia River Upriver Bright","Columbia R.","URB",2011,46.55,128280,10.5,0.2,1.9,2.9,2.7,1.6,3.4,0,0,1.9,0,0,0.5,1.3,0.8,0.3,0.1,0,0,0,0,0,0,0,0,0,23.2,9.9,0,38.6,0.105,0.002,0.019,0.029,0.027,0.016,0.034,0,0,0.019,0,0,0.005,0.013,0.008,0.003,0.001,0,0,0,0,0,0,0,0,0,0.232,0.099,0,0.386,23.2,4.9,33.1,0,28.1,61.2
"Columbia River Upriver Bright","Columbia R.","URB",2012,46.55,128074,7.2,0.6,1.5,2.8,1.3,0.9,2.1,0,0,0.9,0,0,0.5,2,0.7,0.3,0.1,0.1,0,0,0,0,0,0,0,0,12.3,17,0,49.9,0.072,0.006,0.015,0.028,0.013,0.009,0.021,0,0,0.009,0,0,0.005,0.02,0.007,0.003,0.001,0.001,0,0,0,0,0,0,0,0,0.123,0.17,0,0.499,16.4,4.6,29.3,0,21,50.3
"Columbia River Upriver Bright","Columbia R.","URB",2013,46.55,365920,5.3,0,1.3,2.4,2,0.8,1.3,0,0,0.2,0,0,0.3,1.8,0.7,0.8,0.1,0,0,0.1,0,0,0,0,0,0,24.4,9.1,0,49.4,0.053,0,0.013,0.024,0.02,0.008,0.013,0,0,0.002,0,0,0.003,0.018,0.007,0.008,0.001,0,0,0.001,0,0,0,0,0,0,0.244,0.091,0,0.494,13.1,4,33.5,0,17.1,50.6
"Columbia River Upriver Bright","Columbia R.","URB",2014,46.55,297063,14.5,0.3,2.5,5.2,1.1,2.3,0.3,0,0,0.4,0,0,0.1,1.3,0.5,0.4,0.1,0,0,0,0,0,0,0,0,0,18.5,5.1,0,47.4,0.145,0.003,0.025,0.052,0.011,0.023,0.003,0,0,0.004,0,0,0.001,0.013,0.005,0.004,0.001,0,0,0,0,0,0,0,0,0,0.185,0.051,0,0.474,26.2,2.8,23.6,0,29,52.6
"Columbia River Upriver Bright","Columbia R.","URB",2015,46.55,383944,8.8,0.8,1.2,2.3,1.8,0.5,1.2,0,0,0.1,0,0,0.2,1.1,0.9,0.3,0,0,0,0,0,0,0,0,0,0,13.7,7.5,0,59.4,0.088,0.008,0.012,0.023,0.018,0.005,0.012,0,0,0.001,0,0,0.002,0.011,0.009,0.003,0,0,0,0,0,0,0,0,0,0,0.137,0.075,0,0.594,16.6,2.6,21.2,0,19.2,40.4
"Columbia River Upriver Bright","Columbia R.","URB",2016,46.55,186006,13,1.4,2.4,8.1,1.5,2,0.4,0,0,0.5,0,0,0.3,0.8,0.5,0.5,0.1,0,0,0,0,0,0,0,0,0,15.4,7.4,0,45.4,0.13,0.014,0.024,0.081,0.015,0.02,0.004,0,0,0.005,0,0,0.003,0.008,0.005,0.005,0.001,0,0,0,0,0,0,0,0,0,0.154,0.074,0,0.454,28.8,2.7,22.8,0,31.5,54.3
"Columbia River Upriver Bright","Columbia R.","URB",2017,46.55,124748,9.5,0.4,1.9,6.9,2.5,1.7,0.9,0,0,0.2,0,0,0.2,0.8,0.2,0.2,0,0,0,0,0,0,0,0,0,0,17.6,11.8,0,45.2,0.095,0.004,0.019,0.069,0.025,0.017,0.009,0,0,0.002,0,0,0.002,0.008,0.002,0.002,0,0,0,0,0,0,0,0,0,0,0.176,0.118,0,0.452,23.8,1.6,29.4,0,25.4,54.8
"Columbia River Upriver Bright","Columbia R.","URB",2018,46.55,73893,6,0,0.6,5.5,2.3,0.6,1,0,0,0.7,0,0,1.2,0.5,0.4,0.1,0,0,0,0,0,0,0,0,0,0,11.6,9.9,0,59.8,0.06,0,0.006,0.055,0.023,0.006,0.01,0,0,0.007,0,0,0.012,0.005,0.004,0.001,0,0,0,0,0,0,0,0,0,0,0.116,0.099,0,0.598,16,2.9,21.5,0,18.9,40.4
"Columbia River Upriver Bright","Columbia R.","URB",2019,46.55,94796,6.7,0.7,1.3,6.8,2.3,1.1,0.5,0,0,0.3,0,0,0.2,0.7,0.6,0,0.1,0,0,0.2,0,0,0,0,0,0,12.4,6.5,0.1,59.4,0.067,0.007,0.013,0.068,0.023,0.011,0.005,0,0,0.003,0,0,0.002,0.007,0.006,0,0.001,0,0,0.002,0,0,0,0,0,0,0.124,0.065,0.001,0.594,19.4,2.1,18.9,0.1,21.5,40.5
"Columbia River Upriver Bright","Columbia R.","URB",2020,46.55,125815,7.8,0.4,0.6,3,0.1,0.6,0.1,0,0,0,0,0,0,0.1,0.1,0.1,0.1,0,0,0,0,0,0,0,0,0,14.2,8.1,0.1,64.6,0.078,0.004,0.006,0.03,0.001,0.006,0.001,0,0,0,0,0,0,0.001,0.001,0.001,0.001,0,0,0,0,0,0,0,0,0,0.142,0.081,0.001,0.646,12.6,0.4,22.3,0.1,13,35.4
"Columbia River Upriver Bright","Columbia R.","URB",2021,46.55,117077,11.6,1.2,2.3,6.1,1.1,1.8,1,0,0,0.2,0,0,0.2,0.6,0.5,0.2,0.1,0,0,0,0,0,0,0,0,0,10.4,8.1,0.1,54.6,0.116,0.012,0.023,0.061,0.011,0.018,0.01,0,0,0.002,0,0,0.002,0.006,0.005,0.002,0.001,0,0,0,0,0,0,0,0,0,0.104,0.081,0.001,0.546,25.1,1.8,18.5,0.1,26.9,45.5
"Columbia River Upriver Bright","Columbia R.","URB",2022,46.55,95558,11.9,2.1,1.7,5.2,1,1,0.2,0,0,0.1,0,0,0.2,0.8,0.8,0.3,0.2,0,0,0,0,0,0,0,0,0,9.9,7.4,0,57.2,0.119,0.021,0.017,0.052,0.01,0.01,0.002,0,0,0.001,0,0,0.002,0.008,0.008,0.003,0.002,0,0,0,0,0,0,0,0,0,0.099,0.074,0,0.572,23.1,2.4,17.3,0,25.5,42.8
"Columbia River Upriver Bright","Columbia R.","URB",2023,46.55,103116,6.3,1.7,1.7,5,0.7,1.2,0.5,0,0,0.2,0,0,0.1,0.8,0.9,0,0,0,0,0.1,0,0,0,0,0,0,3.7,8,0,69.2,0.063,0.017,0.017,0.05,0.007,0.012,0.005,0,0,0.002,0,0,0.001,0.008,0.009,0,0,0,0,0.001,0,0,0,0,0,0,0.037,0.08,0,0.692,17.1,2.1,11.7,0,19.2,30.9
"Columbia River Upriver Bright","Columbia R.","URB",2024,46.55,101051,,,,,,,,,,,,,,,,,,,,,,,,,,,,,,,,,,,,,,,,,,,,,,,,,,,,,,,,,,,,,0,0,0,,0,
